seed,fraction,fluence_per_mm2_projection,epoch,image_path,finite_fraction,image_min,image_max,water_mean,water_std,water_rmse_vs_1,water_mae_vs_1,outside_mean,outside_std,outside_rmse_vs_0,phantom_rmse_vs_red_truth,phantom_mae_vs_red_truth,phantom_rmse_vs_rsp_truth,phantom_mae_vs_rsp_truth,aluminium_voxel_rmse_vs_red_truth,aluminium_voxel_rmse_vs_rsp_truth,aluminium_excess_red_recovery,aluminium_excess_rsp_recovery,insert_peak_mean,insert_contrast_mean,insert_cnr_median,insert_roi_cnr_median,insert_roi_red_recovery_mean,insert_roi_rsp_recovery_mean,insert_contrast_centroid_offset_mean_mm,insert_contrast_centroid_offset_max_mm,insert_peak_offset_mean_mm,insert_peak_offset_max_mm,aluminium_edge_10_90_median_mm,water_bias_fraction,phantom_rmse_ratio,aluminium_error_degradation_pp,edge_width_ratio,passed
20260730,0.25,225.0,0,/home/ltf/project/github/PCT/data/reconstruction_data/results0718_d1_air_tracker_full/stage7c/combined_0p2mm_1pct/seed_20260730/f025/analytic/recon_ddb_nohann.mhd,1.0,-0.23079322278499603,2.144233226776123,0.9942753314971924,0.028454583138227463,0.029024711777922447,0.023006726056337357,0.11233388632535934,0.1098632887005806,0.1571268418758702,0.09394133778575132,0.04320915415883064,0.07649835135210689,0.039750028401613235,0.5587170264802713,0.3603759201796868,0.6035280146570233,0.7244906491176591,2.104410533905029,1.108659372329712,40.364864175315276,32.9483622016144,0.6777041865696457,0.8135336340647796,0.06671429319128043,0.5377275217859712,0.4855194997503707,1.018479472620778,1.777565604684839,0.00547186924535592,1.3443602601823785,-1.9187077207899916,1.005564066233033,False
20260730,0.25,225.0,1,/home/ltf/project/github/PCT/data/reconstruction_data/results0718_d1_air_tracker_full/stage7c/combined_0p2mm_1pct/seed_20260730/f025/iterative/recon/epoch_01.mhd,1.0,0.0,2.1308445930480957,1.0029748678207397,0.02269764058291912,0.022891759408431366,0.01803017407655716,0.0,0.0,0.0,0.08335590269152938,0.03320077061653137,0.06347753565711105,0.02974282018840313,0.5513199452646202,0.3535268019031323,0.6095681243711539,0.7317413531467326,2.0917398738861084,1.0895482945442199,49.393624511503226,41.24825870211263,0.6785133875746634,0.8145050198808143,0.06144024221520768,0.5383084624880293,0.48354252629285044,1.018479472620778,1.7802784462274222,0.0032298789769009684,1.1155361500399146,-2.2590254058314496,1.007098713373716,False
20260730,0.25,225.0,2,/home/ltf/project/github/PCT/data/reconstruction_data/results0718_d1_air_tracker_full/stage7c/combined_0p2mm_1pct/seed_20260730/f025/iterative/recon/epoch_02.mhd,1.0,0.0,2.1147093772888184,1.0010435581207275,0.01812983676791191,0.018159840259585946,0.014095955528318882,0.0,0.0,0.0,0.08123706512319911,0.028493421152234077,0.06058247486631075,0.025035075843334198,0.5524363274995823,0.35436530061659277,0.608425409239235,0.7303696083269814,2.078590908050537,1.0779529047012328,61.455130788295726,51.87702718025072,0.6784199067479717,0.8143928030786148,0.059490938748057054,0.539055564150824,0.4845265523073736,1.018479472620778,1.7796268639831685,0.0012980782321625473,1.0646591754493127,-1.6312433349512045,1.0067301150562808,False
20260730,0.25,225.0,3,/home/ltf/project/github/PCT/data/reconstruction_data/results0718_d1_air_tracker_full/stage7c/combined_0p2mm_1pct/seed_20260730/f025/iterative/recon/epoch_03.mhd,1.0,0.0,2.103612184524536,1.0002543926239014,0.014219272881746292,0.014221548798983945,0.010836726054549217,0.0,0.0,0.0,0.0801924157662179,0.025003593415021896,0.059127341362011365,0.021545175462961197,0.5529605908557322,0.3547020918648441,0.6078209601572812,0.7296440120048419,2.069127655029297,1.0689374947547912,77.37855767623786,65.69552994455525,0.6780263046684334,0.8139203129620007,0.05806764477843765,0.5399269925412447,0.4552420800901593,0.9450975358471594,1.7756757641351517,0.0005087120862350414,1.0390870732815691,-1.1794313329102302,1.0044949885333592,False
20260730,0.25,225.0,4,/home/ltf/project/github/PCT/data/reconstruction_data/results0718_d1_air_tracker_full/stage7c/combined_0p2mm_1pct/seed_20260730/f025/iterative/recon/epoch_04.mhd,1.0,0.0,2.095675468444824,0.9998823404312134,0.011003343388438225,0.011003972012865763,0.008232195861637592,0.0,0.0,0.0,0.07961173645580433,0.022345341742038727,0.05829646863360764,0.01888686791062355,0.5534088291129116,0.35498880765045127,0.6073033210292551,0.7290226245981853,2.061562728881836,1.0615260219573974,98.4346632296078,84.5263130894893,0.6774994613050156,0.8132878765619929,0.05701782854551546,0.5408948567012165,0.4335101938820221,0.8451026917850863,1.7719365847690163,0.00013656529749805912,1.0244855523652034,-0.8182527381600968,1.0023797448552207,False
20260730,0.25,225.0,5,/home/ltf/project/github/PCT/data/reconstruction_data/results0718_d1_air_tracker_full/stage7c/combined_0p2mm_1pct/seed_20260730/f025/iterative/recon/epoch_05.mhd,1.0,0.0,2.0894150733947754,0.9996879696846008,0.00845008809119463,0.008455849203717525,0.006249622441828251,0.0,0.0,0.0,0.07929094514552851,0.02036336250603199,0.05781753173262772,0.01690482534468174,0.5538562595463012,0.35528604046255796,0.6068001145256143,0.7284185624873815,2.0553271770477295,1.0553264260292052,125.54390868444604,109.69407719580364,0.6768994939152043,0.8125676601893835,0.05623872169730257,0.5419426918233136,0.41437181456189903,0.7505815924773779,1.768509567717734,5.7854868806272997e-05,1.016068851541826,-0.5205435728577901,1.0004410905562993,True
20260730,0.2,180.0,0,/home/ltf/project/github/PCT/data/reconstruction_data/results0718_d1_air_tracker_full/stage8b/transition/seed_20260730/f0200/analytic/recon_ddb_nohann.mhd,1.0,-0.3140158951282501,2.1603429317474365,0.994280993938446,0.03269476071000099,0.03319118258391857,0.026044132187962532,0.11234733462333679,0.1125260666012764,0.15900955467895106,0.09554014743453279,0.046000320464372635,0.07844240524278578,0.04254145175218582,0.5593123806132192,0.36115128132452834,0.603319787996462,0.7242406884450641,2.1132298278808594,1.117406895160675,36.16997989199874,29.481638797225216,0.6776942557737898,0.8135217128805788,0.06792556162923699,0.540734123412164,0.4864866844828517,1.0560592116480354,1.776267124282439,0.005466205364399568,1.3785245101052583,-1.4976407939241154,1.0048295193730352,False
20260730,0.2,180.0,1,/home/ltf/project/github/PCT/data/reconstruction_data/results0718_d1_air_tracker_full/stage8b/transition/seed_20260730/f0200/iterative/recon/epoch_01.mhd,1.0,0.0,2.145296335220337,1.0029758214950562,0.02693309634923935,0.027097000670843856,0.021086273714900017,0.0,0.0,0.0,0.08484308119133278,0.036161914467811584,0.06540450778686369,0.03270445391535759,0.5519007661549664,0.3542770494908746,0.609352954547869,0.7314830577219033,2.099258852005005,1.0970052862167359,43.19201323218436,35.91831873780371,0.6785040318597473,0.8144937890386476,0.062776039275238,0.5411755015388973,0.4858172333054147,1.0560592116480354,1.7929753407960238,0.003230832893693636,1.1494002099566398,-2.1646687775115803,1.0142813123716294,False
20260730,0.2,180.0,2,/home/ltf/project/github/PCT/data/reconstruction_data/results0718_d1_air_tracker_full/stage8b/transition/seed_20260730/f0200/iterative/recon/epoch_02.mhd,1.0,0.0,2.1292998790740967,1.0010459423065186,0.02227068319916725,0.02229523352714789,0.017033515498042107,0.0,0.0,0.0,0.08248571606508681,0.031371425837278366,0.06223236164825546,0.02791314199566841,0.5529973337997516,0.3550836895193849,0.6082086149013719,0.7301093627928072,2.085035591125488,1.0843419814109803,52.23024678445954,44.145832937405224,0.6784142216113987,0.814385978493629,0.06079701240163051,0.5418536495381707,0.49853440084916995,1.1184738045787608,1.790269620709823,0.001300463024144216,1.0936538163042173,-1.9389372279579487,1.0127506938196067,False
20260730,0.2,180.0,3,/home/ltf/project/github/PCT/data/reconstruction_data/results0718_d1_air_tracker_full/stage8b/transition/seed_20260730/f0200/iterative/recon/epoch_03.mhd,1.0,0.0,2.1162288188934326,1.0002567768096924,0.018227921798825264,0.018229730006642395,0.013586512766778469,0.0,0.0,0.0,0.08121595467767075,0.027729135006666183,0.060493238403264815,0.02427058108150959,0.5535073557889639,0.3553970400102506,0.6076023192489164,0.7293815497996451,2.074600477218628,1.074367938041687,63.86026810869561,54.87198477872896,0.6780294942377191,0.8139241418034681,0.0593730148182242,0.5426769715134885,0.4855817280121751,1.0560592116480354,1.7872410579189648,0.0005110968782167102,1.063090959238665,-1.4407248589975108,1.011037444020673,False
20260730,0.2,180.0,4,/home/ltf/project/github/PCT/data/reconstruction_data/results0718_d1_air_tracker_full/stage8b/transition/seed_20260730/f0200/iterative/recon/epoch_04.mhd,1.0,0.0,2.106497287750244,0.9998835921287537,0.014818277209997177,0.014818732939906744,0.01071218866854906,0.0,0.0,0.0,0.08043740753069158,0.024832820519804955,0.05940362330126863,0.02137419953942299,0.5539447481172317,0.3556654934573424,0.6070827774388805,0.7287578783642594,2.066233673095703,1.0661725449562072,79.28628881495413,68.82845903485423,0.6775158954853246,0.8133076045770983,0.05830672932056261,0.5436084603239487,0.45321100786116353,1.018479472620778,1.7843604752154523,0.00013781731328843527,1.0439423734701183,-1.0412615335449682,1.009407906157862,False
20260730,0.2,180.0,5,/home/ltf/project/github/PCT/data/reconstruction_data/results0718_d1_air_tracker_full/stage8b/transition/seed_20260730/f0200/iterative/recon/epoch_05.mhd,1.0,0.0,2.0979294776916504,0.9996873736381531,0.0120047302916646,0.012008797832443893,0.008387217298150063,0.0,0.0,0.0,0.07995024858686521,0.022536829113960266,0.0587026586642394,0.019078142940998077,0.5543836621469748,0.35594807513989524,0.606577696129997,0.7281515656887192,2.0593113708496094,1.059305992126465,100.34729284420102,87.36712614357793,0.6769311002926495,0.8126056013023529,0.05749734740239845,0.5446332758684856,0.4252220641997601,0.9251431957042523,1.781527590780349,5.845106680169021e-05,1.0316238203881334,-0.7107642690714733,1.0078053510767877,False
20260730,0.175,157.5,0,/home/ltf/project/github/PCT/data/reconstruction_data/results0718_d1_air_tracker_full/stage8b/transition/seed_20260730/f0175/analytic/recon_ddb_nohann.mhd,1.0,-0.38597437739372253,2.1858255863189697,0.9942770600318909,0.03723730146884918,0.03767451790266484,0.028813041746616364,0.1123419776558876,0.11679203063249588,0.1620527623453821,0.09735343114606478,0.04852466657757759,0.08065399224650957,0.04506657272577286,0.5592378989772443,0.36121291022845914,0.6035236863419207,0.7244854532961859,2.120638427734375,1.1248448705673217,32.89675836247686,25.858115339779197,0.678023249994677,0.8139166460526155,0.0684456481633481,0.536775272772475,0.51550715281972,1.0560592116480354,1.7682959301318877,0.00547014027116921,1.4173903108341805,-1.1439258161437982,1.0003202363504362,False
20260730,0.175,157.5,1,/home/ltf/project/github/PCT/data/reconstruction_data/results0718_d1_air_tracker_full/stage8b/transition/seed_20260730/f0175/iterative/recon/epoch_01.mhd,1.0,0.0,2.17016339302063,1.0029791593551636,0.03156324848532677,0.03170352746719372,0.023959698155522346,0.0,0.0,0.0,0.08657879944707059,0.038940221071243286,0.06765560879491887,0.03548339381814003,0.5518308172924499,0.3543404386610603,0.6095472238341992,0.731716263601231,2.1062287044525148,1.1040039658546448,38.56962280342537,30.926289339630845,0.6788210416778425,0.8148743358236022,0.06320811012520099,0.5374546189193591,0.5455942477869435,1.1970592812474854,1.7734646442931024,0.0032341716024679723,1.1889604185545541,-1.8319012840110505,1.003244164004892,False
20260730,0.175,157.5,2,/home/ltf/project/github/PCT/data/reconstruction_data/results0718_d1_air_tracker_full/stage8b/transition/seed_20260730/f0175/iterative/recon/epoch_02.mhd,1.0,0.0,2.1510207653045654,1.0010488033294678,0.026929043233394623,0.026949456911886632,0.01982998661696911,0.0,0.0,0.0,0.0840056580176293,0.034124359488487244,0.0642481343537445,0.03066650591790676,0.5529230248851937,0.35513190476287426,0.6083932021520495,0.7303309461059502,2.0913119888305665,1.090652940273285,45.38044011315751,37.129096668405104,0.6787233169668092,0.814757024552873,0.061164239107625674,0.5382835196915723,0.5475643535889616,1.1549416932963295,1.7717821467153392,0.0013033247745222187,1.1290784322720377,-2.2385965318328482,1.00229237966497,False
20260730,0.175,157.5,3,/home/ltf/project/github/PCT/data/reconstruction_data/results0718_d1_air_tracker_full/stage8b/transition/seed_20260730/f0175/iterative/recon/epoch_03.mhd,1.0,0.0,2.1372246742248535,1.0002589225769043,0.022894566878676414,0.02289603028782202,0.01626879908144474,0.0,0.0,0.0,0.08252085831323186,0.030402733013033867,0.062248831266339934,0.02694450132548809,0.5534284509155654,0.35543153536327216,0.6077792676922976,0.7295939632908043,2.080373468399048,1.0801820349693299,53.754718592927475,44.91658689207028,0.6783339161730245,0.8142895777683418,0.0597206616412273,0.5392483292165698,0.5122866415410564,1.018479472620778,1.768050865121833,0.0005132431910002122,1.0939432486862466,-1.7163496042237103,1.0001816037354978,False
20260730,0.175,157.5,4,/home/ltf/project/github/PCT/data/reconstruction_data/results0718_d1_air_tracker_full/stage8b/transition/seed_20260730/f0175/iterative/recon/epoch_04.mhd,1.0,0.0,2.12565016746521,0.999885082244873,0.019453343003988266,0.01945368271134716,0.013232356868684292,0.0,0.0,0.0,0.08154268482576267,0.0273669995367527,0.06090635031309093,0.023908574134111404,0.553862214126137,0.35568868023488853,0.6072531232359021,0.7289623658678408,2.0716376304626465,1.0716252970695495,64.0380600729922,54.74971133575147,0.6778178520273425,0.8136700810201036,0.05865307538317111,0.5402788921949154,0.4967771513231648,1.018479472620778,1.7641478120800445,0.0001393078082769783,1.0703508703970377,-1.2992671888331309,0.9979736571612164,False
20260730,0.175,157.5,5,/home/ltf/project/github/PCT/data/reconstruction_data/results0718_d1_air_tracker_full/stage8b/transition/seed_20260730/f0175/iterative/recon/epoch_05.mhd,1.0,0.0,2.114941120147705,0.9996879696846008,0.016558358445763588,0.016561299936449142,0.010701442137360573,0.0,0.0,0.0,0.0808759550188505,0.024881334975361824,0.05997152582014624,0.02142278477549553,0.5542982045183806,0.3559617483604841,0.6067422287107828,0.7283490748570751,2.064253921508789,1.0643072128295898,77.76656642665617,65.98293947428675,0.6772332094796082,0.8129682609842931,0.057832864956037434,0.5413626600566541,0.4428244611402499,0.9184863748422618,1.7622950776475397,5.7854868806272997e-05,1.0539225307485731,-0.9467405980886578,0.9969255702919109,False
20260730,0.15,135.0,0,/home/ltf/project/github/PCT/data/reconstruction_data/results0718_d1_air_tracker_full/stage8b/transition/seed_20260730/f0150/analytic/recon_ddb_nohann.mhd,1.0,-0.5367550253868103,2.2225265502929688,0.9942455291748047,0.046581774950027466,0.046935860332903104,0.034292057156562805,0.1122661828994751,0.12731418013572693,0.16974272975017132,0.10192793694878165,0.05367107316851616,0.0861017000186832,0.050216346979141235,0.560345663610821,0.36265709332017776,0.6031817146313301,0.724074941603988,2.138890628814697,1.143063988685608,29.293539723611843,23.05171677803678,0.677571534566235,0.8133743951689025,0.07016023250112885,0.5372120285011333,0.5525628773871366,1.0560592116480354,1.7256401982255036,0.00550167914512667,1.5131267771573231,-0.2724957177151266,0.9761900039073221,False
20260730,0.15,135.0,1,/home/ltf/project/github/PCT/data/reconstruction_data/results0718_d1_air_tracker_full/stage8b/transition/seed_20260730/f0150/iterative/recon/epoch_01.mhd,1.0,0.0,2.228627920150757,1.0029783248901367,0.041015662252902985,0.04112365687911168,0.029744978994131088,0.0,0.0,0.0,0.09106213844072583,0.04469297081232071,0.0732858958901149,0.04124155268073082,0.5528289148288529,0.3556443487291779,0.6092376468813339,0.7313446394146376,2.1230831146240234,1.1208062744140626,33.3903078847948,26.80937446803157,0.6783995517226141,0.8143683683797025,0.06518830412023646,0.5376706616314004,0.573675663669804,1.1184738045787608,1.7351803956314824,0.003233336925274388,1.2879054819502342,-1.027207085756232,0.9815868678379351,False
20260730,0.15,135.0,2,/home/ltf/project/github/PCT/data/reconstruction_data/results0718_d1_air_tracker_full/stage8b/transition/seed_20260730/f0150/iterative/recon/epoch_02.mhd,1.0,0.0,2.2096073627471924,1.0010453462600708,0.03639671951532364,0.03641172499309317,0.02547113597393036,0.0,0.0,0.0,0.0880780981787343,0.039844777435064316,0.06946836441371002,0.03639117628335953,0.5538462340873623,0.3563293514218401,0.6080951180983439,0.7299731182929636,2.1069382095336913,1.106229124069214,38.247155268552454,31.265617190050094,0.6783254621282236,0.8142794293143026,0.06303461045166198,0.5384251414631435,0.5687938776560729,1.1549416932963295,1.7367399325235933,0.001299866826148799,1.2208172700062687,-1.7980267896416047,0.9824690936497635,False
20260730,0.15,135.0,3,/home/ltf/project/github/PCT/data/reconstruction_data/results0718_d1_air_tracker_full/stage8b/transition/seed_20260730/f0150/iterative/recon/epoch_03.mhd,1.0,0.0,2.186295986175537,1.00025475025177,0.03233788162469864,0.03233888650991017,0.021738311275839806,0.0,0.0,0.0,0.08616878809534886,0.03601209074258804,0.06698979606399312,0.03255680575966835,0.5542869102520477,0.35653874957200987,0.6074927922953084,0.7292500708097917,2.0945463752746583,1.0943085408210755,44.32413708163156,36.70409935597831,0.6779580404309685,0.8138383668057249,0.06149000777142374,0.5393291524165639,0.5596853274809774,1.1549416932963295,1.73657197527249,0.0005090698050322917,1.1772596150684744,-2.3896604945596867,0.9823740806860071,False
20260730,0.15,135.0,4,/home/ltf/project/github/PCT/data/reconstruction_data/results0718_d1_air_tracker_full/stage8b/transition/seed_20260730/f0150/iterative/recon/epoch_04.mhd,1.0,0.0,2.163804292678833,0.9998803734779358,0.028804095461964607,0.028804345033207883,0.018493101000785828,0.0,0.0,0.0,0.08478157540607774,0.03279726952314377,0.06515937998961982,0.029340693727135658,0.5546645771638669,0.35671815140644186,0.6069774647965293,0.728631458342712,2.0842742919921875,1.0842235636711122,50.88652274471996,43.04049091706034,0.6774639926555805,0.813245299077831,0.060336127776949994,0.5403118662723643,0.5477366150822703,1.0761920834921155,1.7416671299449522,0.00013459784411318232,1.1450924037953818,-1.902589886848438,0.9852563959361583,False
20260730,0.15,135.0,5,/home/ltf/project/github/PCT/data/reconstruction_data/results0718_d1_air_tracker_full/stage8b/transition/seed_20260730/f0150/iterative/recon/epoch_05.mhd,1.0,0.0,2.145146608352661,0.9996826648712158,0.025733036920428276,0.025734994929462678,0.01570146530866623,0.0,0.0,0.0,0.08373091564959494,0.03006879799067974,0.06375012266455524,0.026611100882291794,0.5550521893270915,0.3569241604369931,0.6064761364609164,0.7280296508334191,2.075587520599365,1.075614938735962,60.143229792738914,50.54459964903157,0.676902321396491,0.8125710543710514,0.05946034933104362,0.5413607480392102,0.5179511775968773,0.9281381995955986,1.7390999934904168,6.316103096537518e-05,1.1203265165481193,-1.4878500964767505,0.9838041737706336,False
20260730,0.125,112.5,0,/home/ltf/project/github/PCT/data/reconstruction_data/results0718_d1_air_tracker_full/stage8b/transition/seed_20260730/f0125/analytic/recon_ddb_nohann.mhd,1.0,-0.7377698421478271,2.309330701828003,0.9941750764846802,0.0700996145606041,0.07034120356323594,0.04950422793626785,0.1120123565196991,0.1557532548904419,0.19184849852351268,0.11652252824192827,0.06842342764139175,0.10292842951338141,0.06498336791992188,0.5639207397324149,0.36753711080284984,0.6024593036183139,0.7232077407267473,2.161938495635986,1.16601411819458,20.902405517002695,15.82105940167311,0.6763806058381181,0.811944773520848,0.07062871460977305,0.5370401537845542,0.6318403254589243,1.184295732785554,1.7764842295307113,0.0055721497481844295,1.8088349334990215,0.8278978602572762,1.004952335226176,False
20260730,0.125,112.5,1,/home/ltf/project/github/PCT/data/reconstruction_data/results0718_d1_air_tracker_full/stage8b/transition/seed_20260730/f0125/iterative/recon/epoch_01.mhd,1.0,0.0,2.2771027088165283,1.0030004978179932,0.06445702165365219,0.06452681540555025,0.045435577630996704,0.0,0.0,0.0,0.10567485885427669,0.06071985885500908,0.09077118739991005,0.05728626623749733,0.556010702742383,0.3600362764183955,0.6086399473153883,0.7306271453862032,2.144855661392212,1.1424219918251037,22.79660288646001,17.539470990101528,0.6773207052046689,0.8130732931156927,0.06619690873077469,0.537705719375356,0.5957355472156822,1.1184738045787608,1.7832127957206776,0.0032555154907039086,1.595187019761121,0.012297820515083657,1.0087586669644075,False
20260730,0.125,112.5,2,/home/ltf/project/github/PCT/data/reconstruction_data/results0718_d1_air_tracker_full/stage8b/transition/seed_20260730/f0125/iterative/recon/epoch_02.mhd,1.0,0.0,2.2503299713134766,1.0010647773742676,0.05960674583911896,0.05961625747857369,0.04090411588549614,0.0,0.0,0.0,0.10180329901452037,0.05585985258221626,0.08617558890519922,0.052421607077121735,0.5567723881072508,0.3603691480139034,0.6075489794380099,0.7293175193101086,2.12841365814209,1.1275588846206666,24.897874358614295,19.35832248451632,0.6773384883402684,0.813094640451619,0.06412015088444524,0.5382948623368508,0.5696642948411779,1.0031869051940827,1.7875154051414643,0.001319302880799178,1.5144252794249609,-0.7727064892427027,1.0111926415041805,False
20260730,0.125,112.5,3,/home/ltf/project/github/PCT/data/reconstruction_data/results0718_d1_air_tracker_full/stage8b/transition/seed_20260730/f0125/iterative/recon/epoch_03.mhd,1.0,0.0,2.232752799987793,1.0002720355987549,0.055234115570783615,0.05523478308365371,0.03689492866396904,0.0,0.0,0.0,0.0989260030201693,0.05185047909617424,0.08272580163298028,0.04840844124555588,0.557004854596833,0.3602931109657358,0.6069896442065028,0.7286460788216679,2.115863790512085,1.1154878950119018,27.19184852042439,21.314397550627504,0.6770501633464495,0.8127485276716456,0.0626982074104577,0.5388674762458556,0.56881729225303,0.9281381995955986,1.781141249772415,0.0005263595468993909,1.4537996994891604,-1.371885313536536,1.0075867990110485,False
20260730,0.125,112.5,4,/home/ltf/project/github/PCT/data/reconstruction_data/results0718_d1_air_tracker_full/stage8b/transition/seed_20260730/f0125/iterative/recon/epoch_04.mhd,1.0,0.0,2.21819806098938,0.9998956918716431,0.05127877742052078,0.05127888539030215,0.0333121195435524,0.0,0.0,0.0,0.09656344457100041,0.048339106142520905,0.07985800391392678,0.04489430785179138,0.5572046549905592,0.3602274483462973,0.6065095423882979,0.7280697521732497,2.1052165031433105,1.1050378775596619,29.71270109247746,23.472899846340734,0.6766278995168702,0.8122416312489591,0.061674878528171544,0.5394440770855482,0.5547789145546734,0.9281381995955986,1.7833551870575746,0.0001499201325954047,1.403401838364131,-1.8802276575058174,1.0088392173594811,False
20260730,0.125,112.5,5,/home/ltf/project/github/PCT/data/reconstruction_data/results0718_d1_air_tracker_full/stage8b/transition/seed_20260730/f0125/iterative/recon/epoch_05.mhd,1.0,0.0,2.20479154586792,0.9996950030326843,0.04767722263932228,0.04767819415783714,0.030108723789453506,0.0,0.0,0.0,0.09455567151085101,0.04521838575601578,0.07739020095391325,0.041771356016397476,0.557437298183731,0.3602185373400841,0.6060371870913804,0.7275027246494778,2.095953607559204,1.0958688402175902,32.46219412445321,25.833691666621203,0.6761344640961865,0.8116492986074906,0.06092686926469265,0.5400664620177269,0.5531831065054464,0.9281381995955986,1.7844626361632339,5.0819732460349876e-05,1.3600333713218504,-2.322473826889482,1.0094656983303651,False
20260730,0.1,90.0,0,/home/ltf/project/github/PCT/data/reconstruction_data/results0718_d1_air_tracker_full/stage7c/combined_0p2mm_1pct/seed_20260730/f010/analytic/recon_ddb_nohann.mhd,1.0,-1.1566314697265625,2.525515556335449,0.9937631487846375,0.13035336136817932,0.13050248397993006,0.09616435319185257,0.11121874302625656,0.22617486119270325,0.2520410229167328,0.16355225309046673,0.11356990039348602,0.15411490375326856,0.11022213846445084,0.5743619520175813,0.3821875792247782,0.6008096559018222,0.7212274609122045,2.273794870376587,1.2784282612800597,11.995129808531614,8.431382537699212,0.674687090092636,0.8099118334179667,0.07399474547136915,0.5390893273370833,0.7406010330981673,1.3253185787322341,1.776912463626504,0.005984182182814712,2.708371467433201,6.168350292329472,1.0051945860986782,False
20260730,0.1,90.0,1,/home/ltf/project/github/PCT/data/reconstruction_data/results0718_d1_air_tracker_full/stage7c/combined_0p2mm_1pct/seed_20260730/f010/iterative/recon/epoch_01.mhd,1.0,0.0,2.496992588043213,1.003008246421814,0.12389983236789703,0.12393634950714967,0.0916418731212616,0.0,0.0,0.0,0.15285604219474527,0.10658059269189835,0.1429204365787111,0.10324336588382721,0.5654333354610032,0.37352588502899364,0.6074109339885159,0.7291518059796869,2.2513781070709227,1.2491695022583007,12.542424230910852,8.933603050512735,0.6758226282316068,0.811274962770158,0.06948732472641175,0.5396299873663654,0.7501534228622856,1.3253185787322341,1.7868568385221395,0.0032632660646441103,2.5116430865283403,5.098088017224045,1.0108200921446135,False
20260730,0.1,90.0,2,/home/ltf/project/github/PCT/data/reconstruction_data/results0718_d1_air_tracker_full/stage7c/combined_0p2mm_1pct/seed_20260730/f010/iterative/recon/epoch_02.mhd,1.0,0.0,2.463057041168213,1.0010737180709839,0.11813317984342575,0.11813805872990654,0.08660111576318741,0.0,0.0,0.0,0.1474191245807075,0.10141371190547943,0.13705791929078462,0.0980633869767189,0.5654991277066774,0.3729021305410914,0.6064448379983225,0.7279920793488645,2.2267442607879637,1.2261241030693055,13.17843146436585,9.445941906487223,0.6759990378597242,0.811486729450504,0.06736688972880234,0.5402148455257828,0.7506001528043312,1.3253185787322341,1.7933728860309404,0.0013282458507304362,2.4086168758032973,3.921973695637959,1.0145062026383407,False
20260730,0.1,90.0,3,/home/ltf/project/github/PCT/data/reconstruction_data/results0718_d1_air_tracker_full/stage7c/combined_0p2mm_1pct/seed_20260730/f010/iterative/recon/epoch_03.mhd,1.0,0.0,2.437312364578247,1.0002816915512085,0.11279547959566116,0.11279583243911183,0.08204720914363861,0.0,0.0,0.0,0.14280816791682086,0.09691665321588516,0.13207024682077403,0.09355495125055313,0.5651165617601177,0.3719841486433075,0.6059993321719103,0.7274572826243966,2.208082103729248,1.2079441356658935,13.871814704216815,10.011016086201273,0.6758472537654234,0.8113045238978797,0.0659931803346409,0.5408697485120785,0.7554807910945617,1.3253185787322341,1.798008206391766,0.0005360179544251498,2.3209649389840963,3.0309707261330088,1.0171283908591524,False
20260730,0.1,90.0,4,/home/ltf/project/github/PCT/data/reconstruction_data/results0718_d1_air_tracker_full/stage7c/combined_0p2mm_1pct/seed_20260730/f010/iterative/recon/epoch_04.mhd,1.0,0.0,2.416288375854492,0.9999051690101624,0.10780806839466095,0.10780810897331279,0.07782280445098877,0.0,0.0,0.0,0.13866059471556005,0.09278786182403564,0.12756030521864326,0.08941581100225449,0.5647656159638601,0.37116126131463173,0.6056190882780464,0.7270008280128489,2.1923152160644532,1.1923826456069946,14.598270858474214,10.60059188168848,0.6755476010970461,0.8109448130843815,0.06501945043161479,0.5415659656886013,0.7391855337862353,1.3253185787322341,1.801065270222128,0.00015939968072231636,2.2417085085057304,2.2781990242882966,1.01885776361923,False
20260730,0.1,90.0,5,/home/ltf/project/github/PCT/data/reconstruction_data/results0718_d1_air_tracker_full/stage7c/combined_0p2mm_1pct/seed_20260730/f010/iterative/recon/epoch_05.mhd,1.0,0.0,2.397496223449707,0.9997038841247559,0.10311025381088257,0.10311068183789418,0.07385718077421188,0.0,0.0,0.0,0.13485030098705794,0.08892618119716644,0.12339333935679685,0.085544653236866,0.564502889018912,0.3704670041950849,0.6052330213345116,0.7265373832617659,2.178710594177246,1.1788868951797484,15.369027770708133,11.220323987936155,0.6751668371670031,0.8104877342144744,0.06429670046832087,0.5422831526062758,0.7345471913436298,1.3253185787322341,1.7971481510235603,4.1936382328744415e-05,2.168479436098425,1.6286621855212013,1.016641859858013,False
