run_id,status
0,reused
1,reused
2,reused
3,reused
4,reused
5,reused
6,reused
7,reused
8,reused
9,reused
10,reused
11,reused
12,reused
13,reused
14,reused
15,reused
16,reused
17,reused
18,reused
19,reused
20,reused
21,reused
22,reused
23,reused
24,reused
25,reused
26,reused
27,reused
28,reused
29,reused
30,reused
31,reused
32,reused
33,reused
34,reused
35,reused
36,reused
37,reused
38,reused
39,reused
40,reused
41,reused
42,reused
43,reused
44,reused
45,reused
46,reused
47,reused
48,reused
49,reused
50,reused
51,reused
52,reused
53,reused
54,reused
55,reused
56,reused
57,reused
58,reused
59,reused
60,reused
61,reused
62,reused
63,reused
64,reused
65,reused
66,reused
67,reused
68,reused
69,reused
70,reused
71,reused
72,reused
73,reused
74,reused
75,reused
76,reused
77,reused
78,reused
79,reused
80,reused
81,reused
82,reused
83,reused
84,reused
85,reused
86,reused
87,reused
88,reused
89,reused
90,reused
91,reused
92,reused
93,reused
94,reused
95,reused
96,reused
97,reused
98,reused
99,reused
100,reused
101,reused
102,reused
103,reused
104,reused
105,reused
106,reused
107,reused
108,reused
109,reused
110,reused
111,reused
112,reused
113,reused
114,reused
115,reused
116,reused
117,reused
118,reused
119,reused
120,reused
121,reused
122,reused
123,reused
124,reused
125,reused
126,reused
127,reused
128,reused
129,reused
130,reused
131,reused
132,reused
133,reused
134,reused
135,reused
136,reused
137,reused
138,reused
139,reused
140,reused
141,reused
142,reused
143,reused
144,reused
145,reused
146,reused
147,reused
148,reused
149,reused
150,reused
151,reused
152,reused
153,reused
154,reused
155,reused
156,reused
157,reused
158,reused
159,reused
160,reused
161,reused
162,reused
163,reused
164,reused
165,reused
166,reused
167,reused
168,reused
169,reused
170,reused
171,reused
172,reused
173,reused
174,reused
175,reused
176,reused
177,reused
178,reused
179,reused
180,reused
181,reused
182,reused
183,reused
184,reused
185,reused
186,reused
187,reused
188,reused
189,reused
190,reused
191,reused
192,reused
193,reused
194,reused
195,reused
196,reused
197,reused
198,reused
199,reused
200,reused
201,reused
202,reused
203,reused
204,reused
205,reused
206,reused
207,reused
208,reused
209,reused
210,reused
211,reused
212,reused
213,reused
214,reused
215,reused
216,reused
217,reused
218,reused
219,reused
220,reused
221,reused
222,reused
223,reused
224,reused
225,reused
226,reused
227,reused
228,reused
229,reused
230,reused
231,reused
232,reused
233,reused
234,reused
235,reused
236,reused
237,reused
238,reused
239,reused
240,reused
241,reused
242,reused
243,reused
244,reused
245,reused
246,reused
247,reused
248,reused
249,reused
250,reused
251,reused
252,reused
253,reused
254,reused
255,reused
256,reused
257,reused
258,reused
259,reused
260,reused
261,reused
262,reused
263,reused
264,reused
265,reused
266,reused
267,reused
268,reused
269,reused
270,reused
271,reused
272,reused
273,reused
274,reused
275,reused
276,reused
277,reused
278,reused
279,reused
280,reused
281,reused
282,reused
283,reused
284,reused
285,reused
286,reused
287,reused
288,reused
289,reused
290,reused
291,reused
292,reused
293,reused
294,reused
295,reused
296,reused
297,reused
298,reused
299,reused
300,reused
301,reused
302,reused
303,reused
304,reused
305,reused
306,reused
307,reused
308,reused
309,reused
310,reused
311,reused
312,reused
313,reused
314,reused
315,reused
316,reused
317,reused
318,reused
319,reused
320,reused
321,reused
322,reused
323,reused
324,reused
325,reused
326,reused
327,reused
328,reused
329,reused
330,reused
331,reused
332,reused
333,reused
334,reused
335,reused
336,reused
337,reused
338,reused
339,reused
340,reused
341,reused
342,reused
343,reused
344,reused
345,reused
346,reused
347,reused
348,reused
349,reused
350,reused
351,reused
352,reused
353,reused
354,reused
355,reused
356,reused
357,reused
358,reused
359,reused
360,reused
361,reused
362,reused
363,reused
364,reused
365,reused
366,reused
367,reused
368,reused
369,reused
370,reused
371,reused
372,reused
373,reused
374,reused
375,reused
376,reused
377,reused
378,reused
379,reused
380,reused
381,reused
382,reused
383,reused
384,reused
385,reused
386,reused
387,reused
388,reused
389,reused
390,reused
391,reused
392,reused
393,reused
394,reused
395,reused
396,reused
397,reused
398,reused
399,reused
400,reused
401,reused
402,reused
403,reused
404,reused
405,reused
406,reused
407,reused
408,reused
409,reused
410,reused
411,reused
412,reused
413,reused
414,reused
415,reused
416,reused
417,reused
418,reused
419,reused
420,reused
421,reused
422,reused
423,reused
424,reused
425,reused
426,reused
427,reused
428,reused
429,reused
430,reused
431,reused
432,reused
433,reused
434,reused
435,reused
436,reused
437,reused
438,reused
439,reused
440,reused
441,reused
442,reused
443,reused
444,reused
445,reused
446,reused
447,reused
448,reused
449,reused
450,reused
451,reused
452,reused
453,reused
454,reused
455,reused
456,reused
457,reused
458,reused
459,reused
460,reused
461,reused
462,reused
463,reused
464,reused
465,reused
466,reused
467,reused
468,reused
469,reused
470,reused
471,reused
472,reused
473,reused
474,reused
475,reused
476,reused
477,reused
478,reused
479,reused
480,reused
481,reused
482,reused
483,reused
484,reused
485,reused
486,reused
487,reused
488,reused
489,reused
490,reused
491,reused
492,reused
493,reused
494,reused
495,reused
496,reused
497,reused
498,reused
499,reused
500,reused
501,reused
502,reused
503,reused
504,reused
505,reused
506,reused
507,reused
508,reused
509,reused
510,reused
511,reused
512,reused
513,reused
514,reused
515,reused
516,reused
517,reused
518,reused
519,reused
520,reused
521,reused
522,reused
523,reused
524,reused
525,reused
526,reused
527,reused
528,reused
529,reused
530,reused
531,reused
532,reused
533,reused
534,reused
535,reused
536,reused
537,reused
538,reused
539,reused
540,reused
541,reused
542,reused
543,reused
544,reused
545,reused
546,reused
547,reused
548,reused
549,reused
550,reused
551,reused
552,reused
553,reused
554,reused
555,reused
556,reused
557,reused
558,reused
559,reused
560,reused
561,reused
562,reused
563,reused
564,reused
565,reused
566,reused
567,reused
568,reused
569,reused
570,reused
571,reused
572,reused
573,reused
574,reused
575,reused
576,reused
577,reused
578,reused
579,reused
580,reused
581,reused
582,reused
583,reused
584,reused
585,reused
586,reused
587,reused
588,reused
589,reused
590,reused
591,reused
592,reused
593,reused
594,reused
595,reused
596,reused
597,reused
598,reused
599,reused
600,reused
601,reused
602,reused
603,reused
604,reused
605,reused
606,reused
607,reused
608,reused
609,reused
610,reused
611,reused
612,reused
613,reused
614,reused
615,reused
616,reused
617,reused
618,reused
619,reused
620,reused
621,reused
622,reused
623,reused
624,reused
625,reused
626,reused
627,reused
628,reused
629,reused
630,reused
631,reused
632,reused
633,reused
634,reused
635,reused
636,reused
637,reused
638,reused
639,reused
640,reused
641,reused
642,reused
643,reused
644,reused
645,reused
646,reused
647,reused
648,reused
649,reused
650,reused
651,reused
652,reused
653,reused
654,reused
655,reused
656,reused
657,reused
658,reused
659,reused
660,reused
661,reused
662,reused
663,reused
664,reused
665,reused
666,reused
667,reused
668,reused
669,reused
670,reused
671,reused
672,reused
673,reused
674,reused
675,reused
676,reused
677,reused
678,reused
679,reused
680,reused
681,reused
682,reused
683,reused
684,reused
685,reused
686,reused
687,reused
688,reused
689,reused
690,reused
691,reused
692,reused
693,reused
694,reused
695,reused
696,reused
697,reused
698,reused
699,reused
700,reused
701,reused
702,reused
703,reused
704,reused
705,reused
706,reused
707,reused
708,reused
709,reused
710,reused
711,reused
712,reused
713,reused
714,reused
715,reused
716,reused
717,reused
718,reused
719,reused
