input,inside_grid,outside_grid,output,removed,removed_inside_grid_by_3sigma,occupied_pixels,zero_count_pixels,input_primary,output_primary,run_id,retained_fraction
393992,349242,44750,338686,55306,10556,250,0,393992,338686,0,0.8596265914028711
394926,350152,44774,339437,55489,10715,250,0,394926,339437,1,0.8594951965684711
393688,349052,44636,338179,55509,10873,250,0,393688,338179,2,0.8590025604031619
393988,349865,44123,339294,54694,10571,250,0,393988,339294,3,0.8611785130511589
393666,349151,44515,338534,55132,10617,250,0,393666,338534,4,0.8599523453892386
395269,350637,44632,339944,55325,10693,250,0,395269,339944,5,0.8600320288208789
395206,350402,44804,339711,55495,10691,250,0,395206,339711,6,0.8595795610390531
394066,349579,44487,338785,55281,10794,250,0,394066,338785,7,0.8597163926854893
393928,349581,44347,338965,54963,10616,250,0,393928,338965,8,0.8604745029548547
395036,350592,44444,339867,55169,10725,250,0,395036,339867,9,0.8603443736773357
394926,350135,44791,339321,55605,10814,250,0,394926,339321,10,0.859201470655262
394812,350106,44706,339401,55411,10705,250,0,394812,339401,11,0.859652188889902
394372,349616,44756,338844,55528,10772,250,0,394372,338844,12,0.8591989289300458
393779,349336,44443,338696,55083,10640,250,0,393779,338696,13,0.8601169691629061
394237,349626,44611,338972,55265,10654,250,0,394237,338972,14,0.859817825318273
393944,349588,44356,338829,55115,10759,250,0,393944,338829,15,0.8600943281278557
394813,350342,44471,339732,55081,10610,250,0,394813,339732,16,0.8604883831079524
393914,349233,44681,338630,55284,10603,250,0,393914,338630,17,0.8596546454302209
394364,349502,44862,338882,55482,10620,250,0,394364,338882,18,0.8593127161708473
394187,349795,44392,339085,55102,10710,250,0,394187,339085,19,0.8602135534657409
394104,349635,44469,339023,55081,10612,250,0,394104,339023,20,0.8602373992651686
393527,349169,44358,338390,55137,10779,250,0,393527,338390,21,0.8598901727200421
394520,350344,44176,339692,54828,10652,250,0,394520,339692,22,0.8610260569806347
393613,349160,44453,338552,55061,10608,250,0,393613,338552,23,0.8601138681903291
394617,349801,44816,339100,55517,10701,250,0,394617,339100,24,0.8593142211308686
393077,348674,44403,337873,55204,10801,250,0,393077,337873,25,0.8595593229825199
393621,349230,44391,338559,55062,10671,250,0,393621,338559,26,0.8601141707378417
394714,350241,44473,339625,55089,10616,250,0,394714,339625,27,0.8604331237300932
394093,349298,44795,338652,55441,10646,250,0,394093,338652,28,0.8593200082214096
394754,350213,44541,339519,55235,10694,250,0,394754,339519,29,0.8600774153016816
395115,350517,44598,339800,55315,10717,250,0,395115,339800,30,0.8600027839995951
394418,349498,44920,338815,55603,10683,250,0,394418,338815,31,0.8590251966188156
394512,349735,44777,338937,55575,10798,250,0,394512,338937,32,0.8591297603114734
394616,349607,45009,338951,55665,10656,250,0,394616,338951,33,0.858938816469682
394633,349966,44667,339238,55395,10728,250,0,394633,339238,34,0.8596290730881604
394933,350053,44880,339369,55564,10684,250,0,394933,339369,35,0.8593077813198694
394024,349624,44400,339054,54970,10570,250,0,394024,339054,36,0.8604907315290439
393973,349371,44602,338670,55303,10701,250,0,393973,338670,37,0.8596274363979257
395322,350480,44842,339771,55551,10709,250,0,395322,339771,38,0.8594791081700487
393901,349620,44281,338717,55184,10903,250,0,393901,338717,39,0.8599038844785872
395009,350402,44607,339691,55318,10711,250,0,395009,339691,40,0.8599576212187571
394098,349397,44701,338618,55480,10779,250,0,394098,338618,41,0.8592228328994311
394320,349733,44587,339048,55272,10685,250,0,394320,339048,42,0.8598295800365185
394458,349547,44911,338916,55542,10631,250,0,394458,338916,43,0.8591941347367781
395235,350653,44582,340059,55176,10594,250,0,395235,340059,44,0.8603969790124862
395331,350635,44696,340020,55311,10615,250,0,395331,340020,45,0.8600893934449866
395480,351240,44240,340541,54939,10699,250,0,395480,340541,46,0.86108273490442
394371,349756,44615,339042,55329,10714,250,0,394371,339042,47,0.8597031729006444
394596,349870,44726,339067,55529,10803,250,0,394596,339067,48,0.8592763231254245
393618,348884,44734,338293,55325,10591,250,0,393618,338293,49,0.8594449440828418
394393,349821,44572,339085,55308,10736,250,0,394393,339085,50,0.8597642453086135
395007,350827,44180,340071,54936,10756,250,0,395007,340071,51,0.8609239836256066
394257,349499,44758,338690,55567,10809,250,0,394257,338690,52,0.8590589387125657
395768,350703,45065,340126,55642,10577,250,0,395768,340126,53,0.8594075316852298
393793,349229,44564,338569,55224,10660,250,0,393793,338569,54,0.859763886102597
394589,350270,44319,339421,55168,10849,250,0,394589,339421,55,0.860188702675442
394367,349948,44419,339216,55151,10732,250,0,394367,339216,56,0.8601531061168911
394288,349969,44319,339120,55168,10849,250,0,394288,339120,57,0.8600819705393012
394066,349786,44280,339176,54890,10610,250,0,394066,339176,58,0.8607086122629204
395015,350225,44790,339527,55488,10698,250,0,395015,339527,59,0.8595293849600648
394426,349895,44531,339206,55220,10689,250,0,394426,339206,60,0.8599990872812644
394523,349760,44763,339170,55353,10590,250,0,394523,339170,61,0.859696392859225
392938,348202,44736,337611,55327,10591,250,0,392938,337611,62,0.8591966162600716
395538,350705,44833,339884,55654,10821,250,0,395538,339884,63,0.859295440640343
395369,350790,44579,340030,55339,10760,250,0,395369,340030,64,0.8600320207198845
394090,349534,44556,338819,55271,10715,250,0,394090,338819,65,0.8597503108427009
394759,350372,44387,339739,55020,10633,250,0,394759,339739,66,0.8606238236493658
393558,349204,44354,338484,55074,10720,250,0,393558,338484,67,0.8600612870275791
393578,349419,44159,338744,54834,10675,250,0,393578,338744,68,0.8606781883133712
394059,349625,44434,339139,54920,10486,250,0,394059,339139,69,0.8606300071816657
394966,350408,44558,339667,55299,10741,250,0,394966,339667,70,0.8599904801932319
394575,349810,44765,339385,55190,10425,250,0,394575,339385,71,0.8601279858075144
394590,350022,44568,339087,55503,10935,250,0,394590,339087,72,0.8593400745077169
394774,350214,44560,339461,55313,10753,250,0,394774,339461,73,0.8598869226443484
394336,349710,44626,338917,55419,10793,250,0,394336,338917,74,0.8594624888420027
393237,348925,44312,338227,55010,10698,250,0,393237,338227,75,0.8601098065543171
395314,350620,44694,339714,55600,10906,250,0,395314,339714,76,0.859352312339052
394974,350454,44520,339732,55242,10722,250,0,394974,339732,77,0.8601376293123092
394240,349717,44523,339006,55234,10711,250,0,394240,339006,78,0.8598975243506494
394376,349839,44537,339158,55218,10681,250,0,394376,339158,79,0.8599864089092643
394938,350055,44883,339250,55688,10805,250,0,394938,339250,80,0.8589955891810866
394412,349926,44486,339218,55194,10708,250,0,394412,339218,81,0.8600600387412147
394341,349791,44550,339087,55254,10704,250,0,394341,339087,82,0.8598826903618949
395057,350444,44613,339865,55192,10579,250,0,395057,339865,83,0.8602935778887604
394486,349625,44861,338985,55501,10640,250,0,394486,338985,84,0.8593080616295635
394965,350121,44844,339380,55585,10741,250,0,394965,339380,85,0.8592660109123593
395008,350326,44682,339665,55343,10661,250,0,395008,339665,86,0.859893976830849
394980,350347,44633,339752,55228,10595,250,0,394980,339752,87,0.8601751987442402
395405,350496,44909,339863,55542,10633,250,0,395405,339863,88,0.8595313665735133
394360,349625,44735,338883,55477,10742,250,0,394360,338883,89,0.8593239679480678
393811,349369,44442,338684,55127,10685,250,0,393811,338684,90,0.8600166069510501
394538,350178,44360,339596,54942,10582,250,0,394538,339596,91,0.8607434518348043
394485,349731,44754,338949,55536,10782,250,0,394485,338949,92,0.8592189817103312
394781,349897,44884,339165,55616,10732,250,0,394781,339165,93,0.8591218928975812
394690,349541,45149,338849,55841,10692,250,0,394690,338849,94,0.8585193442955231
394394,349570,44824,338993,55401,10577,250,0,394394,338993,95,0.8595287960770194
394119,349812,44307,339115,55004,10697,250,0,394119,339115,96,0.8604380910334188
395060,350126,44934,339387,55673,10739,250,0,395060,339387,97,0.8590771022123221
394773,350203,44570,339601,55172,10602,250,0,394773,339601,98,0.8602437350072066
393220,348681,44539,338154,55066,10527,250,0,393220,338154,99,0.8599613447942628
394462,349559,44903,338831,55631,10728,250,0,394462,338831,100,0.8589699388027238
394420,349526,44894,338892,55528,10634,250,0,394420,338892,101,0.8592160640941129
394027,349532,44495,338560,55467,10972,250,0,394027,338560,102,0.8592304588264256
393859,349078,44781,338372,55487,10706,250,0,393859,338372,103,0.8591196341838069
393336,348934,44402,337964,55372,10970,250,0,393336,337964,104,0.8592246832224866
394731,350127,44604,339367,55364,10760,250,0,394731,339367,105,0.8597424575217046
394369,349945,44424,339291,55078,10654,250,0,394369,339291,106,0.8603389211626674
394131,349800,44331,339241,54890,10559,250,0,394131,339241,107,0.8607315841687154
394199,349676,44523,338887,55312,10789,250,0,394199,338887,108,0.8596850829149744
393910,349435,44475,338611,55299,10824,250,0,393910,338611,109,0.8596151405143306
393660,349120,44540,338433,55227,10687,250,0,393660,338433,110,0.859708885840573
393562,348808,44754,338216,55346,10592,250,0,393562,338216,111,0.8593715856713808
393133,348779,44354,338164,54969,10615,250,0,393133,338164,112,0.8601770901959388
394769,350007,44762,339407,55362,10600,250,0,394769,339407,113,0.8597610248018461
394813,350256,44557,339613,55200,10643,250,0,394813,339613,114,0.8601869745930352
394293,349408,44885,338716,55577,10692,250,0,394293,338716,115,0.859046445156267
395761,351326,44435,340575,55186,10751,250,0,395761,340575,116,0.8605572555153237
394238,349603,44635,339031,55207,10572,250,0,394238,339031,117,0.8599653001486411
394383,350037,44346,339305,55078,10732,250,0,394383,339305,118,0.8603438789197303
394225,349632,44593,338662,55563,10970,250,0,394225,338662,119,0.8590576447460206
394015,349561,44454,338766,55249,10795,250,0,394015,338766,120,0.8597794500209383
394984,350085,44899,339342,55642,10743,250,0,394984,339342,121,0.8591284710266744
393726,349171,44555,338685,55041,10486,250,0,393726,338685,122,0.8602048124838085
393932,349443,44489,338831,55101,10612,250,0,393932,338831,123,0.8601256054344405
394413,349691,44722,339070,55343,10621,250,0,394413,339070,124,0.859682616952281
393889,349375,44514,338644,55245,10731,250,0,393889,338644,125,0.859744750424612
394234,349744,44490,338895,55339,10849,250,0,394234,338895,126,0.8596290527960552
394228,349587,44641,338908,55320,10679,250,0,394228,338908,127,0.8596751118642004
394353,350125,44228,339497,54856,10628,250,0,394353,339497,128,0.8608962021336214
393156,348737,44419,338114,55042,10623,250,0,393156,338114,129,0.8599995930368607
392997,348160,44837,337530,55467,10630,250,0,392997,337530,130,0.8588615180268552
395887,351038,44849,340231,55656,10807,250,0,395887,340231,131,0.8594144288648023
395892,351187,44705,340371,55521,10816,250,0,395892,340371,132,0.8597572065108666
394226,349375,44851,338789,55437,10586,250,0,394226,338789,133,0.8593776158853044
393961,349028,44933,338461,55500,10567,250,0,393961,338461,134,0.8591231111709027
395263,351014,44249,340481,54782,10533,250,0,395263,340481,135,0.8614036729974726
395039,350360,44679,339508,55531,10852,250,0,395039,339508,136,0.8594290690286276
394695,350206,44489,339654,55041,10552,250,0,394695,339654,137,0.8605480180899175
394705,349981,44724,339149,55556,10832,250,0,394705,339149,138,0.859246779240192
394307,350069,44238,339308,54999,10761,250,0,394307,339308,139,0.8605173126523242
394605,350124,44481,339299,55306,10825,250,0,394605,339299,140,0.8598446547813636
393163,348360,44803,337751,55412,10609,250,0,393163,337751,141,0.859061000144978
394785,349858,44927,339122,55663,10736,250,0,394785,339122,142,0.8590042681459529
393884,349408,44476,338696,55188,10712,250,0,393884,338696,143,0.8598876826679936
395147,350551,44596,339803,55344,10748,250,0,395147,339803,144,0.8599407309178609
395589,350707,44882,339988,55601,10719,250,0,395589,339988,145,0.8594475579452412
394892,350178,44714,339465,55427,10713,250,0,394892,339465,146,0.8596401041297368
393169,348987,44182,338241,54928,10746,250,0,393169,338241,147,0.8602941737522541
394905,350408,44497,339749,55156,10659,250,0,394905,339749,148,0.860330965675289
394477,349978,44499,339424,55053,10554,250,0,394477,339424,149,0.8604405326546288
394782,350336,44446,339702,55080,10634,250,0,394782,339702,150,0.8604799610924511
394309,349795,44514,339149,55160,10646,250,0,394309,339149,151,0.8601097109120005
395537,350281,45256,339585,55952,10696,250,0,395537,339585,152,0.858541678780999
393820,349190,44630,338722,55098,10468,250,0,393820,338722,153,0.8600934437052461
394167,349524,44643,338892,55275,10632,250,0,394167,338892,154,0.859767560450266
393660,348975,44685,338212,55448,10763,250,0,393660,338212,155,0.8591474876797236
394640,350109,44531,339347,55293,10762,250,0,394640,339347,156,0.8598900263531319
393720,349473,44247,338820,54900,10653,250,0,393720,338820,157,0.8605608046327339
394056,349762,44294,339155,54901,10607,250,0,394056,339155,158,0.8606771626367826
393399,348780,44619,338131,55268,10649,250,0,393399,338131,159,0.8595115900142095
394872,350130,44742,339457,55415,10673,250,0,394872,339457,160,0.8596633845904496
394317,349780,44537,339025,55292,10755,250,0,394317,339025,161,0.8597777929939617
393938,349483,44455,338741,55197,10742,250,0,393938,338741,162,0.8598840426666126
394746,349998,44748,339058,55688,10940,250,0,394746,339058,163,0.8589270062267889
395279,350627,44652,339927,55352,10700,250,0,395279,339927,164,0.859967263628981
394723,350031,44692,339353,55370,10678,250,0,394723,339353,165,0.8597244143361293
395116,350246,44870,339483,55633,10763,250,0,395116,339483,166,0.8591983113819739
395223,350660,44563,339909,55314,10751,250,0,395223,339909,167,0.8600435703387708
394687,350341,44346,339729,54958,10612,250,0,394687,339729,168,0.8607554847258714
395109,350651,44458,339832,55277,10819,250,0,395109,339832,169,0.8600968340382021
394215,349552,44663,338937,55278,10615,250,0,394215,338937,170,0.8597770252273506
395067,350199,44868,339566,55501,10633,250,0,395067,339566,171,0.8595149683471411
393924,349440,44484,338667,55257,10773,250,0,393924,338667,172,0.8597267493222043
394054,349265,44789,338615,55439,10650,250,0,394054,338615,173,0.8593111603993361
394522,350320,44202,339711,54811,10609,250,0,394522,339711,174,0.8610698516179073
394242,349456,44786,338765,55477,10691,250,0,394242,338765,175,0.8592818624093831
395090,350468,44622,339730,55360,10738,250,0,395090,339730,176,0.8598800273355438
394180,349933,44247,339189,54991,10744,250,0,394180,339189,177,0.8604926683241159
394274,349779,44495,339151,55123,10628,250,0,394274,339151,178,0.8601911361134642
395355,350715,44640,339948,55407,10767,250,0,395355,339948,179,0.8598550669651326
394275,349663,44612,339045,55230,10618,250,0,394275,339045,180,0.8599201065246338
394223,349905,44318,339246,54977,10659,250,0,394223,339246,181,0.8605433980259903
395586,350939,44647,340305,55281,10634,250,0,395586,340305,182,0.860255418543629
394825,350092,44733,339431,55394,10661,250,0,394825,339431,183,0.8596998670296967
394512,350178,44334,339510,55002,10668,250,0,394512,339510,184,0.860582187614065
395123,350443,44680,339743,55380,10700,250,0,395123,339743,185,0.8598411127674167
394053,349423,44630,338717,55336,10706,250,0,394053,338717,186,0.8595721895278047
393995,349653,44342,338959,55036,10694,250,0,393995,338959,187,0.8603129481338596
394979,349984,44995,339248,55731,10736,250,0,394979,339248,188,0.8589013593127736
394003,349570,44433,338954,55049,10616,250,0,394003,338954,189,0.8602827897249513
396267,351539,44728,340722,55545,10817,250,0,396267,340722,190,0.8598293574786697
393919,349490,44429,338942,54977,10548,250,0,393919,338942,191,0.860435774867422
394404,349629,44775,338846,55558,10783,250,0,394404,338846,192,0.8591342886988976
393562,348975,44587,338313,55249,10662,250,0,393562,338313,193,0.859618052555887
394944,350161,44783,339458,55486,10703,250,0,394944,339458,194,0.8595091962404796
394101,349360,44741,338599,55502,10761,250,0,394101,338599,195,0.859168081278657
395064,350083,44981,339360,55704,10723,250,0,395064,339360,196,0.8590000607496507
394946,350429,44517,339757,55189,10672,250,0,394946,339757,197,0.860261909223033
394910,350345,44565,339628,55282,10717,250,0,394910,339628,198,0.8600136740016713
395331,350738,44593,340053,55278,10685,250,0,395331,340053,199,0.8601728677993884
394579,349763,44816,339005,55574,10758,250,0,394579,339005,200,0.859156214598344
394448,349674,44774,339011,55437,10663,250,0,394448,339011,201,0.8594567598263902
394453,350044,44409,339415,55038,10629,250,0,394453,339415,202,0.8604700686773836
394379,349869,44510,339325,55054,10544,250,0,394379,339325,203,0.8604033176208672
393842,349023,44819,338413,55429,10610,250,0,393842,338413,204,0.8592608203289644
394808,350248,44560,339456,55352,10792,250,0,394808,339456,205,0.859800206682742
395054,350041,45013,339302,55752,10739,250,0,395054,339302,206,0.858874989241977
393079,348661,44418,338035,55044,10626,250,0,393079,338035,207,0.8599670804087728
393667,348865,44802,338213,55454,10652,250,0,393667,338213,208,0.859134750944326
394054,349625,44429,339043,55011,10582,250,0,394054,339043,209,0.8603973059529912
394135,349603,44532,338877,55258,10726,250,0,394135,338877,210,0.8597993073439304
392768,348605,44163,338174,54594,10431,250,0,392768,338174,211,0.861001914616262
394539,350015,44524,339362,55177,10653,250,0,394539,339362,212,0.8601481729309397
394827,350583,44244,339823,55004,10760,250,0,394827,339823,213,0.8606883521137105
393760,349255,44505,338617,55143,10638,250,0,393760,338617,214,0.859957842340512
394293,349620,44673,338953,55340,10667,250,0,394293,338953,215,0.8596475210059524
394319,349949,44370,339342,54977,10607,250,0,394319,339342,216,0.8605773498106862
394064,349644,44420,338895,55169,10749,250,0,394064,338895,217,0.8599998984936457
394180,349784,44396,339080,55100,10704,250,0,394180,339080,218,0.8602161449084175
394094,349445,44649,338551,55543,10894,250,0,394094,338551,219,0.8590615436926216
394155,349527,44628,338948,55207,10579,250,0,394155,338948,220,0.8599358120536337
394639,349850,44789,339133,55506,10717,250,0,394639,339133,221,0.859349937537851
394779,350559,44220,339785,54994,10774,250,0,394779,339785,222,0.8606967442543803
393815,349136,44679,338626,55189,10510,250,0,393815,338626,223,0.8598605944415525
394543,350094,44449,339505,55038,10589,250,0,394543,339505,224,0.8605018971316181
393919,349692,44227,338799,55120,10893,250,0,393919,338799,225,0.8600727560742183
394696,350346,44350,339783,54913,10563,250,0,394696,339783,226,0.8608726716257575
394421,349905,44516,339117,55304,10788,250,0,394421,339117,227,0.8597843421116016
394563,350039,44524,339319,55244,10720,250,0,394563,339319,228,0.8599868715515646
394402,349919,44483,339295,55107,10624,250,0,394402,339295,229,0.8602770777024458
394594,350225,44369,339540,55054,10685,250,0,394594,339540,230,0.8604793788045434
394211,349904,44307,339140,55071,10764,250,0,394211,339140,231,0.8603007019083688
394498,350035,44463,339099,55399,10936,250,0,394498,339099,232,0.8595708976978337
394744,350337,44407,339477,55267,10860,250,0,394744,339477,233,0.8599928054637943
395076,350380,44696,339631,55445,10749,250,0,395076,339631,234,0.8596599135356235
394433,349879,44554,339293,55140,10586,250,0,394433,339293,235,0.8602043946627184
394577,350080,44497,339471,55106,10609,250,0,394577,339471,236,0.8603415809841932
394364,349548,44816,338796,55568,10752,250,0,394364,338796,237,0.8590946435272997
394632,350052,44580,339236,55396,10816,250,0,394632,339236,238,0.8596261833809726
393917,349346,44571,338743,55174,10603,250,0,393917,338743,239,0.859934960918163
395013,350188,44825,339236,55777,10952,250,0,395013,339236,240,0.8587970522489133
393770,349228,44542,338430,55340,10798,250,0,393770,338430,241,0.8594611067374356
393665,349042,44623,338301,55364,10741,250,0,393665,338301,242,0.8593626560654364
394159,349689,44470,338807,55352,10882,250,0,394159,338807,243,0.859569361602805
394954,350244,44710,339573,55381,10671,250,0,394954,339573,244,0.8597786071289315
394316,349933,44383,339276,55040,10657,250,0,394316,339276,245,0.86041651873117
394641,349903,44738,339253,55388,10650,250,0,394641,339253,246,0.8596496562698757
395104,350554,44550,339878,55226,10676,250,0,395104,339878,247,0.8602241435166437
393640,349432,44208,338773,54867,10659,250,0,393640,338773,248,0.8606162991565898
393825,349258,44567,338460,55365,10798,250,0,393825,338460,249,0.8594172538564083
394984,350480,44504,339834,55150,10646,250,0,394984,339834,250,0.8603740911024244
394459,350149,44310,339299,55160,10850,250,0,394459,339299,251,0.860162906664571
393910,349216,44694,338429,55481,10787,250,0,393910,338429,252,0.8591531060394506
393357,349185,44172,338512,54845,10673,250,0,393357,338512,253,0.8605719486369888
394045,349264,44781,338620,55425,10644,250,0,394045,338620,254,0.8593434759989341
395240,350629,44611,339907,55333,10722,250,0,395240,339907,255,0.8600015180649732
393064,348678,44386,338237,54827,10441,250,0,393064,338237,256,0.8605138094559664
393861,349246,44615,338616,55245,10630,250,0,393861,338616,257,0.8597347795288185
395836,351365,44471,340766,55070,10599,250,0,395836,340766,258,0.8608767267252094
396482,351278,45204,340605,55877,10673,250,0,396482,340605,259,0.8590680030871515
393951,349524,44427,338902,55049,10622,250,0,393951,338902,260,0.8602643475965285
394446,349924,44522,339225,55221,10699,250,0,394446,339225,261,0.8600036506898283
394167,349669,44498,339018,55149,10651,250,0,394167,339018,262,0.8600872219135544
393531,349269,44262,338505,55026,10764,250,0,393531,338505,263,0.8601736584919613
393406,349297,44109,338694,54712,10603,250,0,393406,338694,264,0.8609273879910322
394768,350154,44614,339413,55355,10741,250,0,394768,339413,265,0.859778401491509
394215,349819,44396,339007,55208,10812,250,0,394215,339007,266,0.8599545933056835
394551,349961,44590,339272,55279,10689,250,0,394551,339272,267,0.8598939047170074
394026,349216,44810,338620,55406,10596,250,0,394026,338620,268,0.8593849136858989
394345,349787,44558,339143,55202,10644,250,0,394345,339143,269,0.8600159758587024
394365,349767,44598,339128,55237,10639,250,0,394365,339128,270,0.8599343248006288
394916,350422,44494,339652,55264,10770,250,0,394916,339652,271,0.8600613801415997
395371,350803,44568,340039,55332,10764,250,0,395371,340039,272,0.8600504336433376
394314,350248,44066,339638,54676,10610,250,0,394314,339638,273,0.861338932931623
393486,348991,44495,338446,55040,10545,250,0,393486,338446,274,0.8601220882064419
394824,350364,44460,339625,55199,10739,250,0,394824,339625,275,0.8601934026300326
394664,350091,44573,339394,55270,10697,250,0,394664,339394,276,0.8599568240325948
395266,350628,44638,340050,55216,10578,250,0,395266,340050,277,0.8603067301513411
395602,351074,44528,340193,55409,10881,250,0,395602,340193,278,0.8599375129549396
394892,350278,44614,339605,55287,10673,250,0,394892,339605,279,0.8599946314435339
395041,350710,44331,340022,55019,10688,250,0,395041,340022,280,0.8607258487093745
395228,350498,44730,339557,55671,10941,250,0,395228,339557,281,0.8591420648334632
395481,350619,44862,339948,55533,10671,250,0,395481,339948,282,0.8595811176769554
394806,350335,44471,339588,55218,10747,250,0,394806,339588,283,0.8601389036640781
396440,351424,45016,340592,55848,10832,250,0,396440,340592,284,0.8591262233881546
394675,350162,44513,339445,55230,10717,250,0,394675,339445,285,0.8600620763919681
394678,350070,44608,339403,55275,10667,250,0,394678,339403,286,0.8599491230826142
394705,350196,44509,339403,55302,10793,250,0,394705,339403,287,0.8598902978173573
395683,350915,44768,340043,55640,10872,250,0,395683,340043,288,0.8593823843834585
394320,349681,44639,338918,55402,10763,250,0,394320,338918,289,0.8594998985595456
394217,349543,44674,338763,55454,10780,250,0,394217,338763,290,0.8593312820096546
394388,350069,44319,339463,54925,10606,250,0,394388,339463,291,0.8607335922999686
394947,350469,44478,339768,55179,10701,250,0,394947,339768,292,0.8602875828908689
394141,349555,44586,339096,55045,10459,250,0,394141,339096,293,0.8603418573556164
394259,349688,44571,338862,55397,10826,250,0,394259,338862,294,0.8594908423143163
395369,350791,44578,339987,55382,10804,250,0,395369,339987,295,0.8599232615607192
392858,348671,44187,338006,54852,10665,250,0,392858,338006,296,0.8603770319046576
395135,350881,44254,340009,55126,10872,250,0,395135,340009,297,0.8604881875814595
395413,350386,45027,339684,55729,10702,250,0,395413,339684,298,0.8590612852890522
394471,349869,44602,339166,55305,10703,250,0,394471,339166,299,0.8597995796902688
393778,349473,44305,338597,55181,10876,250,0,393778,338597,300,0.8598677427382941
394540,350163,44377,339369,55171,10794,250,0,394540,339369,301,0.8601637349825113
394016,349565,44451,338988,55028,10577,250,0,394016,338988,302,0.8603406968244944
394615,349954,44661,339387,55228,10567,250,0,394615,339387,303,0.8600458674910989
394864,350242,44622,339589,55275,10653,250,0,394864,339589,304,0.8600150938044492
394049,349342,44707,338663,55386,10679,250,0,394049,338663,305,0.8594438762691949
395711,351121,44590,340550,55161,10571,250,0,395711,340550,306,0.860602813669572
394084,349437,44647,338756,55328,10681,250,0,394084,338756,307,0.8596035363019052
395079,350545,44534,339826,55253,10719,250,0,395079,339826,308,0.8601469579501821
393966,349711,44255,339066,54900,10645,250,0,393966,339066,309,0.86064787316672
394336,350044,44292,339205,55131,10839,250,0,394336,339205,310,0.860192830479591
393798,348981,44817,338269,55529,10712,250,0,393798,338269,311,0.8589911579032905
394511,349786,44725,339296,55215,10490,250,0,394511,339296,312,0.8600419253202065
395434,350387,45047,339817,55617,10570,250,0,395434,339817,313,0.8593520031155641
394185,349723,44462,338916,55269,10807,250,0,394185,338916,314,0.8597891852810229
394512,350249,44263,339345,55167,10904,250,0,394512,339345,315,0.8601639493855701
394682,349856,44826,339227,55455,10629,250,0,394682,339227,316,0.8594944790996296
394952,350149,44803,339246,55706,10903,250,0,394952,339246,317,0.8589550122546538
392798,348130,44668,337518,55280,10612,250,0,392798,337518,318,0.859266085876201
395038,350478,44560,339780,55258,10698,250,0,395038,339780,319,0.8601197859446433
394839,349887,44952,339186,55653,10701,250,0,394839,339186,320,0.8590488781503347
394194,349927,44267,339155,55039,10772,250,0,394194,339155,321,0.8603758555432097
394894,350640,44254,339931,54963,10709,250,0,394894,339931,322,0.8608158138639737
394897,350390,44507,339669,55228,10721,250,0,394897,339669,323,0.8601458101732857
395191,350450,44741,339827,55364,10623,250,0,395191,339827,324,0.8599057164763367
394494,350052,44442,339401,55093,10651,250,0,394494,339401,325,0.860345151003564
395589,351132,44457,340467,55122,10665,250,0,395589,340467,326,0.8606584106231467
393914,349269,44645,338583,55331,10686,250,0,393914,338583,327,0.8595353300466599
394292,349773,44519,339158,55134,10615,250,0,394292,339158,328,0.8601696204843111
395099,350409,44690,339850,55249,10559,250,0,395099,339850,329,0.8601641613873992
394188,349328,44860,338677,55511,10651,250,0,394188,338677,330,0.8591763321054928
393849,349550,44299,339012,54837,10538,250,0,393849,339012,331,0.8607664358675533
394659,349784,44875,339079,55580,10705,250,0,394659,339079,332,0.8591695615708751
395064,350703,44361,340171,54893,10532,250,0,395064,340171,333,0.861052892695867
394431,349875,44556,339145,55286,10730,250,0,394431,339145,334,0.8598335323542013
395299,350937,44362,340193,55106,10744,250,0,395299,340193,335,0.8605966622733677
393755,349411,44344,338582,55173,10829,250,0,393755,338582,336,0.8598798745412757
394213,349243,44970,338399,55814,10844,250,0,394213,338399,337,0.8584166427794111
395393,350863,44530,339954,55439,10909,250,0,395393,339954,338,0.8597876037259132
394346,349628,44718,338913,55433,10715,250,0,394346,338913,339,0.8594305508360678
395178,350543,44635,339802,55376,10741,250,0,395178,339802,340,0.8598707417923063
394844,350040,44804,339504,55340,10536,250,0,394844,339504,341,0.8598433811834547
394980,350448,44532,339796,55184,10652,250,0,394980,339796,342,0.8602865967897109
395120,350316,44804,339619,55501,10697,250,0,395120,339619,343,0.8595338125126544
394924,350130,44794,339480,55444,10650,250,0,394924,339480,344,0.8596084309892537
394947,350182,44765,339456,55491,10726,250,0,394947,339456,345,0.8594976034759094
395041,350649,44392,339815,55226,10834,250,0,395041,339815,346,0.8602018524659466
393714,349090,44624,338386,55328,10704,250,0,393714,338386,347,0.8594715961332338
393792,349280,44512,338473,55319,10807,250,0,393792,338473,348,0.859522285876808
395004,350249,44755,339555,55449,10694,250,0,395004,339555,349,0.859624206337151
395555,350589,44966,339911,55644,10678,250,0,395555,339911,350,0.8593267687173718
394628,350247,44381,339517,55111,10730,250,0,394628,339517,351,0.8603469596683458
394029,349790,44239,338952,55077,10838,250,0,394029,338952,352,0.8602209482043199
394834,350266,44568,339525,55309,10741,250,0,394834,339525,353,0.8599183454312446
394177,349719,44458,339188,54989,10531,250,0,394177,339188,354,0.8604966804252911
394154,349663,44491,338873,55281,10790,250,0,394154,338873,355,0.8597477128229067
395301,350747,44554,339839,55462,10908,250,0,395301,339839,356,0.8596967880172325
394735,350090,44645,339347,55388,10743,250,0,394735,339347,357,0.8596830785210331
394673,350192,44481,339419,55254,10773,250,0,394673,339419,358,0.8600005574234872
394158,349489,44669,338768,55390,10721,250,0,394158,338768,359,0.8594725972833229
394773,349968,44805,339030,55743,10938,250,0,394773,339030,360,0.8587973341641906
394540,349951,44589,339154,55386,10797,250,0,394540,339154,361,0.8596187965732245
394257,349870,44387,339106,55151,10764,250,0,394257,339106,362,0.8601140880187289
394978,350161,44817,339368,55610,10793,250,0,394978,339368,363,0.8592073482573713
393128,348948,44180,338243,54885,10705,250,0,393128,338243,364,0.8603889827231843
394781,349974,44807,339206,55575,10768,250,0,394781,339206,365,0.8592257479463298
395386,350758,44628,340013,55373,10745,250,0,395386,340013,366,0.8599520468605363
394619,349894,44725,339199,55420,10695,250,0,394619,339199,367,0.8595607408665067
394001,349372,44629,338633,55368,10739,250,0,394001,338633,368,0.8594724378872135
394484,350078,44406,339358,55126,10720,250,0,394484,339358,369,0.8602579572302045
395651,351233,44418,340504,55147,10729,250,0,395651,340504,370,0.8606170589736915
395170,350986,44184,340183,54987,10803,250,0,395170,340183,371,0.860852291418883
394468,349535,44933,338879,55589,10656,250,0,394468,338879,372,0.859078556435503
395583,350905,44678,340198,55385,10707,250,0,395583,340198,373,0.8599914556490041
393778,349321,44457,338593,55185,10728,250,0,393778,338593,374,0.8598575847304827
394915,350087,44828,339252,55663,10835,250,0,394915,339252,375,0.8590506817922844
394936,350762,44174,340096,54840,10666,250,0,394936,340096,376,0.8611420584601049
395397,350787,44610,340150,55247,10637,250,0,395397,340150,377,0.8602746100754431
394220,349754,44466,339108,55112,10646,250,0,394220,339108,378,0.860199888387195
395029,350418,44611,339723,55306,10695,250,0,395029,339723,379,0.8599950889681517
394137,350025,44112,339119,55018,10906,250,0,394137,339119,380,0.8604089440981182
393512,349177,44335,338535,54977,10642,250,0,393512,338535,381,0.8602914269450487
394505,349682,44823,338941,55564,10741,250,0,394505,338941,382,0.8591551437877847
393420,349069,44351,338434,54986,10635,250,0,393420,338434,383,0.8602358802297799
394689,350141,44548,339536,55153,10605,250,0,394689,339536,384,0.8602621304368756
394237,349909,44328,339119,55118,10790,250,0,394237,339119,385,0.8601906974738546
393776,349078,44698,338351,55425,10727,250,0,393776,338351,386,0.8592473893787331
394293,349780,44513,338991,55302,10789,250,0,394293,338991,387,0.8597438960367036
395171,350512,44659,339877,55294,10635,250,0,395171,339877,388,0.8600757646689661
393859,348990,44869,338508,55351,10482,250,0,393859,338508,389,0.8594649354210517
394394,349702,44692,338987,55407,10715,250,0,394394,338987,390,0.8595135828638367
393855,348943,44912,338425,55430,10518,250,0,393855,338425,391,0.8592629267116071
395093,350402,44691,339757,55336,10645,250,0,395093,339757,392,0.8599418364790062
394260,349548,44712,338969,55291,10579,250,0,394260,338969,393,0.8597600568152995
395188,350587,44601,339818,55370,10769,250,0,395188,339818,394,0.8598894703280464
394778,350088,44690,339514,55264,10574,250,0,394778,339514,395,0.8600124627005558
394241,349853,44388,338994,55247,10859,250,0,394241,338994,396,0.8598649049692955
394589,349877,44712,339310,55279,10567,250,0,394589,339310,397,0.8599073973172086
394954,350309,44645,339626,55328,10683,250,0,394954,339626,398,0.8599127999716423
394812,350306,44506,339526,55286,10780,250,0,394812,339526,399,0.859968795274713
394407,349655,44752,339033,55374,10622,250,0,394407,339033,400,0.8596018833337137
394288,349891,44397,339356,54932,10535,250,0,394288,339356,401,0.8606805177940997
394171,349405,44766,338616,55555,10789,250,0,394171,338616,402,0.8590586319135604
394125,349595,44530,339007,55118,10588,250,0,394125,339007,403,0.860150967332699
394347,349602,44745,338939,55408,10663,250,0,394347,338939,404,0.859494303240547
393752,349476,44276,338881,54871,10595,250,0,393752,338881,405,0.8606457871960016
395226,350825,44401,340218,55008,10607,250,0,395226,340218,406,0.8608188732522658
394214,349436,44778,338743,55471,10693,250,0,394214,338743,407,0.8592870877239266
393513,349158,44355,338438,55075,10720,250,0,393513,338438,408,0.8600427431876456
393702,349238,44464,338571,55131,10667,250,0,393702,338571,409,0.8599676912995108
393047,348764,44283,338094,54953,10670,250,0,393047,338094,410,0.8601872040748307
394110,349714,44396,339005,55105,10709,250,0,394110,339005,411,0.8601786303316333
393858,349448,44410,338679,55179,10769,250,0,393858,338679,412,0.8599012842191855
393922,349313,44609,338710,55212,10603,250,0,393922,338710,413,0.8598402729474363
395732,350843,44889,340027,55705,10816,250,0,395732,340027,414,0.8592355432464395
394884,350071,44813,339308,55576,10763,250,0,394884,339308,415,0.8592599345630616
394837,350368,44469,339817,55020,10551,250,0,394837,339817,416,0.8606513573955835
394110,349374,44736,338598,55512,10776,250,0,394110,338598,417,0.8591459237268783
395098,350560,44538,339845,55253,10715,250,0,395098,339845,418,0.8601536833899438
394502,349888,44614,339152,55350,10736,250,0,394502,339152,419,0.8596965287881937
394586,349792,44794,339021,55565,10771,250,0,394586,339021,420,0.8591815218989016
393978,349345,44633,338588,55390,10757,250,0,393978,338588,421,0.8594083933620659
393962,348994,44968,338210,55752,10784,250,0,393962,338210,422,0.8584838131596448
394767,349998,44769,339220,55547,10778,250,0,394767,339220,423,0.8592916834487179
394964,350527,44437,339865,55099,10662,250,0,394964,339865,424,0.8604961464842366
393875,349187,44688,338552,55323,10635,250,0,393875,338552,425,0.8595417327832434
394058,349598,44460,338904,55154,10694,250,0,394058,338904,426,0.8600358322886479
394498,349693,44805,339079,55419,10614,250,0,394498,339079,427,0.8595202003558954
393978,349269,44709,338618,55360,10651,250,0,393978,338618,428,0.8594845397458741
394434,349500,44934,338970,55464,10530,250,0,394434,338970,429,0.8593833188822465
394008,349184,44824,338461,55547,10723,250,0,394008,338461,430,0.859020629022761
394347,350111,44236,339423,54924,10688,250,0,394347,339423,431,0.8607216487002564
394477,349882,44595,339262,55215,10620,250,0,394477,339262,432,0.8600298623240392
394925,350067,44858,339303,55622,10764,250,0,394925,339303,433,0.8591580679875925
394632,350070,44562,339415,55217,10655,250,0,394632,339415,434,0.8600797705203835
393958,349287,44671,338596,55362,10691,250,0,393958,338596,435,0.8594723295376665
395064,350486,44578,339833,55231,10653,250,0,395064,339833,436,0.860197335115323
393576,348954,44622,338077,55499,10877,250,0,393576,338077,437,0.8589878447872837
394416,350136,44280,339547,54869,10589,250,0,394416,339547,438,0.8608854610360634
393595,349047,44548,338517,55078,10530,250,0,393595,338517,439,0.8600642792718404
394562,350007,44555,339288,55274,10719,250,0,394562,339288,440,0.8599104830166108
393563,349046,44517,338319,55244,10727,250,0,393563,338319,441,0.8596311136971717
394811,350046,44765,339384,55427,10662,250,0,394811,339384,442,0.8596113076889955
395247,350485,44762,339716,55531,10769,250,0,395247,339716,443,0.8595030449313973
394395,349779,44616,339057,55338,10722,250,0,394395,339057,444,0.8596888905792416
393105,348574,44531,337947,55158,10627,250,0,393105,337947,445,0.8596863433433816
394604,349876,44728,339114,55490,10762,250,0,394604,339114,446,0.8593780093460786
394657,349949,44708,339229,55428,10720,250,0,394657,339229,447,0.859553992454207
393342,348972,44370,338348,54994,10624,250,0,393342,338348,448,0.8601878263699274
394974,350165,44809,339533,55441,10632,250,0,394974,339533,449,0.8596337986804194
394766,350075,44691,339265,55501,10810,250,0,394766,339265,450,0.8594078517400181
394792,350256,44536,339650,55142,10606,250,0,394792,339650,451,0.8603264503839997
393733,349347,44386,338529,55204,10818,250,0,393733,338529,452,0.8597933117112357
394592,350262,44330,339580,55012,10682,250,0,394592,339580,453,0.8605851106966182
394626,349965,44661,339316,55310,10649,250,0,394626,339316,454,0.8598419769604638
394708,349918,44790,339359,55349,10559,250,0,394708,339359,455,0.8597722873617966
395844,351099,44745,340273,55571,10826,250,0,395844,340273,456,0.8596138882994311
395017,350165,44852,339428,55589,10737,250,0,395017,339428,457,0.8592744109747176
393768,349248,44520,338666,55102,10582,250,0,393768,338666,458,0.8600648097356819
394390,349766,44624,338986,55404,10780,250,0,394390,338986,459,0.8595197646999163
394114,349538,44576,338880,55234,10658,250,0,394114,338880,460,0.8598527329655886
393676,349032,44644,338425,55251,10607,250,0,393676,338425,461,0.8596536237921539
394070,349757,44313,339078,54992,10679,250,0,394070,339078,462,0.860451188875073
393699,349069,44630,338435,55264,10634,250,0,393699,338435,463,0.8596288027147643
394380,349844,44536,339173,55207,10671,250,0,394380,339173,464,0.8600157208783407
394372,350147,44225,339534,54838,10613,250,0,394372,339534,465,0.8609485460428226
395004,350272,44732,339461,55543,10811,250,0,395004,339461,466,0.8593862340634525
393720,349596,44124,338888,54832,10708,250,0,393720,338888,467,0.8607335162044092
394691,350510,44181,339750,54941,10760,250,0,394691,339750,468,0.8607999675695671
396066,351379,44687,340776,55290,10603,250,0,396066,340776,469,0.8604020542030874
394657,350065,44592,339393,55264,10672,250,0,394657,339393,470,0.8599695431729324
395498,351370,44128,340678,54820,10692,250,0,395498,340678,471,0.8613899438176679
393751,349192,44559,338500,55251,10692,250,0,393751,338500,472,0.859680356367349
395192,350534,44658,339730,55462,10804,250,0,395192,339730,473,0.8596580902447418
395175,350559,44616,339903,55272,10656,250,0,395175,339903,474,0.8601328525336877
394659,349972,44687,339247,55412,10725,250,0,394659,339247,475,0.8595952455157491
394769,349925,44844,339107,55662,10818,250,0,394769,339107,476,0.8590010867114692
394140,349552,44588,338826,55314,10726,250,0,394140,338826,477,0.859659004414675
395342,350563,44779,339649,55693,10914,250,0,395342,339649,478,0.8591270343145935
394520,349926,44594,339083,55437,10843,250,0,394520,339083,479,0.8594824090033458
394173,349878,44295,339153,55020,10725,250,0,394173,339153,480,0.8604166190987206
394385,350172,44213,339408,54977,10764,250,0,394385,339408,481,0.8606006820746225
393062,348741,44321,337964,55098,10777,250,0,393062,337964,482,0.859823641054083
394362,350005,44357,339440,54922,10565,250,0,394362,339440,483,0.8607320177907608
394259,349612,44647,338912,55347,10700,250,0,394259,338912,484,0.8596176625010463
394026,349214,44812,338465,55561,10749,250,0,394026,338465,485,0.8589915386294306
394516,350116,44400,339363,55153,10753,250,0,394516,339363,486,0.8602008537042858
393809,349614,44195,338872,54937,10742,250,0,393809,338872,487,0.8604983634198304
393650,349018,44632,338360,55290,10658,250,0,393650,338360,488,0.859545281341293
395380,350479,44901,339937,55443,10542,250,0,395380,339937,489,0.8597728767261875
393037,348365,44672,337787,55250,10578,250,0,393037,337787,490,0.8594279927843943
394481,350357,44124,339701,54780,10656,250,0,394481,339701,491,0.8611339963141444
394715,349924,44791,339227,55488,10697,250,0,394715,339227,492,0.85942262138505
394889,350417,44472,339695,55194,10722,250,0,394889,339695,493,0.8602290770317735
395438,350436,45002,339795,55643,10641,250,0,395438,339795,494,0.8592876759441429
394787,350112,44675,339283,55504,10829,250,0,394787,339283,495,0.8594077312576148
393965,349385,44580,338707,55258,10678,250,0,393965,338707,496,0.8597388092850887
394477,349889,44588,339145,55332,10744,250,0,394477,339145,497,0.85973326708528
394597,350028,44569,339392,55205,10636,250,0,394597,339392,498,0.8600977706368776
393799,348833,44966,338154,55645,10679,250,0,393799,338154,499,0.858696949458988
394638,349494,45144,338631,56007,10863,250,0,394638,338631,500,0.8580800632478373
394261,349481,44780,338985,55276,10496,250,0,394261,338985,501,0.8597984583816305
395356,350734,44622,340013,55343,10721,250,0,395356,340013,502,0.8600173008630196
394353,349778,44575,338892,55461,10886,250,0,394353,338892,503,0.8593620436512465
394140,349718,44422,339109,55031,10609,250,0,394140,339109,504,0.860377023392703
393711,349157,44554,338446,55265,10711,250,0,393711,338446,505,0.8596305411837617
393585,349041,44544,338379,55206,10662,250,0,393585,338379,506,0.8597355082129654
394246,349533,44713,338701,55545,10832,250,0,394246,338701,507,0.8591108089872821
393834,349243,44591,338488,55346,10755,250,0,393834,338488,508,0.8594687101672278
394573,350015,44558,339321,55252,10694,250,0,394573,339321,509,0.8599701449414937
395254,350461,44793,339769,55485,10692,250,0,395254,339769,510,0.8596219140097254
394658,350045,44613,339607,55051,10438,250,0,394658,339607,511,0.8605096057852621
394664,350297,44367,339548,55116,10749,250,0,394664,339548,512,0.8603470293718201
394961,350531,44430,339790,55171,10741,250,0,394961,339790,513,0.8603127903767713
393988,349362,44626,338548,55440,10814,250,0,393988,338548,514,0.8592850543671381
395360,350503,44857,339818,55542,10685,250,0,395360,339818,515,0.859515378389316
394922,350543,44379,339828,55094,10715,250,0,394922,339828,516,0.8604939709613544
394363,349768,44595,338917,55446,10851,250,0,394363,338917,517,0.8594036458795576
393950,349316,44634,338676,55274,10640,250,0,393950,338676,518,0.8596928544231501
395052,350267,44785,339573,55479,10694,250,0,395052,339573,519,0.85956532304608
393596,349047,44549,338468,55128,10579,250,0,393596,338468,520,0.85993760099188
393976,349290,44686,338639,55337,10651,250,0,393976,338639,521,0.8595422056165858
394321,349674,44647,339022,55299,10652,250,0,394321,339022,522,0.8597614633762848
394876,349843,45033,339192,55684,10651,250,0,394876,339192,523,0.8589835796553855
394422,349864,44558,339163,55259,10701,250,0,394422,339163,524,0.8598987886071264
393295,348679,44616,338068,55227,10611,250,0,393295,338068,525,0.8595786877534675
394664,350169,44495,339526,55138,10643,250,0,394664,339526,526,0.8602912857519307
395232,350470,44762,339786,55446,10684,250,0,395232,339786,527,0.8597127762934176
394092,349319,44773,338738,55354,10581,250,0,394092,338738,528,0.8595404118835196
394209,349324,44885,338749,55460,10575,250,0,394209,338749,529,0.8593132069536717
394697,350061,44636,339301,55396,10760,250,0,394697,339301,530,0.8596493006027408
394959,350099,44860,339506,55453,10593,250,0,394959,339506,531,0.859598084864505
394635,350222,44413,339509,55126,10713,250,0,394635,339509,532,0.8603114270148365
394397,349880,44517,338950,55447,10930,250,0,394397,338950,533,0.8594132308308633
394630,350209,44421,339486,55144,10723,250,0,394630,339486,534,0.8602640448014596
393787,348987,44800,338478,55309,10509,250,0,393787,338478,535,0.8595458966395538
394795,349935,44860,339178,55617,10757,250,0,394795,339178,536,0.8591243556782634
394633,350163,44470,339487,55146,10676,250,0,394633,339487,537,0.8602600390742792
395315,350436,44879,339540,55775,10896,250,0,395315,339540,538,0.858909983177972
394540,349857,44683,339153,55387,10704,250,0,394540,339153,539,0.8596162619759721
393660,349277,44383,338629,55031,10648,250,0,393660,338629,540,0.8602067774221409
395384,350520,44864,339855,55529,10665,250,0,395384,339855,541,0.8595567853023895
395306,350390,44916,339724,55582,10666,250,0,395306,339724,542,0.8593950003288592
394924,350450,44474,339729,55195,10721,250,0,394924,339729,543,0.8602389320476851
395792,351092,44700,340330,55462,10762,250,0,395792,340330,544,0.8598708412499495
394030,349474,44556,338769,55261,10705,250,0,394030,338769,545,0.8597543334263889
394037,349144,44893,338412,55625,10732,250,0,394037,338412,546,0.8588330537487596
394088,349535,44553,338862,55226,10673,250,0,394088,338862,547,0.8598637867684376
394105,349380,44725,338660,55445,10720,250,0,394105,338660,548,0.8593141421702338
394052,349717,44335,339073,54979,10644,250,0,394052,339073,549,0.8604778049597515
394904,350376,44528,339645,55259,10731,250,0,394904,339645,550,0.8600697891133035
394595,349685,44910,339124,55471,10561,250,0,394595,339124,551,0.8594229526476513
393553,349032,44521,338403,55150,10629,250,0,393553,338403,552,0.8598663966479737
395362,350543,44819,339937,55425,10606,250,0,395362,339937,553,0.8598120203762628
395513,350933,44580,340260,55253,10673,250,0,395513,340260,554,0.8603004199609116
395193,350046,45147,339302,55891,10744,250,0,395193,339302,555,0.8585728998236305
395200,350403,44797,339678,55522,10725,250,0,395200,339678,556,0.8595091093117408
394795,350256,44539,339479,55316,10777,250,0,394795,339479,557,0.8598867766815689
393957,349404,44553,338686,55271,10718,250,0,393957,338686,558,0.8597029625060603
393708,349450,44258,338749,54959,10701,250,0,393708,338749,559,0.8604066973493045
394069,349604,44465,338776,55293,10828,250,0,394069,338776,560,0.8596870091278431
394351,349729,44622,338904,55447,10825,250,0,394351,338904,561,0.8593968317564809
394148,349765,44383,339341,54807,10424,250,0,394148,339341,562,0.8609481717527426
393478,348879,44599,338222,55256,10657,250,0,393478,338222,563,0.8595702936377637
394370,349676,44694,339142,55228,10534,250,0,394370,339142,564,0.8599589218246824
394624,350144,44480,339336,55288,10808,250,0,394624,339336,565,0.8598970158936101
394718,349722,44996,339191,55527,10531,250,0,394718,339191,566,0.8593248851078491
395723,350690,45033,339814,55909,10876,250,0,395723,339814,567,0.8587168297015841
394008,349584,44424,339051,54957,10533,250,0,394008,339051,568,0.860518060546994
395863,351030,44833,340184,55679,10846,250,0,395863,340184,569,0.8593478046697974
395373,350764,44609,339858,55515,10906,250,0,395373,339858,570,0.8595882875158395
395096,350469,44627,339842,55254,10627,250,0,395096,339842,571,0.8601504444489441
395242,350165,45077,339313,55929,10852,250,0,395242,339313,572,0.8584942895744886
395074,350175,44899,339480,55594,10695,250,0,395074,339480,573,0.8592820585510562
394305,349628,44677,338823,55482,10805,250,0,394305,338823,574,0.8592916650815993
394691,350102,44589,339392,55299,10710,250,0,394691,339392,575,0.8598929288988094
395121,350678,44443,339869,55252,10809,250,0,395121,339869,576,0.8601643547166564
394717,350253,44464,339619,55098,10634,250,0,394717,339619,577,0.8604113833455361
393747,349230,44517,338352,55395,10878,250,0,393747,338352,578,0.8593132138149624
394094,349625,44469,338851,55243,10774,250,0,394094,338851,579,0.8598227833968546
394416,350228,44188,339579,54837,10649,250,0,394416,339579,580,0.8609665936473165
394347,349955,44392,339332,55015,10623,250,0,394347,339332,581,0.8604908874671292
394623,350146,44477,339587,55036,10559,250,0,394623,339587,582,0.8605352450313337
394382,349627,44755,338868,55514,10759,250,0,394382,338868,583,0.8592379976773787
394422,349581,44841,338918,55504,10663,250,0,394422,338918,584,0.8592776265015644
394611,350145,44466,339404,55207,10741,250,0,394611,339404,585,0.8600976658025246
395224,350207,45017,339521,55703,10686,250,0,395224,339521,586,0.859059672489525
394587,349883,44704,339126,55461,10757,250,0,394587,339126,587,0.8594454454911085
394447,349420,45027,338722,55725,10698,250,0,394447,338722,588,0.8587262674072816
395374,350442,44932,339805,55569,10637,250,0,395374,339805,589,0.8594520631098655
394123,349279,44844,338628,55495,10651,250,0,394123,338628,590,0.8591937034885049
393675,348774,44901,338223,55452,10551,250,0,393675,338223,591,0.8591426938464469
394362,349501,44861,338903,55459,10598,250,0,394362,338903,592,0.8593703247270275
393998,349579,44419,338936,55062,10643,250,0,393998,338936,593,0.8602480215635613
394316,349666,44650,338852,55464,10814,250,0,394316,338852,594,0.8593412390062792
393458,348983,44475,338393,55065,10590,250,0,393458,338393,595,0.8600485947674211
394743,350087,44656,339368,55375,10719,250,0,394743,339368,596,0.8597188550525279
394064,349562,44502,338957,55107,10605,250,0,394064,338957,597,0.8601572333428072
394295,349935,44360,339166,55129,10769,250,0,394295,339166,598,0.8601833652468329
393957,349414,44543,338814,55143,10600,250,0,393957,338814,599,0.8600278710620702
395028,350578,44450,339914,55114,10664,250,0,395028,339914,600,0.860480776046255
394884,350382,44502,339646,55238,10736,250,0,394884,339646,601,0.8601158821324744
392323,347720,44603,337242,55081,10478,250,0,392323,337242,602,0.8596029292190364
394107,349689,44418,339067,55040,10622,250,0,394107,339067,603,0.8603424958196632
394054,349673,44381,339085,54969,10588,250,0,394054,339085,604,0.8605038903297517
395331,350446,44885,339894,55437,10552,250,0,395331,339894,605,0.8597706731827254
395214,350820,44394,340019,55195,10801,250,0,395214,340019,606,0.8603414858785366
394947,350333,44614,339667,55280,10666,250,0,394947,339667,607,0.8600318523751288
394873,350259,44614,339509,55364,10750,250,0,394873,339509,608,0.8597928954372672
395864,351144,44720,340470,55394,10674,250,0,395864,340470,609,0.8600681041974011
395054,350318,44736,339701,55353,10617,250,0,395054,339701,610,0.8598849777498773
394426,349636,44790,339086,55340,10550,250,0,394426,339086,611,0.8596948477027376
394382,350022,44360,339181,55201,10841,250,0,394382,339181,612,0.8600316444462476
394512,349866,44646,339164,55348,10702,250,0,394512,339164,613,0.8597051547227967
394210,349774,44436,339085,55125,10689,250,0,394210,339085,614,0.8601633647040917
395099,350468,44631,339831,55268,10637,250,0,395099,339831,615,0.8601160721743158
394330,349709,44621,339024,55306,10685,250,0,394330,339024,616,0.8597469124844673
394062,349785,44277,339070,54992,10715,250,0,394062,339070,617,0.8604483558424817
394183,349578,44605,338968,55215,10610,250,0,394183,338968,618,0.8599254660906229
394462,349612,44850,338896,55566,10716,250,0,394462,338896,619,0.8591347202011854
394781,350486,44295,339887,54894,10599,250,0,394781,339887,620,0.8609507549755434
393250,348658,44592,337948,55302,10710,250,0,393250,337948,621,0.8593719008264463
394087,349735,44352,339059,55028,10676,250,0,394087,339059,622,0.8603658583003245
393847,349420,44427,338738,55109,10682,250,0,393847,338738,623,0.860075105307391
394704,349879,44825,339179,55525,10700,250,0,394704,339179,624,0.859324962503547
394044,349318,44726,338804,55240,10514,250,0,394044,338804,625,0.8598126097593162
394186,349912,44274,339262,54924,10650,250,0,394186,339262,626,0.860664762320326
394580,350169,44411,339673,54907,10496,250,0,394580,339673,627,0.8608469765320087
393657,349177,44480,338534,55123,10643,250,0,393657,338534,628,0.8599720060865169
394074,349586,44488,338872,55202,10714,250,0,394074,338872,629,0.8599197105112237
393716,349412,44304,338866,54850,10546,250,0,393716,338866,630,0.8606863830781578
392977,348631,44346,337973,55004,10658,250,0,392977,337973,631,0.8600325209872334
394838,350595,44243,339887,54951,10708,250,0,394838,339887,632,0.8608264655377649
394241,349688,44553,338890,55351,10798,250,0,394241,338890,633,0.8596011069371273
394535,349921,44614,339224,55311,10697,250,0,394535,339224,634,0.8598071147046523
394264,349965,44299,339144,55120,10821,250,0,394264,339144,635,0.8601951991558956
394761,349867,44894,339141,55620,10726,250,0,394761,339141,636,0.8591046227970848
395596,351033,44563,340339,55257,10694,250,0,395596,340339,637,0.8603196190052478
394897,349909,44988,339234,55663,10675,250,0,394897,339234,638,0.8590442571100819
394302,349787,44515,339177,55125,10610,250,0,394302,339177,639,0.8601959919046822
394537,349784,44753,339085,55452,10699,250,0,394537,339085,640,0.8594504444450077
395062,350489,44573,339789,55273,10700,250,0,395062,339789,641,0.8600903149379084
393852,349206,44646,338645,55207,10561,250,0,393852,338645,642,0.8598280572397754
394369,349884,44485,339134,55235,10750,250,0,394369,339134,643,0.8599408168491945
393460,349223,44237,338451,55009,10772,250,0,393460,338451,644,0.8601916332028668
394322,349474,44848,338854,55468,10620,250,0,394322,338854,645,0.8593332352747247
394275,349559,44716,338890,55385,10669,250,0,394275,338890,646,0.8595269798998161
395097,350344,44753,339604,55493,10740,250,0,395097,339604,647,0.8595458836690737
394655,349965,44690,339284,55371,10681,250,0,394655,339284,648,0.8596977106586766
393377,348810,44567,338081,55296,10729,250,0,393377,338081,649,0.8594325545214896
394446,350079,44367,339371,55075,10708,250,0,394446,339371,650,0.8603737900751941
395564,350866,44698,340008,55556,10858,250,0,395564,340008,651,0.8595524365210181
393540,349318,44222,338589,54951,10729,250,0,393540,338589,652,0.8603674340600701
393511,349101,44410,338468,55043,10633,250,0,393511,338468,653,0.8601233510626133
395019,350124,44895,339504,55515,10620,250,0,395019,339504,654,0.8594624562362823
395422,350844,44578,340106,55316,10738,250,0,395422,340106,655,0.8601089468972389
393698,349193,44505,338244,55454,10949,250,0,393698,338244,656,0.8591458427525667
394277,349926,44351,338936,55341,10990,250,0,394277,338936,657,0.8596392891292163
394853,350519,44334,339782,55071,10737,250,0,394853,339782,658,0.8605278420070254
394317,349895,44422,339063,55254,10832,250,0,394317,339063,659,0.8598741621588721
394663,349743,44920,339239,55424,10504,250,0,394663,339239,660,0.8595662628622395
394294,349790,44504,338998,55296,10792,250,0,394294,338998,661,0.8597594688227567
394784,350595,44189,340035,54749,10560,250,0,394784,340035,662,0.8613191010780579
394583,349797,44786,339007,55576,10790,250,0,394583,339007,663,0.859152573729735
394394,349864,44530,338990,55404,10874,250,0,394394,338990,664,0.8595211894704281
394102,349514,44588,338819,55283,10695,250,0,394102,338819,665,0.8597241323312239
394766,350340,44426,339671,55095,10669,250,0,394766,339671,666,0.8604363091046341
395455,351133,44322,340290,55165,10843,250,0,395455,340290,667,0.8605024591925756
395416,351027,44389,340229,55187,10798,250,0,395416,340229,668,0.8604330629008436
394579,349995,44584,339083,55496,10912,250,0,394579,339083,669,0.8593538936436049
393377,348569,44808,337893,55484,10676,250,0,393377,337893,670,0.8589546414762429
395609,351208,44401,340412,55197,10796,250,0,395609,340412,671,0.8604758739058009
395350,350613,44737,339902,55448,10711,250,0,395350,339902,672,0.8597495889717971
394213,349497,44716,338807,55406,10690,250,0,394213,338807,673,0.8594516162582158
393136,348874,44262,338038,55098,10836,250,0,393136,338038,674,0.8598500264539498
394995,350339,44656,339604,55391,10735,250,0,394995,339604,675,0.859767845162597
394000,349318,44682,338563,55437,10755,250,0,394000,338563,676,0.8592969543147209
395205,350566,44639,339855,55350,10711,250,0,395205,339855,677,0.85994610392075
395028,350477,44551,339785,55243,10692,250,0,395028,339785,678,0.8601542169162693
394471,350230,44241,339563,54908,10667,250,0,394471,339563,679,0.8608059908079428
395145,350960,44185,340382,54763,10578,250,0,395145,340382,680,0.8614103683457971
393801,349354,44447,338619,55182,10735,250,0,393801,338619,681,0.8598733878278623
395360,350657,44703,339879,55481,10778,250,0,395360,339879,682,0.8596696681505464
394404,349950,44454,339341,55063,10609,250,0,394404,339341,683,0.8603893469640267
395113,350316,44797,339596,55517,10720,250,0,395113,339596,684,0.8594908292058221
394182,349633,44549,339018,55164,10615,250,0,394182,339018,685,0.8600544925947913
393948,349318,44630,338622,55326,10696,250,0,393948,338622,686,0.8595601449937555
394496,349960,44536,339482,55014,10478,250,0,394496,339482,687,0.8605461145360156
394295,349579,44716,338810,55485,10769,250,0,394295,338810,688,0.8592804879595227
394930,350938,43992,340102,54828,10836,250,0,394930,340102,689,0.8611703339832375
394819,350239,44580,339525,55294,10714,250,0,394819,339525,690,0.8599510155286346
393956,349300,44656,338594,55362,10706,250,0,393956,338594,691,0.8594716161195667
393863,349324,44539,338520,55343,10804,250,0,393863,338520,692,0.8594866743004548
394456,349839,44617,339375,55081,10464,250,0,394456,339375,693,0.8603621189689091
394245,349425,44820,338831,55414,10594,250,0,394245,338831,694,0.8594427323111263
394488,350064,44424,339440,55048,10624,250,0,394488,339440,695,0.8604570988217639
394820,349517,45303,338814,56006,10703,250,0,394820,338814,696,0.8581480168177904
394139,349621,44518,338967,55172,10654,250,0,394139,338967,697,0.860018927332743
394325,349386,44939,338864,55461,10522,250,0,394325,338864,698,0.85935205731313
394088,349467,44621,338943,55145,10524,250,0,394088,338943,699,0.8600693246178519
394102,349555,44547,338902,55200,10653,250,0,394102,338902,700,0.8599347377074971
394783,350501,44282,339909,54874,10592,250,0,394783,339909,701,0.8610021201520835
395296,350602,44694,339796,55500,10806,250,0,395296,339796,702,0.8595988828624626
394333,349613,44720,339072,55261,10541,250,0,394333,339072,703,0.8598620962486021
394800,350022,44778,339452,55348,10570,250,0,394800,339452,704,0.859807497467072
394536,349985,44551,339380,55156,10605,250,0,394536,339380,705,0.8602003365979277
394342,349796,44546,339154,55188,10642,250,0,394342,339154,706,0.8600504130932034
394756,350123,44633,339357,55399,10766,250,0,394756,339357,707,0.8596626777047087
394608,350191,44417,339540,55068,10651,250,0,394608,339540,708,0.8604488505048048
394910,350029,44881,339332,55578,10697,250,0,394910,339332,709,0.8592641361322833
394341,349931,44410,339201,55140,10730,250,0,394341,339201,710,0.860171780261246
394503,350054,44449,339352,55151,10702,250,0,394503,339352,711,0.8602013165932832
393765,349491,44274,338767,54998,10724,250,0,393765,338767,712,0.8603278605259482
395149,350806,44343,340236,54913,10570,250,0,395149,340236,713,0.8610321676127233
395563,350617,44946,339980,55583,10637,250,0,395563,339980,714,0.8594838243212839
394853,350454,44399,339633,55220,10821,250,0,394853,339633,715,0.8601504863835402
395024,350468,44556,339864,55160,10604,250,0,395024,339864,716,0.8603629146583499
394617,349969,44648,339242,55375,10727,250,0,394617,339242,717,0.8596740637124097
394220,349608,44612,339090,55130,10518,250,0,394220,339090,718,0.8601542286033179
394366,349688,44678,338964,55402,10724,250,0,394366,338964,719,0.8595162869010006
