run_id,ddb_seconds,count_min,count_max,count_sum,zero_count,object_pixels,object_count_sum,object_zero_count,variance_min,variance_max,variance_sum,variance_nonfinite,variance_negative
0,13.5734743779999,1,96,19695768,0,251352,8708627,0,0.0,32.390625,185654.0276238583,0,0
1,13.573143630999994,2,99,19469635,0,251352,8548204,0,0.0,42.10123825073242,188792.82692316175,0,0
2,13.572243082000114,1,90,19523759,0,251352,8599192,0,0.0,32.72968673706055,189812.0446600318,0,0
3,13.57980727800009,1,98,19671534,0,251352,8651289,0,0.0,23.739063262939453,187082.34390938003,0,0
4,0.8238556819999303,0,97,19474765,5,251352,8603331,0,0.0,14.35079288482666,193211.2341556009,0,0
5,0.8578309260001333,1,103,19568072,0,251352,8612831,0,0.0,35.09375,195217.0197737706,0,0
6,0.834059371000194,1,101,19525161,0,251352,8565584,0,0.0,15.80078125,189683.5024187602,0,0
7,0.8564357479999671,2,93,19592959,0,251352,8641610,0,0.0,31.083984375,189876.16409804346,0,0
8,0.7959149519999755,1,97,19577933,0,251352,8588749,0,0.0,16.925222396850586,190369.07089241222,0,0
9,0.7985732679999273,1,92,19545876,0,251352,8593709,0,0.0,18.44954490661621,190715.25638084742,0,0
10,0.8100894159999825,1,96,19627017,0,251352,8682649,0,0.0,22.84402847290039,189085.6291336855,0,0
11,0.8013859399998182,1,101,19682227,0,251352,8642714,0,0.0,19.230859756469727,187537.05570925027,0,0
12,0.892635227000028,0,95,19415438,1,251352,8558314,0,0.0,20.98320770263672,194023.20945071988,0,0
13,0.8895723190000808,1,98,19644838,0,251352,8675795,0,0.0,32.8671875,187183.7403081404,0,0
14,0.9107709679999516,0,107,19594851,1,251352,8639984,0,0.0,31.74609375,188281.5135835195,0,0
15,0.872782935000032,1,105,19704468,0,251352,8691347,0,0.0,24.790008544921875,187832.35264167748,0,0
16,0.8652503490000072,1,99,19583011,0,251352,8626044,0,0.0,15.203441619873047,186447.32727008406,0,0
17,0.8819179250001525,1,91,19712299,0,251352,8671378,0,0.0,18.80599021911621,186022.11324263178,0,0
18,0.8755204669998875,0,110,19509632,1,251352,8569733,0,0.0,19.327381134033203,193017.72376911747,0,0
19,0.8721343800000341,1,97,19622954,0,251352,8658397,0,0.0,38.18760681152344,192869.62229921995,0,0
20,0.8217527100000552,1,101,19685110,0,251352,8662923,0,0.0,28.53580665588379,188396.85714558163,0,0
21,0.7936808990000372,1,94,19669593,0,251352,8662476,0,0.0,44.484375,189435.17906749464,0,0
22,0.8140375030000087,0,95,19581585,1,251352,8679712,0,0.0,23.560197830200195,190505.0828124117,0,0
23,0.7921130459999404,2,94,19622714,0,251352,8687533,0,0.0,19.19156837463379,189489.91703541763,0,0
24,0.8882085109999025,2,107,19704967,0,251352,8656941,0,0.0,26.205078125,187258.34490747005,0,0
25,0.8667922500001168,1,99,19711991,0,251352,8714512,0,0.0,30.6264591217041,187233.22283824533,0,0
26,0.9028005070001655,2,95,19584796,0,251352,8600143,0,0.0,40.639060974121094,189548.52133155358,0,0
27,0.8710214380000707,1,103,19474846,0,251352,8568433,0,0.0,22.91015625,186937.09530379623,0,0
28,0.8394703870001194,1,92,19618557,0,251352,8652578,0,0.0,22.5078125,185230.45100269665,0,0
29,0.8349602490000052,0,98,19552961,1,251352,8650991,0,0.0,25.43359375,189241.81666263193,0,0
30,0.8216528560001279,0,95,19661760,6,251352,8722969,5,0.0,25.9934024810791,191630.7576130461,0,0
31,0.8281041840000398,1,102,19565455,0,251352,8601740,0,0.0,20.05208396911621,190332.31575888395,0,0
32,0.8617051449998598,2,102,19512257,0,251352,8590578,0,0.0,30.5625,192989.4673529053,0,0
33,0.841707974999963,2,94,19648867,0,251352,8674694,0,0.0,41.53645706176758,187461.4437616868,0,0
34,0.832708840000123,1,100,19499443,0,251352,8647768,0,0.0,29.48307228088379,193775.79855433246,0,0
35,0.8614539169998352,2,101,19607094,0,251352,8634736,0,0.0,15.224451065063477,187943.26611310523,0,0
36,0.8984055870000702,1,99,19459939,0,251352,8576489,0,0.0,26.63802146911621,190409.1764198281,0,0
37,0.8928138380001656,1,102,19535975,0,251352,8557841,0,0.0,51.40208435058594,191774.49698009714,0,0
38,0.8775334839999687,0,98,19569368,3,251352,8634401,0,0.0,20.585378646850586,191363.66841369309,0,0
39,0.8991079760000957,0,100,19553169,2,251352,8675443,0,0.0,35.85221481323242,187786.17099934502,0,0
40,0.8193094410000867,1,92,19680852,0,251352,8663994,0,0.0,37.31705856323242,189584.23223269545,0,0
41,0.8045074659999045,1,98,19472571,0,251352,8614656,0,0.0,19.71484375,190011.39802808687,0,0
42,0.8131544410000515,1,102,19660829,0,251352,8696669,0,0.0,17.624387741088867,190405.21559235267,0,0
43,0.7896879750001062,0,95,19577641,1,251352,8659697,0,0.0,54.29752731323242,189749.7405253863,0,0
44,0.8449185750000652,1,97,19381937,0,251352,8526071,0,0.0,16.86849021911621,193828.6025545653,0,0
45,0.8158591740000247,1,99,19692677,0,251352,8605794,0,0.0,19.547300338745117,188681.04745136574,0,0
46,0.8388134570000148,1,94,19411031,0,251352,8531023,0,0.0,15.877249717712402,192586.83826235402,0,0
47,0.8189335130000472,1,105,19718223,0,251352,8669259,0,0.0,22.93359375,190853.35554619785,0,0
48,0.8391162049999821,2,103,19748221,0,251352,8700613,0,0.0,21.24088478088379,190728.8482271491,0,0
49,0.8329459299998234,1,104,19619383,0,251352,8653733,0,0.0,18.25,188526.08294931566,0,0
50,0.8311004570000478,1,96,19638616,0,251352,8608160,0,0.0,18.880468368530273,191138.75216453988,0,0
51,0.8348556699997971,1,97,19610358,0,251352,8639158,0,0.0,24.68901824951172,188356.1659158282,0,0
52,0.8362631509999119,0,95,19560572,5,251352,8643513,0,0.0,19.664838790893555,194366.8881492829,0,0
53,0.8318655890000173,0,98,19549559,4,251352,8633769,0,0.0,27.5546875,188807.87192556018,0,0
54,0.8390508889999637,1,92,19580959,0,251352,8624218,0,0.0,27.96167755126953,193257.70915847085,0,0
55,0.844774735999863,2,103,19567719,0,251352,8636907,0,0.0,21.518299102783203,186161.32867666055,0,0
56,0.8127201069999046,1,100,19562039,0,251352,8630103,0,0.0,70.4453125,187031.7809987422,0,0
57,0.8109207330001027,1,95,19506759,0,251352,8582288,0,0.0,18.79645538330078,188653.53297136538,0,0
58,0.7998934629999894,1,101,19541713,0,251352,8594930,0,0.0,23.41341209411621,192590.12459583487,0,0
59,0.8208578999999645,1,100,19533033,0,251352,8644337,0,0.0,36.43359375,190898.50273550604,0,0
60,0.8529933610000171,1,92,19569091,0,251352,8605584,0,0.0,21.5546875,190929.74269673883,0,0
61,0.8442241779998767,2,94,19544551,0,251352,8617685,0,0.0,19.4140625,187406.24795966642,0,0
62,0.8610643100000743,1,96,19617022,0,251352,8683624,0,0.0,15.145833015441895,186897.18373302137,0,0
63,0.8562075069999082,1,95,19558290,0,251352,8662201,0,0.0,27.735382080078125,192786.21227173693,0,0
64,0.8562444829999549,0,94,19711853,3,251352,8647888,3,0.0,15.576823234558105,187886.9560158914,0,0
65,0.8626812120000977,0,105,19729302,2,251352,8704266,0,0.0,25.144271850585938,189320.8794184737,0,0
66,0.8563980359999732,1,95,19619547,0,251352,8631562,0,0.0,20.49431800842285,189969.38379619597,0,0
67,0.860393509000005,1,105,19584660,0,251352,8609223,0,0.0,48.125,195358.08687534928,0,0
68,0.8535734430001867,1,103,19396743,0,251352,8567741,0,0.0,21.05078125,194366.73784028343,0,0
69,0.8468987730000208,1,108,19487580,0,251352,8610099,0,0.0,49.35078048706055,192501.58324571885,0,0
70,0.8520770359998551,1,96,19555560,0,251352,8652491,0,0.0,32.58203125,190521.8426749236,0,0
71,0.8442342979999466,2,90,19492442,0,251352,8618268,0,0.0,44.30312728881836,191164.50912017934,0,0
72,0.890895085000011,0,104,19732796,2,251352,8679349,0,0.0,22.713672637939453,184892.15568713378,0,0
73,0.8907950860000255,1,98,19540273,0,251352,8621273,0,0.0,42.55533981323242,192841.54239692073,0,0
74,0.8789818199998081,0,98,19535326,2,251352,8584355,0,0.0,41.421875,191789.27360934857,0,0
75,0.887839404000033,1,99,19711986,0,251352,8700318,0,0.0,26.5703125,189501.61424687342,0,0
76,0.8580237720000241,1,99,19491902,0,251352,8639007,0,0.0,23.5390625,190344.13629354653,0,0
77,0.854111236000108,1,94,19479094,0,251352,8613965,0,0.0,25.55054473876953,191788.86569841672,0,0
78,0.8613995010000508,2,91,19640370,0,251352,8656349,0,0.0,30.44596290588379,190485.14595607482,0,0
79,0.8699022179998792,1,102,19463489,0,251352,8584689,0,0.0,21.33246612548828,190681.7871428486,0,0
80,0.841660377999915,0,94,19607973,2,251352,8653717,0,0.0,16.08333396911621,186429.43216932192,0,0
81,0.8606925299998238,0,89,19571152,2,251352,8645304,0,0.0,27.74088478088379,190189.84027161635,0,0
82,0.8863488669999242,1,89,19650797,0,251352,8680131,0,0.0,26.13248634338379,189912.5254131183,0,0
83,0.8533455589999903,2,94,19634730,0,251352,8716281,0,0.0,18.13894271850586,187367.89757728996,0,0
84,0.8710171269999591,1,107,19607059,0,251352,8656565,0,0.0,13.191476821899414,186575.59520087764,0,0
85,0.8577911539998695,0,96,19580886,2,251352,8621146,0,0.0,42.38671875,191096.3806052904,0,0
86,0.8694638409999698,1,97,19481366,0,251352,8521434,0,0.0,28.30078125,192932.66751420032,0,0
87,0.881987325999944,1,112,19398755,0,251352,8574319,0,0.0,28.6015625,194229.4721256015,0,0
88,0.8266910639999878,1,90,19444786,0,251352,8578111,0,0.0,13.225260734558105,191370.4854090982,0,0
89,0.8197902570000224,1,97,19520017,0,251352,8596878,0,0.0,23.68359375,191551.83159580734,0,0
90,0.8067211410000255,1,103,19503248,0,251352,8585146,0,0.0,14.4768648147583,188664.59762056032,0,0
91,0.8421659480000017,1,98,19541473,0,251352,8618864,0,0.0,17.65234375,193441.88663102314,0,0
92,0.8702727499999128,1,96,19673827,0,251352,8651844,0,0.0,46.162109375,189208.0282129231,0,0
93,0.8571256000000176,1,93,19573035,0,251352,8663555,0,0.0,23.605728149414062,190830.41338490974,0,0
94,0.8528581900000063,1,97,19472829,0,251352,8592263,0,0.0,141.423828125,192094.6347485436,0,0
95,0.8699652499999502,1,106,19597704,0,251352,8644634,0,0.0,18.99761199951172,190013.83598636277,0,0
96,0.8675360189999992,1,85,19287237,0,251352,8526486,0,0.0,20.29427146911621,193063.12811507843,0,0
97,0.8869193089999499,2,91,19444989,0,251352,8564323,0,0.0,19.310937881469727,187449.6935231192,0,0
98,0.8491849090000869,2,102,19573232,0,251352,8626686,0,0.0,36.42578125,188588.54203640763,0,0
99,0.8923133959999632,1,94,19511760,0,251352,8603914,0,0.0,21.29296875,191748.36607257277,0,0
100,0.9850316320000729,1,106,19648873,0,251352,8625464,0,0.0,29.3160343170166,187447.07735081436,0,0
101,0.9883943730001192,2,99,19670890,0,251352,8637834,0,0.0,24.79079818725586,192832.4816818554,0,0
102,0.9855932049999865,2,96,19818463,0,251352,8698406,0,0.0,21.63671875,189609.3282069685,0,0
103,0.9618877390000762,1,101,19627620,0,251352,8612330,0,0.0,24.75,190340.22617392312,0,0
104,0.950250282999832,1,93,19470356,0,251352,8619929,0,0.0,24.315235137939453,190892.30443650996,0,0
105,0.9497037730000102,1,97,19695043,0,251352,8680837,0,0.0,18.46875,187047.0305269634,0,0
106,0.9088595990001522,1,91,19512917,0,251352,8638296,0,0.0,24.681734085083008,191039.03395062825,0,0
107,0.9323470090000683,1,96,19591679,0,251352,8609845,0,0.0,19.63060188293457,188582.25386766717,0,0
108,0.9321481569998014,0,95,19514843,3,251352,8620389,0,0.0,53.65277862548828,189783.23100264184,0,0
109,0.9345333139999639,2,96,19641664,0,251352,8679986,0,0.0,19.458984375,188415.89169467892,0,0
110,0.9311251530000391,1,97,19541565,0,251352,8620771,0,0.0,48.08580780029297,191828.33922901098,0,0
111,0.9353625260000626,1,94,19622843,0,251352,8656949,0,0.0,21.237401962280273,188677.77933472767,0,0
112,0.9571179750000738,1,99,19536257,0,251352,8644440,0,0.0,36.361915588378906,192089.1739416737,0,0
113,0.9301755110000158,1,105,19628875,0,251352,8627031,0,0.0,28.84375,192333.88673335034,0,0
114,0.9585389950000263,1,93,19579976,0,251352,8597279,0,0.0,33.08096694946289,191171.56618773192,0,0
115,0.9724084510000921,1,99,19693632,0,251352,8661204,0,0.0,19.631423950195312,191859.34696481377,0,0
116,0.9879867079998803,1,103,19700891,0,251352,8734096,0,0.0,43.150390625,192166.95632647723,0,0
117,0.9644166859998222,1,96,19526867,0,251352,8555588,0,0.0,16.438737869262695,192288.30135430116,0,0
118,0.9612953420000849,2,97,19532734,0,251352,8616973,0,0.0,20.057811737060547,195998.68323478755,0,0
119,0.9815911700000015,1,88,19593946,0,251352,8716247,0,0.0,29.46484375,188293.83520027436,0,0
120,0.9620794309998928,0,94,19373314,2,251352,8560818,0,0.0,32.81678009033203,195942.45773760416,0,0
121,1.009092444999851,0,98,19791372,4,251352,8732008,0,0.0,36.41015625,186210.9508759966,0,0
122,0.964887600999873,1,93,19415278,0,251352,8537343,0,0.0,34.45766830444336,194299.62786487676,0,0
123,1.002706513000021,1,96,19596815,0,251352,8700323,0,0.0,15.95457649230957,190196.28266747575,0,0
124,0.966976724999995,0,89,19537846,1,251352,8673887,0,0.0,18.10913848876953,188603.851948397,0,0
125,0.9704724409998562,1,106,19598571,0,251352,8659570,0,0.0,33.99774169921875,192058.87925591785,0,0
126,0.9624322289998872,2,110,19596270,0,251352,8675475,0,0.0,39.60523223876953,189874.5325148236,0,0
127,0.9747173409998595,1,106,19645605,0,251352,8683292,0,0.0,25.890625,187689.01331455633,0,0
128,1.1238149710000016,1,93,19530891,0,251352,8690243,0,0.0,35.39400863647461,191546.52723718202,0,0
129,1.0721424990001651,1,93,19612243,0,251352,8692009,0,0.0,25.431682586669922,187878.47540578432,0,0
130,1.0640877440000622,1,93,19551176,0,251352,8669265,0,0.0,18.88489532470703,186318.27401834913,0,0
131,1.0760172679999869,1,108,19516060,0,251352,8571238,0,0.0,27.728515625,192356.58737195376,0,0
132,1.1233583680000265,2,93,19548534,0,251352,8628834,0,0.0,22.313020706176758,187485.67070717597,0,0
133,1.1200029899998754,2,97,19627826,0,251352,8697921,0,0.0,63.62360763549805,189395.40024251153,0,0
134,1.1240489070000876,1,101,19538865,0,251352,8634235,0,0.0,34.98046875,191695.4336557457,0,0
135,1.085664860999941,1,90,19649638,0,251352,8673107,0,0.0,32.55859375,197925.22205393296,0,0
136,1.0681713339999988,1,93,19585251,0,251352,8648687,0,0.0,30.3125,186940.90140110382,0,0
137,1.0648076739998942,1,99,19564045,0,251352,8642119,0,0.0,39.954612731933594,191164.5510337432,0,0
138,1.0491041779998795,1,110,19614557,0,251352,8604198,0,0.0,23.67317771911621,192711.10076729115,0,0
139,1.0352439169998888,2,93,19547124,0,251352,8598684,0,0.0,25.43619728088379,190817.50943796616,0,0
140,1.1335574629999883,1,96,19506996,0,251352,8551411,0,0.0,37.890625,190197.81533297338,0,0
141,1.1125348850000591,1,108,19582792,0,251352,8591281,0,0.0,21.328125,189631.542091907,0,0
142,1.0940692899998794,0,93,19604626,2,251352,8634028,0,0.0,16.5234375,190611.71187128685,0,0
143,1.1086653240001851,1,91,19778748,0,251352,8725365,0,0.0,42.45390701293945,191861.41775836935,0,0
144,1.1060479310001483,1,92,19548868,0,251352,8652427,0,0.0,21.601167678833008,192965.1489950195,0,0
145,1.0932603620001373,1,95,19490062,0,251352,8570594,0,0.0,15.405901908874512,192995.21313626878,0,0
146,1.0905695939998168,1,95,19560702,0,251352,8589982,0,0.0,32.38671875,186517.17472689506,0,0
147,1.0999457839998286,2,97,19522377,0,251352,8618488,0,0.0,28.61588478088379,192003.88325697742,0,0
148,1.1765468590001547,2,100,19625855,0,251352,8626101,0,0.0,16.250782012939453,192743.26103012636,0,0
149,1.1810735009999007,0,93,19704298,2,251352,8736086,0,0.0,23.91275978088379,186313.81851121224,0,0
150,1.1809927130000233,1,98,19482381,0,251352,8602458,0,0.0,27.273958206176758,191413.0882400428,0,0
151,1.165867409999919,2,104,19580631,0,251352,8610429,0,0.0,20.32161521911621,193009.99685283285,0,0
152,1.1273027030001685,1,104,19540445,0,251352,8591701,0,0.0,19.17578125,185799.92430217005,0,0
153,1.1289562550000483,1,98,19495321,0,251352,8587080,0,0.0,28.3203125,193852.99609917402,0,0
154,1.1513445139999021,1,104,19497367,0,251352,8552683,0,0.0,28.87150764465332,190979.7898205612,0,0
155,1.1321400909998829,2,102,19455087,0,251352,8533731,0,0.0,27.569568634033203,191954.48434382025,0,0
156,1.157858195000017,1,101,19635439,0,251352,8651933,0,0.0,22.70952033996582,191688.3226024122,0,0
157,1.1838193539999793,1,94,19565860,0,251352,8622032,0,0.0,15.843889236450195,193986.7574097803,0,0
158,1.20334498599982,0,103,19626145,1,251352,8620061,0,0.0,31.93489646911621,188267.76711936016,0,0
159,1.1777687239998613,1,107,19538920,0,251352,8591529,0,0.0,20.007125854492188,190794.77743655723,0,0
160,1.076454664000039,1,96,19630742,0,251352,8619936,0,0.0,20.204240798950195,195410.57689277176,0,0
161,1.0910817189999307,2,92,19662341,0,251352,8670384,0,0.0,30.972461700439453,186767.16168923117,0,0
162,1.081098061000148,1,99,19628389,0,251352,8676076,0,0.0,56.897743225097656,186657.73791833408,0,0
163,1.0889531940001689,2,99,19634356,0,251352,8646132,0,0.0,16.939062118530273,190171.91621485166,0,0
164,1.099394550999932,1,98,19766987,0,251352,8708239,0,0.0,22.82486915588379,188166.05189194018,0,0
165,1.1074459189999288,2,91,19452581,0,251352,8580415,0,0.0,19.928993225097656,189279.51466245297,0,0
166,1.0921225090000917,1,89,19630509,0,251352,8626968,0,0.0,19.25249481201172,188157.43395206705,0,0
167,1.0878849780001474,1,95,19681683,0,251352,8722950,0,0.0,22.30859375,185535.79897295684,0,0
168,1.1127844109998932,1,94,19548401,0,251352,8618067,0,0.0,32.7109375,189016.62511438038,0,0
169,1.108962062000046,2,101,19571615,0,251352,8586510,0,0.0,18.32240104675293,187865.07759490656,0,0
170,1.115966945000082,1,100,19576618,0,251352,8658951,0,0.0,20.97265625,191657.7669420801,0,0
171,1.0933614129999114,1,95,19615181,0,251352,8626271,0,0.0,23.398828506469727,195039.99671871867,0,0
172,1.0543886929999644,1,94,19605602,0,251352,8632057,0,0.0,30.54166603088379,191047.9825101695,0,0
173,1.0948628450000797,2,98,19515690,0,251352,8592297,0,0.0,17.71614646911621,193285.82294819318,0,0
174,1.050696691999974,2,92,19692508,0,251352,8695221,0,0.0,13.938281059265137,188393.2366577629,0,0
175,1.098643884000012,1,106,19736107,0,251352,8713829,0,0.0,29.80078125,187489.16782298312,0,0
176,1.0780357009998625,1,102,19668441,0,251352,8626171,0,0.0,19.74609375,189299.91284287442,0,0
177,1.0703848939999716,1,104,19651320,0,251352,8671162,0,0.0,15.821614265441895,186557.3651774032,0,0
178,1.0684482199999366,2,95,19510125,0,251352,8606582,0,0.0,19.04507827758789,194285.1943414621,0,0
179,1.064300719999892,1,96,19632988,0,251352,8661423,0,0.0,26.00104331970215,192033.566174943,0,0
180,1.0519654690001516,1,90,19575896,0,251352,8621260,0,0.0,34.0625,190355.76940666884,0,0
181,1.0442763200001082,1,92,19510277,0,251352,8602224,0,0.0,15.143800735473633,192784.00667606294,0,0
182,1.0957743080000455,1,95,19682701,0,251352,8682114,0,0.0,28.260183334350586,192117.30589033244,0,0
183,1.0701410879999003,2,94,19724600,0,251352,8706528,0,0.0,17.235490798950195,192831.36105203303,0,0
184,1.0550658269999076,1,94,19607644,0,251352,8637605,0,0.0,29.83203125,188384.58495686948,0,0
185,1.0231063000001086,1,92,19752443,0,251352,8683429,0,0.0,23.00455665588379,186637.69383094786,0,0
186,1.0530219639999814,1,105,19667757,0,251352,8696081,0,0.0,22.269790649414062,194168.78481455892,0,0
187,1.0651537850001205,1,101,19676241,0,251352,8685817,0,0.0,16.683853149414062,190976.56200472987,0,0
188,1.0183816539999953,1,94,19615558,0,251352,8683350,0,0.0,17.355974197387695,185487.09148392826,0,0
189,0.9807190490000721,1,107,19409093,0,251352,8591382,0,0.0,30.943359375,192114.49370224588,0,0
190,1.023036603999799,1,103,19535615,0,251352,8657217,0,0.0,23.01067543029785,191094.5936400576,0,0
191,1.0213999769998736,1,101,19539530,0,251352,8670655,0,0.0,14.111979484558105,187636.3544874033,0,0
192,1.0200527210001837,2,94,19615087,0,251352,8653810,0,0.0,35.07747268676758,188392.69659495074,0,0
193,1.0578382159999364,1,102,19830141,0,251352,8743653,0,0.0,27.13346290588379,189768.9270705129,0,0
194,1.0539989230001083,0,93,19689988,3,251352,8639129,0,0.0,33.88164138793945,190625.19282886758,0,0
195,1.05031195499987,1,105,19466491,0,251352,8528477,0,0.0,20.986133575439453,191665.06945952505,0,0
196,1.0266932889999225,1,97,19659836,0,251352,8632377,0,0.0,14.583333015441895,189358.3190542888,0,0
197,1.0359676979999222,1,103,19592314,0,251352,8608417,0,0.0,35.49101638793945,190741.83533023577,0,0
198,1.0253568579998955,2,103,19274565,0,251352,8535881,0,0.0,20.82942771911621,190967.89471589774,0,0
199,1.0269554669998797,1,99,19703447,0,251352,8673684,0,0.0,28.508289337158203,186126.35149787553,0,0
200,1.0661508060002234,1,95,19581527,0,251352,8680575,0,0.0,17.3206844329834,189682.5711128409,0,0
201,1.0680294109999977,1,97,19600697,0,251352,8656424,0,0.0,30.77864646911621,189460.29556999356,0,0
202,1.091498920000049,2,96,19721486,0,251352,8683203,0,0.0,22.42578125,187401.7323051039,0,0
203,1.059716662000028,1,104,19594631,0,251352,8618053,0,0.0,14.17409610748291,191834.25406056878,0,0
204,1.0384377450000102,1,102,19626951,0,251352,8671115,0,0.0,25.30964469909668,190250.30430516368,0,0
205,0.9717389980000917,1,97,19499301,0,251352,8587259,0,0.0,18.20703125,190533.4477031348,0,0
206,1.0135893940000642,0,97,19516363,3,251352,8639058,0,0.0,43.609375,191479.31732084276,0,0
207,1.0228522130000783,1,92,19646064,0,251352,8670679,0,0.0,13.592448234558105,191878.76312677935,0,0
208,1.0017497769999864,1,100,19640976,0,251352,8605115,0,0.0,16.971006393432617,191333.76827756874,0,0
209,0.9895177350001632,1,102,19643185,0,251352,8631080,0,0.0,17.10576629638672,187302.67209269246,0,0
210,1.032548931999827,0,109,19739239,3,251352,8717871,0,0.0,14.029296875,188244.76062548673,0,0
211,1.0230666100001145,1,104,19550217,0,251352,8571836,0,0.0,27.734926223754883,193954.21351998718,0,0
212,1.054980852999961,0,110,19534923,3,251352,8582881,0,0.0,12.297371864318848,188493.1910696649,0,0
213,1.0167605770000137,0,107,19685991,1,251352,8646968,0,0.0,29.046875,191341.40454982035,0,0
214,1.0287514100000408,1,97,19647256,0,251352,8670637,0,0.0,17.16536521911621,188440.61772879213,0,0
215,1.0420029550000436,2,101,19596247,0,251352,8646769,0,0.0,18.36328125,187997.9067507293,0,0
216,0.9928293460000077,1,96,19546031,0,251352,8635564,0,0.0,26.559152603149414,193976.17019720003,0,0
217,1.007780448999938,0,93,19704462,2,251352,8703023,0,0.0,15.393051147460938,191250.41423251436,0,0
218,1.013191160000133,1,94,19640644,0,251352,8652011,0,0.0,28.08984375,187887.13872477412,0,0
219,1.0201586989999214,2,105,19572753,0,251352,8657899,0,0.0,34.80413055419922,196229.29578749556,0,0
220,1.0536795490002078,1,101,19613392,0,251352,8663605,0,0.0,15.829004287719727,189185.09843109734,0,0
221,1.0849180100001377,1,95,19553522,0,251352,8680296,0,0.0,40.821876525878906,191154.6822993923,0,0
222,1.11257670100008,1,102,19589237,0,251352,8647950,0,0.0,15.358259201049805,191989.65015545767,0,0
223,1.1205611539999154,1,111,19541733,0,251352,8632864,0,0.0,16.78355598449707,190405.4563663858,0,0
224,1.0090360229999078,0,104,19462729,2,251352,8540435,0,0.0,31.625,197094.92582197767,0,0
225,1.0039577820000432,2,92,19642442,0,251352,8671938,0,0.0,15.160011291503906,183414.94511845708,0,0
226,1.0403686619999917,1,94,19584267,0,251352,8633029,0,0.0,53.234375,191470.45785321482,0,0
227,1.0380317049998666,2,105,19617383,0,251352,8590629,0,0.0,25.73828125,188299.8821313167,0,0
228,1.043527221999966,1,92,19447459,0,251352,8588876,0,0.0,23.668230056762695,191107.20370504167,0,0
229,1.0075378599999567,0,98,19507956,1,251352,8577435,0,0.0,36.89583206176758,191655.68987584114,0,0
230,1.0218764650001049,2,97,19619602,0,251352,8645532,0,0.0,22.24272918701172,188047.9642564226,0,0
231,1.0769267480000053,2,109,19718314,0,251352,8689237,0,0.0,32.1607551574707,189798.0693445485,0,0
232,1.0656607690000328,1,91,19611644,0,251352,8669852,0,0.0,23.53697967529297,190974.19236666523,0,0
233,1.0499484520000806,1,99,19537234,0,251352,8623342,0,0.0,40.85130310058594,188995.24873461202,0,0
234,1.097070679999888,1,93,19457002,0,251352,8578160,0,0.0,22.919921875,190087.11752504483,0,0
235,1.091545793000023,0,103,19535478,2,251352,8558762,0,0.0,18.60546875,191458.48296191264,0,0
236,1.019791572000031,2,94,19597868,0,251352,8682852,0,0.0,26.125,189642.01321824826,0,0
237,1.0300732079999761,2,93,19747880,0,251352,8720339,0,0.0,20.1328125,189137.25419184935,0,0
238,1.0375535069999842,1,95,19481313,0,251352,8588277,0,0.0,16.5390625,186488.28492663428,0,0
239,0.955366740000045,1,98,19523751,0,251352,8586393,0,0.0,18.767187118530273,190902.68715841603,0,0
240,1.0818107679999684,1,97,19524618,0,251352,8546759,0,0.0,22.6484375,191856.46319969837,0,0
241,1.051667911999857,1,91,19562416,0,251352,8656256,0,0.0,23.5546875,191665.00985383568,0,0
242,1.0237029290001374,2,103,19699830,0,251352,8745542,0,0.0,33.65299606323242,186896.5830017347,0,0
243,1.0499567320000551,1,101,19656380,0,251352,8617966,0,0.0,27.7734375,186673.0193747771,0,0
244,1.0707426429999032,1,93,19549723,0,251352,8640625,0,0.0,42.50390625,187231.9242986967,0,0
245,1.0743342270000085,1,104,19655528,0,251352,8695091,0,0.0,17.69047737121582,191700.07787687238,0,0
246,1.0739924469999096,1,109,19657337,0,251352,8687213,0,0.0,16.436147689819336,189020.1288888536,0,0
247,1.0789500349999344,1,98,19548668,0,251352,8652956,0,0.0,25.88671875,190625.1980787851,0,0
248,1.1115020710001318,0,93,19647600,3,251352,8663754,0,0.0,20.34375,186060.03032668307,0,0
249,1.0858858879998934,1,96,19590847,0,251352,8618178,0,0.0,35.820125579833984,190163.41519280523,0,0
250,1.1812786339999093,1,90,19686975,0,251352,8691757,0,0.0,37.341796875,187511.9038787824,0,0
251,1.1352735199998278,1,95,19716813,0,251352,8711116,0,0.0,24.145030975341797,191342.07691187668,0,0
252,1.3018690670000979,1,99,19577269,0,251352,8621276,0,0.0,15.859026908874512,191784.83254915196,0,0
253,1.2843931579998298,1,98,19704967,0,251352,8646869,0,0.0,34.96484375,188927.12028016895,0,0
254,1.3017869600000722,1,90,19612180,0,251352,8706639,0,0.0,25.09765625,188327.24174826662,0,0
255,1.3013950289998775,1,89,19593914,0,251352,8645797,0,0.0,29.910415649414062,188926.58748286217,0,0
256,1.3528567210000801,0,93,19579372,2,251352,8675226,0,0.0,48.32449722290039,191057.23431874113,0,0
257,1.2873494570001185,1,94,19674737,0,251352,8720858,0,0.0,18.121803283691406,189736.97715923376,0,0
258,1.3534489789999498,1,89,19602808,0,251352,8601105,0,0.0,26.984375,190280.4240103662,0,0
259,1.3044690709998576,1,97,19593831,0,251352,8659008,0,0.0,38.951171875,191264.88634112757,0,0
260,1.2026645240000562,1,106,19489858,0,251352,8598991,0,0.0,77.6968765258789,194170.64716957137,0,0
261,1.2524227750000136,0,93,19667833,2,251352,8703857,0,0.0,49.22265625,194387.52216264047,0,0
262,1.2483186600002227,1,100,19645583,0,251352,8659779,0,0.0,27.605653762817383,188621.00379177742,0,0
263,1.2655560910000077,1,99,19666653,0,251352,8646454,0,0.0,13.43359375,187037.19725056924,0,0
264,1.2290546540000378,1,90,19677167,0,251352,8690846,0,0.0,23.843229293823242,188618.43809226854,0,0
265,1.1712358909999239,1,101,19648445,0,251352,8649094,0,0.0,36.35546875,193053.0184070291,0,0
266,1.163644745000056,1,104,19637735,0,251352,8654254,0,0.0,24.72916603088379,191018.13247504085,0,0
267,1.1325964819998262,2,97,19642150,0,251352,8657261,0,0.0,17.587499618530273,190455.72329573333,0,0
268,1.0583323569999266,0,101,19548007,1,251352,8627221,0,0.0,32.905860900878906,190775.26650140155,0,0
269,1.0485218559999794,0,119,19621945,1,251352,8628599,0,0.0,21.094141006469727,189312.95605449937,0,0
270,1.0208257890001278,1,94,19607756,0,251352,8634262,0,0.0,46.943359375,190357.77514992934,0,0
271,1.0121658450000268,2,93,19590832,0,251352,8670582,0,0.0,17.278820037841797,193928.99007383268,0,0
272,1.1134153220000371,1,110,19556116,0,251352,8677197,0,0.0,25.53435516357422,189840.73536488134,0,0
273,1.1000682430001234,0,105,19661671,4,251352,8648538,0,0.0,24.8193359375,189310.36528277537,0,0
274,1.13872592000007,1,101,19728282,0,251352,8721133,0,0.0,24.4609375,190721.16782310978,0,0
275,1.138338572999828,1,103,19718755,0,251352,8730497,0,0.0,24.6722469329834,191988.0255527282,0,0
276,0.962109197000018,1,97,19645415,0,251352,8685041,0,0.0,21.49826431274414,190017.29922682606,0,0
277,0.9978276060001008,2,101,19553509,0,251352,8580891,0,0.0,21.44400978088379,191752.6371746275,0,0
278,0.9544300439999915,1,92,19433735,0,251352,8567146,0,0.0,15.010514259338379,191742.04849454854,0,0
279,0.9689366869999958,0,97,19786130,1,251352,8729709,0,0.0,23.8125,186121.5123079922,0,0
280,1.0723204679998162,1,96,19632187,0,251352,8725692,0,0.0,38.01584243774414,189129.83116899058,0,0
281,1.0128719260001162,0,103,19617191,1,251352,8633154,0,0.0,15.10069465637207,194034.64292322216,0,0
282,1.0581626880000385,1,98,19616714,0,251352,8637724,0,0.0,52.59012222290039,189603.70489955228,0,0
283,0.9896309959999599,1,97,19698456,0,251352,8728231,0,0.0,33.05104064941406,190975.63497438654,0,0
284,1.0385586859999876,2,104,19470888,0,251352,8537391,0,0.0,19.328125,191423.99462270737,0,0
285,1.0359144859999105,0,102,19712038,1,251352,8697243,0,0.0,20.552175521850586,187683.081966185,0,0
286,1.0161046719999831,1,90,19451062,0,251352,8545436,0,0.0,35.87016296386719,190605.74290193617,0,0
287,1.000763046999964,1,92,19617136,0,251352,8634648,0,0.0,32.51953125,193923.6093173665,0,0
288,1.001777155000127,1,90,19664138,0,251352,8712701,0,0.0,17.109451293945312,186314.73679799668,0,0
289,1.0941991150000376,1,96,19599490,0,251352,8652860,0,0.0,78.2679672241211,189618.39189404435,0,0
290,1.074576814000011,1,101,19533707,0,251352,8592859,0,0.0,48.89531326293945,191613.98698090296,0,0
291,1.07989108400011,1,101,19569572,0,251352,8608508,0,0.0,50.6875,191193.28921489883,0,0
292,1.046679757999982,1,103,19583117,0,251352,8696830,0,0.0,23.789772033691406,190292.0850673439,0,0
293,1.0433366039999328,2,94,19624540,0,251352,8657471,0,0.0,53.93281173706055,195107.43177667446,0,0
294,1.0232875070000773,0,91,19498914,1,251352,8603124,0,0.0,20.20779037475586,191313.03218792425,0,0
295,1.0438853670000299,1,110,19806228,0,251352,8728307,0,0.0,22.38411521911621,190971.1064529391,0,0
296,1.0382326999999805,1,101,19641378,0,251352,8702138,0,0.0,18.473215103149414,190540.56981260842,0,0
297,1.0320534600000428,1,98,19703886,0,251352,8681817,0,0.0,18.97265625,189729.10980142467,0,0
298,1.0674430019998908,2,112,19634065,0,251352,8704302,0,0.0,21.87109375,186883.44363406347,0,0
299,1.067870270999947,1,96,19636722,0,251352,8655522,0,0.0,17.891538619995117,189608.7589803948,0,0
300,1.1125210169998354,1,97,19573233,0,251352,8661078,0,0.0,18.0859375,188570.77352777962,0,0
301,1.0853078459999779,1,98,19713274,0,251352,8692222,0,0.0,34.35546875,191829.19035342685,0,0
302,1.0933963800000583,1,99,19681208,0,251352,8697574,0,0.0,21.51354217529297,189231.49333760142,0,0
303,1.0909138849999636,2,105,19671221,0,251352,8629886,0,0.0,16.26584243774414,189616.770883644,0,0
304,0.9694368179998492,1,98,19424226,0,251352,8593977,0,0.0,17.218006134033203,189044.80325459442,0,0
305,1.0564283700000487,1,110,19618859,0,251352,8618348,0,0.0,26.06640625,190957.52750437823,0,0
306,1.0377125930001512,0,101,19681543,4,251352,8670508,0,0.0,28.8203125,191555.0835800483,0,0
307,1.0580936219998875,2,101,19491474,0,251352,8634084,0,0.0,24.11330795288086,196538.2009043619,0,0
308,1.1432393129998673,0,103,19667322,2,251352,8627812,0,0.0,33.83035659790039,192090.99224267434,0,0
309,1.1131707029999234,1,105,19482177,0,251352,8624348,0,0.0,35.4453125,190748.99353781715,0,0
310,1.088464907999878,1,92,19473905,0,251352,8622233,0,0.0,25.74609375,192515.14838523418,0,0
311,1.062798518999898,1,109,19585552,0,251352,8587850,0,0.0,47.7578125,196664.95049337088,0,0
312,1.0067739250000614,2,96,19619542,0,251352,8618626,0,0.0,34.14583206176758,188810.43882073555,0,0
313,1.0393032110000604,0,100,19714848,2,251352,8714787,0,0.0,31.359375,186716.2001745575,0,0
314,1.0502845139999408,1,103,19637012,0,251352,8638193,0,0.0,31.32604217529297,188266.0522518484,0,0
315,1.0122805339999559,2,100,19845927,0,251352,8754993,0,0.0,17.29296875,188976.06825945433,0,0
316,0.9761192019998362,1,98,19521790,0,251352,8563789,0,0.0,31.7939453125,192069.73080523266,0,0
317,1.0350247989999843,1,104,19708583,0,251352,8693355,0,0.0,19.69754409790039,188680.92742879223,0,0
318,1.0993589180000072,1,94,19574898,0,251352,8616831,0,0.0,20.323381423950195,197028.05773318466,0,0
319,1.0959187809999094,2,94,19522705,0,251352,8539734,0,0.0,19.40364646911621,193112.8690551389,0,0
320,0.9268145000000914,1,100,19660482,0,251352,8659423,0,0.0,21.62630271911621,187707.83956524823,0,0
321,0.9608022869999786,2,107,19605302,0,251352,8708184,0,0.0,17.823883056640625,190133.71376367286,0,0
322,1.018559415000027,1,96,19572709,0,251352,8623791,0,0.0,66.6708984375,188900.03634190746,0,0
323,0.9899290209998526,1,98,19627946,0,251352,8643588,0,0.0,51.51432418823242,191850.58464699378,0,0
324,0.9121323949998441,1,100,19722009,0,251352,8652599,0,0.0,32.24609375,189181.61949215058,0,0
325,0.9502185510000345,1,94,19579690,0,251352,8646193,0,0.0,33.111328125,191182.77305247402,0,0
326,0.9885668639999494,1,88,19433000,0,251352,8582724,0,0.0,23.208520889282227,189530.61072022142,0,0
327,0.9921953549999216,0,100,19493913,6,251352,8600245,0,0.0,17.71388816833496,192778.82467222586,0,0
328,1.0068685410001308,1,102,19633142,0,251352,8688385,0,0.0,35.356422424316406,186595.1840866767,0,0
329,1.040864276000093,1,108,19540224,0,251352,8614728,0,0.0,29.06432342529297,190063.0036135409,0,0
330,1.0681911009999112,0,99,19558914,7,251352,8597963,0,0.0,19.65494728088379,190744.53730035014,0,0
331,1.057058913999981,1,102,19715577,0,251352,8626874,0,0.0,101.30728912353516,191664.33288562112,0,0
332,0.992395525999882,2,93,19655445,0,251352,8683452,0,0.0,18.490327835083008,187910.90795547608,0,0
333,0.986689793000096,1,93,19708622,0,251352,8682485,0,0.0,16.352842330932617,186394.6841249871,0,0
334,1.0041619219998665,1,99,19450749,0,251352,8578010,0,0.0,31.619140625,190577.8290247908,0,0
335,1.0299350580000919,0,96,19585128,2,251352,8650741,0,0.0,35.8203125,189102.02402601764,0,0
336,0.9354049389999091,1,102,19595284,0,251352,8615474,0,0.0,17.685924530029297,187454.82310392242,0,0
337,0.9279855529998713,1,100,19582878,0,251352,8583135,0,0.0,42.97343826293945,191901.7813462587,0,0
338,0.9351382779998403,1,93,19584875,0,251352,8629554,0,0.0,33.86137008666992,186397.9309289707,0,0
339,0.8994949329999145,2,100,19566587,0,251352,8650588,0,0.0,23.640504837036133,189896.74802369624,0,0
340,1.000377680000156,1,99,19711173,0,251352,8699019,0,0.0,37.140625,189335.9105397747,0,0
341,0.9935969630000727,1,107,19582022,0,251352,8679371,0,0.0,36.31315231323242,188441.52527095936,0,0
342,0.9621297280000363,1,97,19738657,0,251352,8663920,0,0.0,105.72005462646484,188386.63913787738,0,0
343,0.9645329669999683,1,103,19515433,0,251352,8616718,0,0.0,20.67173194885254,192468.34716034634,0,0
344,0.9428159970000252,1,102,19695768,0,251352,8686006,0,0.0,76.1484375,193571.58956380002,0,0
345,0.9746376279999822,1,98,19554839,0,251352,8587327,0,0.0,41.3360481262207,193071.4619480851,0,0
346,1.0146974230001433,0,100,19665977,3,251352,8645054,0,0.0,18.841737747192383,187868.17323105596,0,0
347,1.003804030000083,2,102,19534026,0,251352,8645043,0,0.0,27.241004943847656,192521.63705407828,0,0
348,1.1359985889998825,1,91,19618457,0,251352,8601719,0,0.0,47.03645706176758,188853.8916968517,0,0
349,1.0828870380000808,1,99,19565572,0,251352,8569643,0,0.0,24.011133193969727,189540.95686245337,0,0
350,1.0781797160000224,2,98,19573774,0,251352,8605163,0,0.0,24.49609375,191162.00780411065,0,0
351,1.094214385999976,1,100,19708048,0,251352,8619689,0,0.0,15.853645324707031,186502.1132929437,0,0
352,0.9374215810000806,1,88,19583051,0,251352,8659205,0,0.0,18.64531135559082,192080.39345058054,0,0
353,0.95937813799992,2,99,19729205,0,251352,8704724,0,0.0,17.5078125,190305.4922820842,0,0
354,0.9710371730000134,1,92,19648934,0,251352,8641327,0,0.0,39.282955169677734,191183.52231178991,0,0
355,0.9216873489999671,0,97,19645771,1,251352,8719074,0,0.0,36.73411560058594,191129.87619160116,0,0
356,0.9947179640000741,2,100,19485658,0,251352,8648021,0,0.0,19.111328125,193149.9126489954,0,0
357,0.9097631019999426,1,108,19707154,0,251352,8689950,0,0.0,21.418039321899414,187932.27228123508,0,0
358,0.9731168250000337,2,95,19639225,0,251352,8644079,0,0.0,28.7578125,191073.69080645102,0,0
359,1.0551497030000974,1,93,19584356,0,251352,8586839,0,0.0,22.802173614501953,189730.35404213006,0,0
360,0.9451022399998692,1,100,19580673,0,251352,8674289,0,0.0,25.871654510498047,192692.94075719547,0,0
361,0.9210085249999338,1,99,19631287,0,251352,8640784,0,0.0,42.49348831176758,187478.46374038304,0,0
362,0.9382741500000975,1,106,19665417,0,251352,8662809,0,0.0,15.340959548950195,191772.83417430025,0,0
363,0.8985483100000238,1,94,19610212,0,251352,8727133,0,0.0,19.83565902709961,187963.15373633243,0,0
364,0.9438212340000973,2,93,19543677,0,251352,8651090,0,0.0,17.029237747192383,189032.91454363381,0,0
365,1.0034094089999144,1,92,19548347,0,251352,8664172,0,0.0,29.235305786132812,189967.48889571615,0,0
366,0.982237841000142,1,98,19476387,0,251352,8567715,0,0.0,24.168527603149414,191299.7251430707,0,0
367,0.9698272000000543,2,93,19673831,0,251352,8709801,0,0.0,24.596166610717773,189399.91373257712,0,0
368,1.0457719559999532,2,95,19392971,0,251352,8591238,0,0.0,26.76920509338379,190227.15833877074,0,0
369,1.0187311469999258,1,101,19538008,0,251352,8637606,0,0.0,19.461631774902344,193324.71903275326,0,0
370,1.0565294380000978,1,111,19767129,0,251352,8736206,0,0.0,16.181640625,188696.8256243087,0,0
371,0.9519941190001191,1,96,19524117,0,251352,8583300,0,0.0,15.0859375,188687.19547043554,0,0
372,1.039545900999883,1,92,19651329,0,251352,8624429,0,0.0,11.818750381469727,191455.432405252,0,0
373,1.0218772250000256,1,93,19626630,0,251352,8652608,0,0.0,18.06640625,189199.70245612413,0,0
374,1.0073805859999538,0,110,19582857,3,251352,8626713,0,0.0,16.6484375,190743.06656676903,0,0
375,0.9325591669999085,2,95,19641200,0,251352,8637714,0,0.0,15.172088623046875,190513.71562543884,0,0
376,0.9620599920001496,2,93,19558529,0,251352,8641082,0,0.0,18.72265625,185888.24044381827,0,0
377,0.9745315190000383,1,94,19532088,0,251352,8618801,0,0.0,16.58203125,185254.73552035168,0,0
378,0.975692835000018,1,92,19626539,0,251352,8689871,0,0.0,38.7265625,187965.066235282,0,0
379,0.9303324889999658,1,101,19695775,0,251352,8614237,0,0.0,29.60677146911621,189231.3289087246,0,0
380,0.9735246000000188,1,105,19527204,0,251352,8612641,0,0.0,40.057106018066406,192041.63989003538,0,0
381,0.949565591999999,0,98,19514090,1,251352,8545473,0,0.0,22.332590103149414,194138.25094290648,0,0
382,0.9562315480000052,1,97,19761872,0,251352,8699722,0,0.0,13.615885734558105,188495.5353194736,0,0
383,0.9535178019998511,1,94,19499023,0,251352,8550206,0,0.0,20.14322853088379,187201.18546313047,0,0
384,0.8967037820000314,0,95,19662948,1,251352,8622378,1,0.0,24.690475463867188,188769.81437632116,0,0
385,0.9635234840000066,2,99,19643491,0,251352,8640463,0,0.0,17.63823699951172,193321.19448115863,0,0
386,0.9482931240002017,1,110,19680697,0,251352,8659567,0,0.0,16.547916412353516,186344.74651894008,0,0
387,0.944330680999883,1,102,19651217,0,251352,8661474,0,0.0,32.30078125,193211.21354851685,0,0
388,1.01685925400011,1,93,19621785,0,251352,8648579,0,0.0,24.243303298950195,194648.7532988023,0,0
389,1.003824793999911,1,97,19693003,0,251352,8690563,0,0.0,15.850260734558105,194335.87097385805,0,0
390,1.050665767000055,1,97,19612407,0,251352,8652038,0,0.0,48.75390625,191103.77444373025,0,0
391,0.9976374949999354,2,101,19690041,0,251352,8651051,0,0.0,26.3671875,189080.32241765223,0,0
392,0.9774793089998184,0,97,19878708,2,251352,8762321,0,0.0,20.80989646911621,186551.07409705245,0,0
393,0.9878578689999813,0,87,19527086,2,251352,8644744,0,0.0,19.69140625,191806.20259819925,0,0
394,0.9866543910000019,1,100,19717039,0,251352,8682762,0,0.0,22.625,189160.20416937582,0,0
395,0.9764545849998285,1,84,19554845,0,251352,8627318,0,0.0,20.1484375,189970.25906603783,0,0
396,0.9347058000000743,1,95,19443074,0,251352,8613439,0,0.0,30.951171875,190179.73761494085,0,0
397,0.9343467560001955,2,90,19681800,0,251352,8682569,0,0.0,27.626394271850586,189230.36072262377,0,0
398,0.9682025660001727,0,94,19635301,5,251352,8687435,0,0.0,35.58150863647461,190036.6188430339,0,0
399,0.9759688550000192,2,96,19506121,0,251352,8565719,0,0.0,25.86458396911621,192647.3645540448,0,0
400,0.9198383199998261,1,92,19615632,0,251352,8670834,0,0.0,50.34101486206055,192492.0831949953,0,0
401,0.9879029319999972,1,110,19649630,0,251352,8615608,0,0.0,59.08485412597656,194779.35462765768,0,0
402,1.053577543000074,1,95,19693300,0,251352,8643384,0,0.0,12.219865798950195,187735.07603816257,0,0
403,1.0368180069999653,1,95,19541634,0,251352,8602018,0,0.0,72.40364837646484,189259.92262049206,0,0
404,1.091858792000039,1,102,19643032,0,251352,8736895,0,0.0,14.397278785705566,189374.37146688066,0,0
405,1.0919054190001134,0,95,19626657,6,251352,8651045,0,0.0,16.84446144104004,189808.49003094155,0,0
406,1.0669160140000713,1,91,19539969,0,251352,8661356,0,0.0,21.20595359802246,193308.5093415901,0,0
407,1.0770962839999356,2,94,19580908,0,251352,8668492,0,0.0,19.93845558166504,188495.91095184768,0,0
408,1.139294795000069,1,89,19580230,0,251352,8631439,0,0.0,28.0546875,194701.48557543196,0,0
409,1.0334437950000392,1,95,19570086,0,251352,8656330,0,0.0,32.2109375,194585.28439047164,0,0
410,1.012488803999986,2,102,19604482,0,251352,8630728,0,0.0,33.605804443359375,190204.53177087987,0,0
411,0.9678534820000095,1,100,19604916,0,251352,8639745,0,0.0,18.42369842529297,189967.3597918935,0,0
412,1.0621903969999948,0,109,19648011,2,251352,8647766,0,0.0,42.8671875,194265.35439786036,0,0
413,0.9643868489999932,1,92,19498877,0,251352,8622612,0,0.0,21.72265625,190417.1264267033,0,0
414,0.9670297580000806,2,96,19605929,0,251352,8647067,0,0.0,34.820701599121094,187331.12086300738,0,0
415,0.9732589329998973,1,96,19590595,0,251352,8648260,0,0.0,30.02734375,190642.67594846524,0,0
416,1.0013566090001405,1,95,19575776,0,251352,8623614,0,0.0,73.9921875,190905.28789807297,0,0
417,0.9842865750001693,1,94,19698787,0,251352,8686911,0,0.0,20.102344512939453,187409.4699239554,0,0
418,0.993035670999916,2,96,19700563,0,251352,8671218,0,0.0,67.3550796508789,188392.17030243715,0,0
419,0.9931454539998867,2,92,19703261,0,251352,8695490,0,0.0,20.22926139831543,193771.5429634545,0,0
420,1.0120940219999284,2,93,19597149,0,251352,8662670,0,0.0,15.76171875,189292.74342754413,0,0
421,0.9771101540000018,1,96,19359038,0,251352,8546239,0,0.0,32.65625,192690.11469447007,0,0
422,1.089377316999844,1,103,19547262,0,251352,8647587,0,0.0,28.354167938232422,193183.38544918224,0,0
423,1.10354571400012,1,92,19627957,0,251352,8667914,0,0.0,36.82291793823242,192959.03255630564,0,0
424,0.9361383049999858,1,94,19623882,0,251352,8616732,0,0.0,34.92578125,187915.58912123833,0,0
425,0.9308966609999061,0,99,19478057,1,251352,8585336,0,0.0,24.13411521911621,189651.6158045251,0,0
426,0.9463957419998223,1,96,19414903,0,251352,8556079,0,0.0,22.280506134033203,194302.23636218195,0,0
427,0.8978968470000837,1,102,19655421,0,251352,8644542,0,0.0,18.418649673461914,190974.88176337443,0,0
428,0.9783386520000477,1,95,19650318,0,251352,8609198,0,0.0,17.421875,187052.30654012412,0,0
429,0.9846634240000185,1,89,19537182,0,251352,8633135,0,0.0,16.17670440673828,188633.78784981556,0,0
430,0.9647819009999239,1,90,19570716,0,251352,8637507,0,0.0,17.76953125,189913.9928785956,0,0
431,0.9166484209999908,1,100,19476977,0,251352,8581703,0,0.0,19.41015625,188683.01263822056,0,0
432,0.9718061710000256,1,92,19574696,0,251352,8553993,0,0.0,15.17578125,191963.54698904045,0,0
433,0.9856506549999722,2,105,19526171,0,251352,8627959,0,0.0,17.94140625,188147.50055515487,0,0
434,0.9725979289999032,1,89,19608622,0,251352,8688148,0,0.0,27.89192771911621,190574.29004269838,0,0
435,0.9774932309999258,1,88,19538522,0,251352,8525714,0,0.0,20.20703125,191602.491776675,0,0
436,0.9170711770000253,1,102,19595307,0,251352,8646886,0,0.0,17.362443923950195,188355.0793649229,0,0
437,0.8951293899999655,1,96,19731289,0,251352,8701243,0,0.0,23.478473663330078,189854.88430831162,0,0
438,0.9234675850000258,2,95,19555728,0,251352,8561988,0,0.0,19.28125,189766.76855519414,0,0
439,0.9871587279999403,2,102,19697222,0,251352,8732824,0,0.0,20.456769943237305,189478.53090129793,0,0
440,1.0384592179998435,0,91,19481296,8,251352,8590664,0,0.0,25.74609375,189980.7397115212,0,0
441,1.030362483999852,1,95,19505124,0,251352,8605686,0,0.0,30.261327743530273,187995.52690187842,0,0
442,0.9400302100000317,2,92,19466003,0,251352,8602839,0,0.0,21.569791793823242,194439.9386996543,0,0
443,0.9313113910000084,1,99,19538193,0,251352,8611058,0,0.0,30.288589477539062,192726.84717823006,0,0
444,0.9740843530000802,2,101,19618587,0,251352,8672403,0,0.0,19.02083396911621,191348.699412792,0,0
445,0.9703570570000011,0,102,19577823,6,251352,8653820,0,0.0,54.53776168823242,189760.47536807507,0,0
446,1.005775665000101,1,93,19566606,0,251352,8649796,0,0.0,32.258201599121094,191820.18160354905,0,0
447,0.9989091590000498,1,108,19624117,0,251352,8626451,0,0.0,23.56640625,191210.41147367703,0,0
448,1.0051832149999882,1,101,19488078,0,251352,8612488,0,0.0,24.375,191276.03929462656,0,0
449,0.9853838149999774,1,93,19488542,0,251352,8595409,0,0.0,24.2578125,194653.26994286105,0,0
450,0.9902961279999545,1,94,19548666,0,251352,8573574,0,0.0,35.93359375,190851.6789407311,0,0
451,0.9665043439999863,1,92,19590304,0,251352,8670827,0,0.0,23.81770896911621,190239.56629994232,0,0
452,1.0302824309999323,1,97,19579199,0,251352,8649853,0,0.0,17.358308792114258,187725.59897326585,0,0
453,1.052093216000003,1,93,19578163,0,251352,8611548,0,0.0,24.90234375,189747.09525568038,0,0
454,1.0290883899999699,1,93,19628485,0,251352,8685051,0,0.0,22.934375762939453,188938.63770176843,0,0
455,1.0074448320001466,1,94,19587082,0,251352,8610521,0,0.0,28.70703125,188051.77216956113,0,0
456,1.0470417189999353,1,93,19576882,0,251352,8655244,0,0.0,21.172712326049805,192153.16867754608,0,0
457,1.0464621080000143,0,85,19789399,1,251352,8712238,0,0.0,80.82552337646484,190689.25653676875,0,0
458,0.997600981000005,1,103,19612174,0,251352,8660766,0,0.0,45.32304763793945,186486.64177547768,0,0
459,1.0097403319998648,1,98,19482456,0,251352,8571137,0,0.0,216.9440155029297,191327.3092908496,0,0
460,1.1374449610000283,1,100,19526758,0,251352,8648068,0,0.0,15.561375617980957,192314.89609106258,0,0
461,1.1922875529999146,1,91,19492707,0,251352,8629283,0,0.0,43.49726486206055,192554.28450709768,0,0
462,1.173897049000061,2,109,19552943,0,251352,8617841,0,0.0,19.430326461791992,188883.35606730753,0,0
463,1.1354630000000725,1,98,19580327,0,251352,8638265,0,0.0,20.37026023864746,193611.34923105687,0,0
464,0.8753955760000736,2,106,19581891,0,251352,8595976,0,0.0,23.66796875,190923.97627911298,0,0
465,0.9651008990001628,2,89,19622483,0,251352,8669375,0,0.0,24.719141006469727,188956.1401682389,0,0
466,1.043009254000026,2,88,19677868,0,251352,8663603,0,0.0,36.193359375,188567.9179938864,0,0
467,1.0393978539998443,1,89,19586530,0,251352,8653238,0,0.0,16.381641387939453,187106.73591080308,0,0
468,0.8817057270000532,1,91,19452454,0,251352,8624284,0,0.0,32.38699722290039,190674.29339729715,0,0
469,0.9297164390000034,1,98,19488195,0,251352,8642215,0,0.0,38.82421875,192361.49635859206,0,0
470,1.0277223260000028,0,94,19494687,4,251352,8576134,4,0.0,22.8359375,192785.88246158976,0,0
471,1.0522030169997834,1,107,19875052,0,251352,8757226,0,0.0,23.38932228088379,185880.27765153535,0,0
472,0.8738406510001369,1,99,19516740,0,251352,8597355,0,0.0,25.15205955505371,185323.2568482533,0,0
473,0.9316046769999957,2,92,19623214,0,251352,8672770,0,0.0,18.011327743530273,186500.250659039,0,0
474,1.00696260299992,2,104,19689712,0,251352,8631862,0,0.0,25.2734375,191750.88736161916,0,0
475,1.009251352000092,1,107,19588663,0,251352,8613256,0,0.0,29.370065689086914,190810.60731178522,0,0
476,0.928341312999919,1,96,19522938,0,251352,8638971,0,0.0,57.263671875,195946.55051321362,0,0
477,0.9186028619999433,1,90,19621689,0,251352,8676738,0,0.0,30.595703125,190349.97456303425,0,0
478,1.0400137940000604,1,112,19442529,0,251352,8616703,0,0.0,18.2487735748291,190813.47974244785,0,0
479,0.9748385569998845,1,109,19663466,0,251352,8621171,0,0.0,15.850306510925293,188126.4054904133,0,0
480,0.996449345999963,1,111,19584771,0,251352,8639783,0,0.0,15.898828506469727,188096.04579018615,0,0
481,0.9393305339999642,1,91,19749134,0,251352,8707490,0,0.0,15.383506774902344,193879.00339366775,0,0
482,0.9860566360000576,1,104,19666803,0,251352,8683043,0,0.0,37.5859375,193811.83342460543,0,0
483,0.9878631840001617,1,96,19519316,0,251352,8644389,0,0.0,26.4296875,188892.58146791346,0,0
484,0.9920572690000427,1,92,19708191,0,251352,8677787,0,0.0,27.03125,188924.63935141824,0,0
485,0.9116981219999616,1,97,19615788,0,251352,8614145,0,0.0,32.41703796386719,187717.51373632645,0,0
486,0.9732064620000074,0,107,19720140,7,251352,8696221,0,0.0,16.5625,188927.82564541162,0,0
487,0.9550884990001123,1,100,19503147,0,251352,8561188,0,0.0,24.7734375,194395.05194905913,0,0
488,1.0244549520000419,1,94,19576424,0,251352,8659690,0,0.0,34.59322738647461,189029.47290774435,0,0
489,0.9359089899999162,1,91,19609718,0,251352,8685727,0,0.0,24.900449752807617,190162.79750310304,0,0
490,1.0192460189998656,1,100,19662301,0,251352,8646134,0,0.0,68.29296875,189582.9038737677,0,0
491,0.9669260850000683,1,95,19586872,0,251352,8615324,0,0.0,32.89112091064453,190154.71488106146,0,0
492,0.9712755059999836,1,101,19802288,0,251352,8691261,0,0.0,11.958147048950195,181799.33844314143,0,0
493,0.9595703859999958,1,104,19384666,0,251352,8541023,0,0.0,14.552278518676758,195506.15701690083,0,0
494,1.0439663299998756,1,97,19767529,0,251352,8686889,0,0.0,30.050260543823242,186455.406195282,0,0
495,1.0151840489997994,1,105,19663730,0,251352,8661350,0,0.0,17.28059959411621,184288.66138871294,0,0
496,0.9837711239999862,0,103,19651892,1,251352,8654201,0,0.0,16.40234375,187947.2355358135,0,0
497,0.9997049700000389,0,93,19543064,2,251352,8589535,0,0.0,17.01041603088379,190934.245707904,0,0
498,1.0011426390001361,2,101,19593924,0,251352,8635724,0,0.0,52.30208206176758,191731.72550450452,0,0
499,0.9813079779999043,1,98,19643680,0,251352,8631196,0,0.0,22.23600959777832,189116.41366382968,0,0
500,0.9647580159999052,1,101,19543452,0,251352,8612701,0,0.0,20.267187118530273,188454.07503316924,0,0
501,0.993759123000018,1,98,19766437,0,251352,8687523,0,0.0,26.484375,190584.90233288798,0,0
502,0.9697261459998572,1,90,19364038,0,251352,8597132,0,0.0,28.11328125,190222.84427560493,0,0
503,0.997755940999923,1,94,19588610,0,251352,8637258,0,0.0,40.1640625,186680.13863505423,0,0
504,0.9927145330000258,2,99,19573491,0,251352,8651138,0,0.0,27.300065994262695,191670.42222994752,0,0
505,0.9754324060002091,1,97,19496573,0,251352,8630222,0,0.0,41.18815231323242,191925.23738518544,0,0
506,0.9779821370000263,1,89,19564848,0,251352,8645097,0,0.0,38.900390625,194702.96211178554,0,0
507,0.9836606919998303,2,97,19679899,0,251352,8714507,0,0.0,22.416667938232422,189440.36399663414,0,0
508,1.0102643619998162,2,88,19499779,0,251352,8627622,0,0.0,22.305803298950195,191681.56947659352,0,0
509,1.029030235999926,0,104,19481597,7,251352,8600031,0,0.0,21.50390625,190939.75321209058,0,0
510,1.0494653369999014,1,92,19553100,0,251352,8609141,0,0.0,17.61328125,189177.08034115843,0,0
511,1.0141519620001418,1,116,19520732,0,251352,8559559,0,0.0,23.16527557373047,192993.92732482683,0,0
512,1.005570976999934,1,115,19661689,0,251352,8677165,0,0.0,18.234180450439453,190389.30811074376,0,0
513,1.0585372180000832,0,87,19500890,1,251352,8653592,0,0.0,100.466796875,193052.06944657583,0,0
514,0.935904864999884,1,98,19503800,0,251352,8617298,0,0.0,23.527734756469727,187763.97386745736,0,0
515,0.9135313580000002,1,105,19672288,0,251352,8687846,0,0.0,25.742643356323242,191547.89754644642,0,0
516,0.9727759049999349,0,97,19646359,8,251352,8622390,0,0.0,39.00390625,189941.0515755345,0,0
517,0.9935889200000929,1,98,19596763,0,251352,8666525,0,0.0,22.904760360717773,188759.55325775687,0,0
518,0.9587610510000104,2,98,19581456,0,251352,8606901,0,0.0,17.96484375,190174.5430371035,0,0
519,0.9737535629999456,0,94,19696117,1,251352,8688596,0,0.0,27.25911521911621,189709.4686227115,0,0
520,0.9384112000000187,0,105,19565191,1,251352,8657941,0,0.0,22.393415451049805,189643.1878039469,0,0
521,0.8693091009999989,0,99,19550273,7,251352,8618127,7,0.0,31.296875,191040.7263620114,0,0
522,1.046143741999913,2,90,19567866,0,251352,8631726,0,0.0,25.977344512939453,189071.70571882278,0,0
523,0.9913800540000466,1,111,19547357,0,251352,8567981,0,0.0,27.0078125,189745.4648844963,0,0
524,0.9758824499999719,1,95,19564960,0,251352,8618106,0,0.0,75.91146087646484,192030.2060709074,0,0
525,1.004003566999927,1,91,19477563,0,251352,8614429,0,0.0,32.00162887573242,191482.05887690745,0,0
526,1.0282762150000053,1,96,19583193,0,251352,8643877,0,0.0,56.29372787475586,190773.62097287504,0,0
527,0.9835047560000021,1,97,19618360,0,251352,8666332,0,0.0,17.51432228088379,187543.40538952174,0,0
528,0.9934738349998042,1,98,19446286,0,251352,8583305,0,0.0,16.766145706176758,191239.65855768137,0,0
529,0.9493088330000319,1,101,19616001,0,251352,8647329,0,0.0,62.5517578125,189491.65082825534,0,0
530,1.0668878919998406,2,100,19592320,0,251352,8604171,0,0.0,21.81640625,192932.8467993522,0,0
531,1.0276892370000041,0,108,19516295,2,251352,8585342,0,0.0,17.328048706054688,192173.79788526427,0,0
532,1.0580935829998452,0,97,19598951,1,251352,8632536,0,0.0,37.517578125,192079.35704235078,0,0
533,1.0077728220001063,0,94,19587795,2,251352,8637324,0,0.0,45.307159423828125,192665.5300295418,0,0
534,1.0845090029999938,1,100,19597649,0,251352,8601062,0,0.0,28.15885353088379,188413.44570384547,0,0
535,1.0398136470000736,2,96,19531520,0,251352,8604768,0,0.0,29.40125846862793,190963.51216555387,0,0
536,1.0611396669999067,2,96,19661296,0,251352,8665305,0,0.0,21.05440902709961,186221.78922937252,0,0
537,1.0501228559999163,1,103,19745677,0,251352,8660537,0,0.0,68.392578125,187669.8700209139,0,0
538,1.0626160379999874,1,109,19636037,0,251352,8706774,0,0.0,130.435546875,187909.05366717838,0,0
539,1.0261227680000502,2,95,19577670,0,251352,8677193,0,0.0,16.34375,184925.5538883377,0,0
540,1.0444258390000414,1,95,19626238,0,251352,8594926,0,0.0,32.08919143676758,190465.08534512157,0,0
541,1.040548164000029,1,90,19679523,0,251352,8685682,0,0.0,39.20703125,187651.32475673733,0,0
542,1.0431677100000343,1,101,19719237,0,251352,8649240,0,0.0,14.98046875,188641.37793522375,0,0
543,1.0758668940000007,1,96,19550582,0,251352,8526462,0,0.0,40.078125,194968.03494000435,0,0
544,1.0256862930000352,1,96,19666887,0,251352,8683769,0,0.0,40.859375,189362.82037120778,0,0
545,1.043472070000007,1,106,19522992,0,251352,8603576,0,0.0,19.364025115966797,188067.3717191238,0,0
546,1.1294609720000608,1,97,19678956,0,251352,8679989,0,0.0,27.546875,189831.37943614554,0,0
547,1.10184542900015,1,103,19565379,0,251352,8611767,0,0.0,39.13932418823242,193223.14505490893,0,0
548,1.1106989630000044,1,99,19589365,0,251352,8648991,0,0.0,28.19466209411621,191471.0633999433,0,0
549,1.1282456980000006,1,97,19595017,0,251352,8625962,0,0.0,30.7578125,189757.2795325145,0,0
550,1.099895540000034,1,96,19700192,0,251352,8685253,0,0.0,19.421875,186797.38269646466,0,0
551,1.0849197679999634,1,111,19454126,0,251352,8602715,0,0.0,35.48870086669922,188193.10949400254,0,0
552,1.0773041059999287,1,90,19604204,0,251352,8712696,0,0.0,26.983211517333984,190187.79733762704,0,0
553,1.0618310439999732,1,94,19648150,0,251352,8712563,0,0.0,16.83515739440918,189550.91052499134,0,0
554,1.1555752439999196,1,86,19516987,0,251352,8614557,0,0.0,74.57447814941406,194680.07454435062,0,0
555,1.1433543329999338,1,95,19541643,0,251352,8635497,0,0.0,18.558807373046875,192574.66934632743,0,0
556,1.1402859810000336,1,98,19615382,0,251352,8666551,0,0.0,40.41482162475586,189145.47491830774,0,0
557,1.1358415709999008,1,105,19689050,0,251352,8690572,0,0.0,15.225897789001465,191976.14207168482,0,0
558,1.1506042130001788,1,99,19599383,0,251352,8640139,0,0.0,41.0859375,191823.6136667633,0,0
559,1.1413385040000321,1,100,19692212,0,251352,8690267,0,0.0,21.23046875,186472.14010803215,0,0
560,1.1381251739999243,2,97,19588486,0,251352,8620472,0,0.0,26.278833389282227,193857.01250439323,0,0
561,1.1296448600000986,2,91,19553182,0,251352,8599407,0,0.0,277.99609375,194381.36814265742,0,0
562,1.232099918999893,1,92,19510985,0,251352,8580842,0,0.0,27.03515625,191334.5709756445,0,0
563,1.2298595980000755,1,98,19664833,0,251352,8690715,0,0.0,17.11067771911621,192468.96304836497,0,0
564,1.2363745269999526,0,97,19651474,4,251352,8614896,0,0.0,16.39620590209961,190476.90111958934,0,0
565,1.215176516000156,1,101,19688070,0,251352,8675954,0,0.0,18.37109375,188992.48189538717,0,0
566,1.3260706930000197,1,104,19673871,0,251352,8693227,0,0.0,19.26953125,189404.62291660672,0,0
567,1.3045685549998325,0,95,19527417,3,251352,8552099,0,0.0,25.438282012939453,192697.37132180668,0,0
568,1.302268136000066,2,98,19533988,0,251352,8663679,0,0.0,23.397655487060547,190858.17086021975,0,0
569,1.2968088350000926,0,105,19479096,4,251352,8579847,0,0.0,28.08984375,190421.07923454698,0,0
570,1.2191919660001531,2,94,19572576,0,251352,8668697,0,0.0,20.61197853088379,191046.0199864786,0,0
571,1.1860025109999697,2,106,19653915,0,251352,8642480,0,0.0,30.04296875,190311.83749647252,0,0
572,1.1727645250000478,1,93,19517660,0,251352,8625432,0,0.0,20.039892196655273,190903.41190809826,0,0
573,1.179760736000162,2,99,19644992,0,251352,8619147,0,0.0,56.36588668823242,192215.9943347294,0,0
574,1.2532097870000598,1,105,19667482,0,251352,8667686,0,0.0,28.7734375,188734.43364914134,0,0
575,1.2829856280000058,1,97,19532413,0,251352,8603446,0,0.0,42.20442581176758,188943.9391757222,0,0
576,1.2238497369999095,1,98,19668643,0,251352,8685188,0,0.0,16.035715103149414,188859.26449256623,0,0
577,1.2378711300000305,1,88,19454154,0,251352,8562071,0,0.0,19.250782012939453,191516.15619195718,0,0
578,1.16222728799994,1,87,19583868,0,251352,8649485,0,0.0,23.675567626953125,190514.97955006175,0,0
579,1.2250040259998514,2,102,19443458,0,251352,8581796,0,0.0,14.110156059265137,189155.5565913543,0,0
580,1.1787834739998289,1,110,19522491,0,251352,8594854,0,0.0,40.03125,192252.68379927985,0,0
581,1.1962389010000152,1,99,19713095,0,251352,8742682,0,0.0,24.528240203857422,188285.79821432428,0,0
582,1.2389382000001206,0,98,19595771,1,251352,8675066,0,0.0,25.889558792114258,187899.04750261828,0,0
583,1.233141496999906,2,99,19771687,0,251352,8739112,0,0.0,20.27031135559082,184774.2187046432,0,0
584,1.2231973580001068,2,97,19529284,0,251352,8605722,0,0.0,25.73328971862793,194413.29466044134,0,0
585,1.243465095999909,2,119,19581028,0,251352,8646942,0,0.0,19.9609375,186715.53472204693,0,0
586,1.0709012300001177,1,98,19596199,0,251352,8677773,0,0.0,19.04151725769043,189631.01195070706,0,0
587,1.087512284000013,2,100,19514761,0,251352,8607702,0,0.0,30.85364532470703,189061.4971995391,0,0
588,1.1138783110000077,2,98,19658649,0,251352,8615923,0,0.0,26.2109375,189336.0630569905,0,0
589,1.091924199999994,1,98,19457817,0,251352,8576206,0,0.0,26.78289794921875,194126.9967825422,0,0
590,0.9980723549999766,1,96,19659240,0,251352,8709728,0,0.0,22.568891525268555,190005.70186221413,0,0
591,1.0258915920001073,0,93,19638091,2,251352,8665525,0,0.0,36.429874420166016,189231.18597605545,0,0
592,1.0705697120001787,1,91,19592820,0,251352,8673050,0,0.0,14.943522453308105,189165.22752034664,0,0
593,1.0721732489998885,1,98,19640119,0,251352,8686682,0,0.0,20.305803298950195,187085.55930403713,0,0
594,1.101930320000065,1,91,19692311,0,251352,8665628,0,0.0,37.59765625,193671.0404005139,0,0
595,1.080689121999967,1,106,19645383,0,251352,8659141,0,0.0,27.061803817749023,190712.22976703383,0,0
596,1.07394584199983,1,111,19643346,0,251352,8665595,0,0.0,49.05351638793945,192261.0544416462,0,0
597,1.0993555520001337,1,104,19647515,0,251352,8673223,0,0.0,43.960750579833984,196383.1453087926,0,0
598,1.1012124060000588,1,94,19448601,0,251352,8628289,0,0.0,23.431249618530273,189356.88761895802,0,0
599,1.0422680519998266,1,102,19493667,0,251352,8642668,0,0.0,34.908573150634766,192125.11610384146,0,0
600,1.0856296770000426,1,92,19591973,0,251352,8660897,0,0.0,23.90796661376953,190667.84207831556,0,0
601,1.093585573000155,2,104,19595327,0,251352,8656585,0,0.0,26.145671844482422,190757.53863374516,0,0
602,1.1671156290001363,0,90,19469465,3,251352,8557305,0,0.0,16.25390625,192441.88382151257,0,0
603,1.1734244330000365,1,100,19534821,0,251352,8598865,0,0.0,27.17838478088379,192737.80381694995,0,0
604,1.1427301470000657,1,94,19511413,0,251352,8597642,0,0.0,24.203645706176758,196474.63240845595,0,0
605,1.14709271300012,1,97,19716982,0,251352,8692545,0,0.0,38.72526168823242,188870.9006573595,0,0
606,1.108883698999989,2,103,19501414,0,251352,8579358,0,0.0,19.379688262939453,191048.05973323854,0,0
607,1.0834896029998617,1,99,19568107,0,251352,8601066,0,0.0,57.484375,192171.36268512998,0,0
608,1.0975642209998568,1,98,19438539,0,251352,8545475,0,0.0,54.44921875,192730.55967372563,0,0
609,1.0733655920000729,1,91,19556935,0,251352,8589316,0,0.0,25.018749237060547,190405.38800982572,0,0
610,1.2375060220001615,1,103,19656027,0,251352,8693930,0,0.0,24.50748634338379,194291.1353951618,0,0
611,1.230595828000105,1,96,19468008,0,251352,8594532,0,0.0,23.46354103088379,191679.79475792684,0,0
612,1.2473509689998536,1,101,19515519,0,251352,8600855,0,0.0,23.335155487060547,190103.2651775172,0,0
613,1.2195597879999696,1,97,19664906,0,251352,8633286,0,0.0,24.441665649414062,185861.45326884836,0,0
614,1.2612503339998966,1,98,19612570,0,251352,8665064,0,0.0,17.123437881469727,192127.91269863117,0,0
615,1.1995543999998972,1,101,19528460,0,251352,8681541,0,0.0,21.62604331970215,188703.35032729805,0,0
616,1.251254216999996,1,101,19552697,0,251352,8621416,0,0.0,18.58203125,188269.96755435877,0,0
617,1.2462666870001158,1,100,19563905,0,251352,8612861,0,0.0,17.244525909423828,189816.83333405107,0,0
618,1.3594095830001152,1,100,19556864,0,251352,8608536,0,0.0,29.59244728088379,188217.46503540082,0,0
619,1.3416937120000512,1,102,19687820,0,251352,8703924,0,0.0,36.95833206176758,186374.37384880544,0,0
620,1.3143012430000454,2,100,19481016,0,251352,8565525,0,0.0,19.892187118530273,193774.05934898742,0,0
621,1.3141147149999597,1,104,19636707,0,251352,8629114,0,0.0,20.064289093017578,188139.59332166333,0,0
622,1.330529795000075,1,108,19675307,0,251352,8689239,0,0.0,20.56510353088379,188970.6453978396,0,0
623,1.340317855999956,0,96,19560743,2,251352,8677685,0,0.0,30.5703125,190344.58256166242,0,0
624,1.3632770719998462,1,113,19580584,0,251352,8634813,0,0.0,38.00390625,193337.23764014442,0,0
625,1.3288519570000972,2,94,19535258,0,251352,8630135,0,0.0,16.541051864624023,191474.75124446955,0,0
626,1.2395553549999931,1,101,19644709,0,251352,8587723,0,0.0,23.2265625,188708.82628586353,0,0
627,1.2212758629998461,1,98,19651960,0,251352,8684534,0,0.0,24.67578125,188405.15772321355,0,0
628,1.2222688340000332,1,97,19603056,0,251352,8724151,0,0.0,20.09700584411621,192137.10502258362,0,0
629,1.2165441699999064,1,106,19621060,0,251352,8591937,0,0.0,20.52213478088379,185808.08233063063,0,0
630,1.1330565299999762,0,101,19589571,3,251352,8667020,0,0.0,18.291080474853516,188875.91447406448,0,0
631,1.1268639909999365,0,88,19590192,2,251352,8620601,2,0.0,28.167186737060547,194681.98343486642,0,0
632,1.163228583000091,1,92,19692752,0,251352,8676921,0,0.0,26.820871353149414,190038.36790287122,0,0
633,1.141071199999942,1,92,19649820,0,251352,8670797,0,0.0,22.1328125,186720.44846712332,0,0
634,1.1573677339999904,0,89,19682033,2,251352,8729045,0,0.0,17.993749618530273,189078.84870371362,0,0
635,1.1656034590000672,1,98,19601040,0,251352,8634141,0,0.0,17.694957733154297,190842.74046016578,0,0
636,1.2065392239999255,1,106,19463433,0,251352,8595066,0,0.0,28.223587036132812,194285.11132709682,0,0
637,1.1707483239999874,1,95,19614947,0,251352,8649573,0,0.0,18.03645896911621,191800.78131743637,0,0
638,1.0819486760001382,2,113,19490682,0,251352,8615199,0,0.0,26.59613800048828,193543.4724999927,0,0
639,1.045930621000025,1,94,19640365,0,251352,8663805,0,0.0,14.678906440734863,191379.98436286114,0,0
640,1.0980070299999625,1,99,19493293,0,251352,8612306,0,0.0,45.7265625,192473.4261368066,0,0
641,1.0841000190000614,2,100,19578489,0,251352,8595823,0,0.0,23.101171493530273,193704.93345995806,0,0
642,1.0991433799999868,2,98,19500967,0,251352,8553507,0,0.0,60.18359375,190868.81651250832,0,0
643,1.1197512679998454,1,96,19473442,0,251352,8593494,0,0.0,17.65625,190239.83994246274,0,0
644,1.0650306690001798,2,92,19543679,0,251352,8590076,0,0.0,17.62890625,188458.0561243305,0,0
645,1.0670914749998701,0,105,19555623,1,251352,8585442,0,0.0,19.52266502380371,191229.74963954685,0,0
646,1.1053717629999937,1,100,19635192,0,251352,8575200,0,0.0,27.046875,191455.94482859876,0,0
647,1.1257474900000943,1,104,19701549,0,251352,8706236,0,0.0,20.342967987060547,188407.07553884387,0,0
648,1.1380128799999056,1,96,19517910,0,251352,8584053,0,0.0,16.31026840209961,188333.27285917764,0,0
649,1.1189158700001371,1,103,19585846,0,251352,8614605,0,0.0,35.53473663330078,194389.08826103155,0,0
650,1.1398247719998835,1,96,19518230,0,251352,8637820,0,0.0,30.16145896911621,191034.3517675195,0,0
651,1.1189063439999245,1,92,19647683,0,251352,8683722,0,0.0,48.010799407958984,193862.70754246693,0,0
652,1.1259353769999052,1,103,19610204,0,251352,8635339,0,0.0,32.042510986328125,191792.33790303953,0,0
653,1.1037600729998758,1,101,19537803,0,251352,8556804,0,0.0,13.775781631469727,188451.38575939368,0,0
654,1.120951598000147,1,95,19501810,0,251352,8667727,0,0.0,16.387784957885742,190460.51358864643,0,0
655,1.1383518580000782,1,95,19618299,0,251352,8664035,0,0.0,24.96549415588379,188205.00134710455,0,0
656,1.1252832549998857,1,103,19694804,0,251352,8696397,0,0.0,28.828125,188532.1244741613,0,0
657,1.1234789850000197,0,100,19640834,9,251352,8645472,0,0.0,15.130508422851562,188252.15447023604,0,0
658,1.0953248210000766,1,92,19664827,0,251352,8653748,0,0.0,24.44400978088379,192606.62613761425,0,0
659,1.114842748000001,2,98,19527613,0,251352,8637000,0,0.0,18.060720443725586,191913.54105279408,0,0
660,1.098222134000025,1,101,19521522,0,251352,8580250,0,0.0,19.069196701049805,188307.19263189426,0,0
661,1.120071439999947,1,93,19942216,0,251352,8786496,0,0.0,21.193359375,185828.2547703758,0,0
662,1.131238336000024,0,92,19558766,1,251352,8582974,1,0.0,26.45638084411621,190318.19927539956,0,0
663,1.1213799610000024,1,99,19557178,0,251352,8636214,0,0.0,20.271591186523438,194217.8648439087,0,0
664,1.1136015140000382,1,100,19493395,0,251352,8627037,0,0.0,26.37446403503418,191273.4617058253,0,0
665,1.0978343869999208,1,98,19539183,0,251352,8630774,0,0.0,32.13671875,190816.71807968337,0,0
666,1.1486766410000655,1,91,19583637,0,251352,8645344,0,0.0,18.64453125,189947.33474636846,0,0
667,1.1225206900001012,1,104,19576941,0,251352,8632419,0,0.0,36.427345275878906,191581.18326747417,0,0
668,1.1478869919999397,1,104,19587473,0,251352,8654910,0,0.0,17.39192771911621,189622.87928674067,0,0
669,1.133120740999857,1,104,19694593,0,251352,8675851,0,0.0,25.015625,189460.20642280113,0,0
670,1.2020637000000534,1,100,19514225,0,251352,8534898,0,0.0,31.58984375,194999.59445346147,0,0
671,1.200110001999974,1,103,19552538,0,251352,8662937,0,0.0,21.807172775268555,192982.4059721753,0,0
672,1.202337137000086,1,96,19533711,0,251352,8618353,0,0.0,19.18724250793457,188383.06350325607,0,0
673,1.1935729849999461,1,99,19548823,0,251352,8582017,0,0.0,22.75520896911621,190004.94255604874,0,0
674,1.1407500579998668,1,99,19604209,0,251352,8609762,0,0.0,22.984375,189967.68286149343,0,0
675,1.1261914679998881,1,93,19649162,0,251352,8688016,0,0.0,25.33366584777832,186572.85621086415,0,0
676,1.1313839399999779,1,91,19566391,0,251352,8663367,0,0.0,27.642578125,193751.9409033939,0,0
677,1.1252449690000503,1,102,19750211,0,251352,8727657,0,0.0,56.0703125,188156.75822462887,0,0
678,1.1489349000000857,1,98,19549974,0,251352,8666247,0,0.0,19.905858993530273,191147.63446335914,0,0
679,1.144730465000066,2,105,19516482,0,251352,8624638,0,0.0,14.140625,187418.52621178888,0,0
680,1.118212801000027,1,96,19610161,0,251352,8638296,0,0.0,17.2292537689209,187260.4746924378,0,0
681,1.163276456999938,1,98,19550667,0,251352,8653964,0,0.0,21.402257919311523,188513.9521121746,0,0
682,1.1406727749999845,1,105,19599608,0,251352,8640976,0,0.0,21.648828506469727,189335.8814149797,0,0
683,1.136907328999996,1,92,19553894,0,251352,8604970,0,0.0,20.29557228088379,192609.78340130462,0,0
684,1.1439899160000095,1,110,19624475,0,251352,8631782,0,0.0,21.55599021911621,193473.79594253073,0,0
685,1.1381278559999828,1,93,19679394,0,251352,8619148,0,0.0,23.07326316833496,190166.2453387305,0,0
686,1.1472384240000792,1,97,19534556,0,251352,8633565,0,0.0,50.80338668823242,191848.49718369916,0,0
687,1.1459789650000403,0,102,19537530,8,251352,8553342,0,0.0,19.956201553344727,190773.62097620498,0,0
688,1.1578110020000167,2,101,19574776,0,251352,8608306,0,0.0,15.261979103088379,190740.53360235784,0,0
689,1.1478397030000451,1,100,19700789,0,251352,8662024,0,0.0,28.310937881469727,188439.82654066663,0,0
690,1.2623846579999736,0,110,19545984,3,251352,8668851,0,0.0,26.52734375,188926.76839468884,0,0
691,1.246863575999896,0,96,19584981,2,251352,8619625,0,0.0,43.65234375,194937.1111866068,0,0
692,1.240374478999911,1,98,19717053,0,251352,8746702,0,0.0,15.904715538024902,184163.8081181664,0,0
693,1.2229444920001242,2,108,19667008,0,251352,8677301,0,0.0,13.97873306274414,189126.87343305442,0,0
694,1.2041351639998084,1,90,19581541,0,251352,8610919,0,0.0,17.39974021911621,193098.2165585244,0,0
695,1.181110328000159,1,107,19699701,0,251352,8681875,0,0.0,19.5625,190441.0857723672,0,0
696,1.1886753090000184,0,98,19403057,1,251352,8529120,0,0.0,25.20833396911621,186691.43963569403,0,0
697,1.1967974760000288,2,95,19624129,0,251352,8590681,0,0.0,15.667336463928223,189849.0329000363,0,0
698,1.2104900839999573,1,94,19543240,0,251352,8633887,0,0.0,14.010937690734863,189310.92567099258,0,0
699,1.187614688999929,1,100,19551697,0,251352,8649573,0,0.0,25.32421875,193736.25649003312,0,0
700,1.2048243749998164,0,96,19576554,2,251352,8674434,0,0.0,47.669921875,189619.02857168764,0,0
701,1.2094977989997915,1,103,19760552,0,251352,8715259,0,0.0,24.434709548950195,187523.516278442,0,0
702,1.1736506340000687,1,98,19618115,0,251352,8635774,0,0.0,26.46875,192203.14905516338,0,0
703,1.1899003119999634,2,99,19657107,0,251352,8688240,0,0.0,48.06380081176758,188969.48801787104,0,0
704,1.1829102120000243,1,93,19560490,0,251352,8618765,0,0.0,38.230857849121094,191092.6100014411,0,0
705,1.1972999760000675,1,104,19545128,0,251352,8619849,0,0.0,37.234375,192068.55726992292,0,0
706,1.2982067759999154,1,102,19505838,0,251352,8613294,0,0.0,17.91775131225586,193032.68312687054,0,0
707,1.2971230269999978,1,98,19643935,0,251352,8661648,0,0.0,25.146947860717773,189375.0516623715,0,0
708,1.284680471999991,2,97,19648660,0,251352,8684429,0,0.0,20.716405868530273,188831.95905752946,0,0
709,1.277365866000082,1,88,19579886,0,251352,8615731,0,0.0,26.873046875,188695.91476401687,0,0
710,1.139160664999963,1,99,19692500,0,251352,8645036,0,0.0,54.87360763549805,192131.14405814698,0,0
711,1.1360064780001267,1,95,19638276,0,251352,8659787,0,0.0,19.25390625,189311.14110473916,0,0
712,1.149670498000205,1,99,19417702,0,251352,8558142,0,0.0,26.727399826049805,194734.1865432011,0,0
713,1.128628375000062,1,88,19634808,0,251352,8696369,0,0.0,29.07421875,190345.2085928172,0,0
714,1.1466676890001963,1,104,19561437,0,251352,8606534,0,0.0,45.15614318847656,190170.19339752337,0,0
715,1.1599446210000224,1,98,19769817,0,251352,8766685,0,0.0,14.604166984558105,185690.98700769432,0,0
716,1.156307740999864,2,100,19541517,0,251352,8643773,0,0.0,18.69921875,190077.04974038526,0,0
717,1.1629317340000398,0,90,19622772,3,251352,8688094,0,0.0,19.22135353088379,187246.95315981447,0,0
718,0.6687501110000085,2,96,19540276,0,251352,8595431,0,0.0,27.44539451599121,190806.47651802003,0,0
719,0.6653762860000825,1,95,19480753,0,251352,8541548,0,0.0,13.863921165466309,191982.16736208042,0,0
