dataset,variant,epoch,initial_relaxation,relaxation,relaxation_decay,regularization_weight,training_rmse_mm,training_mae_mm,training_bias_mm,training_huber_objective,validation_rmse_mm,validation_mae_mm,validation_bias_mm,validation_abs_p99_mm,max_update,regularization_seconds,epoch_seconds,image_path,finite,image_min,image_max,water_core_mean_rsp,water_core_std_rsp,water_bias_vs_fixed_rsp,water_bias_vs_effective_rsp,phantom_rmse_vs_fixed_rsp,phantom_rmse_vs_effective_rsp,boundary_inner_rmse_vs_fixed_rsp,boundary_inner_rmse_vs_effective_rsp,outside_100_105_rmse_rsp,outside_100_105_mean_abs_rsp,outside_100_105_peak_abs_rsp,edge_r90_mm,edge_r10_mm,edge_10_90_width_mm,water_core_clearance_from_material_mm,phantom_rmse_vs_nominal_rsp,phantom_mae_vs_nominal_rsp,material_mape_non_air,material_max_ape_non_air,fmtf50_mean_lp_per_mm,fmtf10_mean_lp_per_mm,output_root
s2,r0p25_d0p2_quadratic_b0p0125_fixed_s18,1,0.25,0.25,0.2,0.0125,2.4600093453921796,1.9375937773040128,0.07436658254740368,3.0258229897084306,2.453674853440958,1.9330129623413086,0.0038175885565578938,6.4489898681640625,0.21027997136116028,0.5025951249990612,805.2202239140024,data/reconstruction_data/results0717_s2_water_vacuum_pilot/stage4/variants/r0p25_d0p2_quadratic_b0p0125_fixed_s18/recon/epoch_01.mhd,True,0.0,1.117130994796753,1.014298677444458,0.01297974493354559,0.014298677444458008,0.000780940055847168,0.02418678244307347,0.0195202477605088,0.033353528716350445,0.02994522026449942,0.0,0.0,0.0,99.7499951955097,100.09469109153343,0.34469589602373674,,,,,,,,
s2,r0p25_d0p2_quadratic_b0p0125_fixed_s18,2,0.25,0.20833333333333334,0.2,0.0125,2.450212697724508,1.928260263708616,0.0017892112826538606,3.0017711320452056,2.4494214163128505,1.9282751083374023,0.0018305014818906784,6.446576118469238,0.16493509709835052,0.5022681579939672,805.9794702479994,data/reconstruction_data/results0717_s2_water_vacuum_pilot/stage4/variants/r0p25_d0p2_quadratic_b0p0125_fixed_s18/recon/epoch_02.mhd,True,0.0,1.109514594078064,1.013975977897644,0.009107332676649094,0.013975977897644043,0.0004582405090332031,0.02123764500201547,0.015714169468356017,0.028465943896893484,0.023593218524852373,0.0,0.0,0.0,99.81809271553345,100.09635860198294,0.27826588644948913,,,,,,,,
s2,r0p25_d0p2_quadratic_b0p0125_fixed_s18,3,0.25,0.17857142857142858,0.2,0.0125,2.448114648415939,1.9255035997423946,0.0011626650547012893,2.9966326658943485,2.4473930204859395,1.925866723060608,0.0016662138514220715,6.446171283721924,0.13532809913158417,0.502244804003567,806.3679506219996,data/reconstruction_data/results0717_s2_water_vacuum_pilot/stage4/variants/r0p25_d0p2_quadratic_b0p0125_fixed_s18/recon/epoch_03.mhd,True,0.0,1.1009306907653809,1.013892650604248,0.0063000754453241825,0.013892650604248047,0.00037491321563720703,0.019762958563203772,0.01365277354097151,0.026193888183224125,0.02055340139130859,0.0,0.0,0.0,99.87672642947396,100.09741404771933,0.2206876182453641,,,,,,,,
s2,r0p25_d0p2_quadratic_b0p0125_fixed_s18,4,0.25,0.15625,0.2,0.0125,2.4472942365757375,1.924145901304677,0.0010571871127071394,2.9946245401884113,2.446261667287081,1.9244040250778198,0.0014859584625810385,6.4450836181640625,0.1144154816865921,0.5030080209980952,805.4400362640008,data/reconstruction_data/results0717_s2_water_vacuum_pilot/stage4/variants/r0p25_d0p2_quadratic_b0p0125_fixed_s18/recon/epoch_04.mhd,True,0.0,1.0922847986221313,1.0138728618621826,0.004451623652130365,0.013872861862182617,0.00035512447357177734,0.01914717741524071,0.012740765875806857,0.025435441637864643,0.01950461025590882,0.0,0.0,0.0,99.88343416263324,100.0981593514037,0.21472518877045843,,,,,,,,
s2,r0p25_d0p2_quadratic_b0p0125_fixed_s18,5,0.25,0.1388888888888889,0.2,0.0125,2.446904318048934,1.923321907158832,0.000959605977422029,2.9936703708432595,2.4455827175528486,1.9234375953674316,0.001274437876418233,6.4439849853515625,0.0989004448056221,0.5011591879956541,805.4776765240022,data/reconstruction_data/results0717_s2_water_vacuum_pilot/stage4/variants/r0p25_d0p2_quadratic_b0p0125_fixed_s18/recon/epoch_05.mhd,True,0.0,1.0840295553207397,1.0138713121414185,0.0033359420485794544,0.013871312141418457,0.0003535747528076172,0.018963124193966514,0.012458013244566262,0.025440656781489546,0.01949205059132436,0.0,0.0,0.0,99.88851384709831,100.0987237607887,0.21020991369039166,,,,,,,,
s2,r0p25_d0p2_quadratic_b0p0125_fixed_s18,6,0.25,0.125,0.2,0.0125,2.4466652403592057,1.9227375945233491,0.0008513377644685401,2.9930853991909854,2.445145619823461,1.922756552696228,0.0010541239753365517,6.4432830810546875,0.08705224841833115,0.5006884510003147,805.4575637739981,data/reconstruction_data/results0717_s2_water_vacuum_pilot/stage4/variants/r0p25_d0p2_quadratic_b0p0125_fixed_s18/recon/epoch_06.mhd,True,0.0,1.0764951705932617,1.013874888420105,0.0026655595283955336,0.01387488842010498,0.0003571510314941406,0.018962492588615158,0.012453097521414413,0.02576496562221624,0.019910640082010617,0.0,0.0,0.0,99.89255052406493,100.09917228045165,0.2066217563867241,,,,,,,,
s4,r0p25_d0p2_quadratic_b0p0125_fixed_s18,1,0.25,0.25,0.2,0.0125,2.6497600128314733,2.04989948039661,0.07547203649350188,3.5106140628003253,2.641332749765221,2.0447163581848145,0.0008498727693222463,7.235788822174072,0.30831077694892883,0.5028739469998982,687.9852771340011,data/reconstruction_data/results0717_s4_material_calibration_air_pilot/stage4/variants/r0p25_d0p2_quadratic_b0p0125_fixed_s18/recon/epoch_01.mhd,True,0.0,2.2130064964294434,1.0142565965652466,0.02628042735159397,,,,,,,,,,,,,2.0,0.04939508615172239,0.029094895347952843,0.012483034694853883,0.024015480652451515,,,
s4,r0p25_d0p2_quadratic_b0p0125_fixed_s18,2,0.25,0.20833333333333334,0.2,0.0125,2.6381614693788182,2.038978104442703,0.0014986036647538822,3.4799479692575024,2.6357069323722677,2.0389766693115234,-0.0007335134432651103,7.228235721588135,0.2462068796157837,0.5039857049996499,688.0071277919997,data/reconstruction_data/results0717_s4_material_calibration_air_pilot/stage4/variants/r0p25_d0p2_quadratic_b0p0125_fixed_s18/recon/epoch_02.mhd,True,0.0,2.1960105895996094,1.0139321088790894,0.021808171644806862,,,,,,,,,,,,,2.0,0.046163857207002765,0.025895627215504646,0.012061631289095832,0.020877953618764877,,,
s4,r0p25_d0p2_quadratic_b0p0125_fixed_s18,3,0.25,0.17857142857142858,0.2,0.0125,2.6344861116632727,2.0351160848775076,0.0010230915629143747,3.4702585362733354,2.6324410646200946,2.035755157470703,-0.0009229840361513197,7.222670555114746,0.20481544733047485,0.5041014850066858,688.0257229999988,data/reconstruction_data/results0717_s4_material_calibration_air_pilot/stage4/variants/r0p25_d0p2_quadratic_b0p0125_fixed_s18/recon/epoch_03.mhd,True,0.0,2.181741237640381,1.0138570070266724,0.018051929771900177,,,,,,,,,,,,,2.0,0.04390676863996672,0.023529712110757828,0.011962370929093314,0.019072845578193665,,,
s4,r0p25_d0p2_quadratic_b0p0125_fixed_s18,4,0.25,0.15625,0.2,0.0125,2.6324119919102356,2.0329442604633043,0.000945494025296572,3.4647964475764073,2.630221304878031,2.0336132049560547,-0.001113910460844636,7.217995643615723,0.17508241534233093,0.5015022929947008,688.1069281430027,data/reconstruction_data/results0717_s4_material_calibration_air_pilot/stage4/variants/r0p25_d0p2_quadratic_b0p0125_fixed_s18/recon/epoch_04.mhd,True,0.0,2.1703853607177734,1.0138460397720337,0.014934089034795761,,,,,,,,,,,,,2.0,0.04231347843909726,0.021865036338567734,0.011974681312075028,0.017978623509407043,,,
s4,r0p25_d0p2_quadratic_b0p0125_fixed_s18,5,0.25,0.1388888888888889,0.2,0.0125,2.6311141874145547,2.0315707297881227,0.0008782955193236623,3.461380933607076,2.6286440270087366,2.032109498977661,-0.0013158489018678665,7.2139739990234375,0.15267111361026764,0.5033330639998894,688.1188605310017,data/reconstruction_data/results0717_s4_material_calibration_air_pilot/stage4/variants/r0p25_d0p2_quadratic_b0p0125_fixed_s18/recon/epoch_05.mhd,True,0.0,2.160238742828369,1.0138524770736694,0.012404147535562515,,,,,,,,,,,,,2.0,0.04119915823642301,0.02075398713350296,0.012034895005994119,0.017227575182914734,,,
s4,r0p25_d0p2_quadratic_b0p0125_fixed_s18,6,0.25,0.125,0.2,0.0125,2.6302702211012976,2.0306587201697135,0.0008062157945140896,3.4591607180061343,2.6275105542221,2.031032085418701,-0.0015123247867450118,7.212366580963135,0.1351887285709381,0.5016357789936592,688.3616390799943,data/reconstruction_data/results0717_s4_material_calibration_air_pilot/stage4/variants/r0p25_d0p2_quadratic_b0p0125_fixed_s18/recon/epoch_06.mhd,True,0.0,2.1508729457855225,1.0138626098632812,0.010407369583845139,,,,,,,,,,,,,2.0,0.04043024758711258,0.020053772255778313,0.012112420464221101,0.01667143777012825,,,
s5,r0p25_d0p2_quadratic_b0p0125_fixed_s18,1,0.25,0.25,0.2,0.0125,2.5760873668913775,2.0119095938553806,0.07898744686295517,3.3181130609286758,2.56957442270165,2.007357120513916,0.004133695736527443,6.919147968292236,0.43290627002716064,0.5041773449993343,690.3822666369961,data/reconstruction_data/results0717_s5_resolution_air_pilot/stage4/variants/r0p25_d0p2_quadratic_b0p0125_fixed_s18/recon/epoch_01.mhd,True,0.0,2.1564385890960693,1.0143284797668457,0.020682383328676224,,,,,,,,,,,,,2.0,0.05464603876782882,0.027759170159697533,,,0.48792503460651016,1.084122594775324,
s5,r0p25_d0p2_quadratic_b0p0125_fixed_s18,2,0.25,0.20833333333333334,0.2,0.0125,2.564955824778332,2.0015474505360347,0.0017044591019358883,3.289499191532147,2.5646283783463355,2.0022201538085938,0.0019185033161193132,6.915435791015625,0.3464241325855255,0.5031657059953432,687.6487369349998,data/reconstruction_data/results0717_s5_resolution_air_pilot/stage4/variants/r0p25_d0p2_quadratic_b0p0125_fixed_s18/recon/epoch_02.mhd,True,0.0,2.1466078758239746,1.0139936208724976,0.01635856367647648,,,,,,,,,,,,,2.0,0.05234362576778534,0.025053218007087708,,,0.48631624822131536,1.1027504762369484,
s5,r0p25_d0p2_quadratic_b0p0125_fixed_s18,3,0.25,0.17857142857142858,0.2,0.0125,2.562032858715318,1.9983218923764343,0.0010518134468409457,3.282006184568492,2.561988606492251,1.9994995594024658,0.0017049411544576287,6.911610126495361,0.2890387177467346,0.502726103994064,687.8363866469954,data/reconstruction_data/results0717_s5_resolution_air_pilot/stage4/variants/r0p25_d0p2_quadratic_b0p0125_fixed_s18/recon/epoch_03.mhd,True,0.0,2.1383109092712402,1.013905644416809,0.012849560007452965,,,,,,,,,,,,,2.0,0.050916938778914095,0.023298541083931923,,,0.48645537757111174,1.1094466821375444,
s5,r0p25_d0p2_quadratic_b0p0125_fixed_s18,4,0.25,0.15625,0.2,0.0125,2.5606235895624403,1.9966781689350614,0.0009573869407829926,3.2783965837118187,2.560343919849417,1.9977977275848389,0.0015280665829777718,6.908405780792236,0.24775291979312897,0.5022928620019229,688.1673558539987,data/reconstruction_data/results0717_s5_resolution_air_pilot/stage4/variants/r0p25_d0p2_quadratic_b0p0125_fixed_s18/recon/epoch_04.mhd,True,0.0,2.1306185722351074,1.013885259628296,0.010084519162774086,,,,,,,,,,,,,2.0,0.05004536987734832,0.02227361500263214,,,0.48847801584739675,1.1094546657653157,
s5,r0p25_d0p2_quadratic_b0p0125_fixed_s18,5,0.25,0.1388888888888889,0.2,0.0125,2.559892810619674,1.9957486486143385,0.0008853141955356183,3.276525600931148,2.5592857883702274,1.9966822862625122,0.00133220455609262,6.907318115234375,0.21658629179000854,0.5037029969971627,687.5021075460027,data/reconstruction_data/results0717_s5_resolution_air_pilot/stage4/variants/r0p25_d0p2_quadratic_b0p0125_fixed_s18/recon/epoch_05.mhd,True,0.0,2.1232926845550537,1.0138853788375854,0.008003921248018742,,,,,,,,,,,,,2.0,0.049538789354853535,0.02171529084444046,,,0.4919548179452248,1.1167182511817153,
s5,r0p25_d0p2_quadratic_b0p0125_fixed_s18,6,0.25,0.125,0.2,0.0125,2.559510410059075,1.9951944069943006,0.0008078737520438445,3.275546769600387,2.5586042475296504,1.9959421157836914,0.0011370754800736904,6.9063873291015625,0.19224786758422852,0.5053945710023982,688.2944215960015,data/reconstruction_data/results0717_s5_resolution_air_pilot/stage4/variants/r0p25_d0p2_quadratic_b0p0125_fixed_s18/recon/epoch_06.mhd,True,0.0,2.116407871246338,1.0138921737670898,0.006508626043796539,,,,,,,,,,,,,2.0,0.04926766388246282,0.021404797211289406,,,0.4962234721687827,1.1231756659948626,
s2,r0p25_d0p2_quadratic_b0_fixed_s18,1,0.25,0.25,0.2,0.0,2.4600093455007133,1.9375937773619285,0.07436658258730229,3.0258229899754236,2.455550478798965,1.9344760179519653,0.002859401283785701,6.4529194831848145,0.21027997136116028,0.0,805.5786432910099,data/reconstruction_data/results0717_s2_water_vacuum_pilot/stage4/variants/r0p25_d0p2_quadratic_b0_fixed_s18/recon/epoch_01.mhd,True,0.0,1.1399211883544922,1.014298439025879,0.018029164522886276,0.014298439025878906,0.0007807016372680664,0.027330009964433643,0.02329904973845798,0.036027528427015974,0.03288718712466584,0.0,0.0,0.0,99.7464587459354,100.0945146671992,0.348055921263807,,,,,,,,
s2,r0p25_d0p2_quadratic_b0_fixed_s18,2,0.25,0.20833333333333334,0.2,0.0,2.450507442956547,1.9285134351531066,0.0015479319809658131,3.0024933639927176,2.4525012201984913,1.9307427406311035,0.0008981997962109745,6.454907417297363,0.16651307046413422,0.0,805.5257752960024,data/reconstruction_data/results0717_s2_water_vacuum_pilot/stage4/variants/r0p25_d0p2_quadratic_b0_fixed_s18/recon/epoch_02.mhd,True,0.0,1.1480052471160889,1.0139740705490112,0.01796313188970089,0.01397407054901123,0.0004563331604003906,0.026369684779249024,0.022162426272493412,0.03279619303638202,0.02865730029051407,0.0,0.0,0.0,99.80496358962702,100.09605903622226,0.2910954465952358,,,,,,,,
s2,r0p25_d0p2_quadratic_b0_fixed_s18,3,0.25,0.17857142857142858,0.2,0.0,2.448186236338314,1.9256617326628893,0.000897631564684175,2.9968079238981793,2.4511922521825005,1.9289802312850952,0.0008019904489628971,6.456021308898926,0.1378336399793625,0.0,805.4704390539991,data/reconstruction_data/results0717_s2_water_vacuum_pilot/stage4/variants/r0p25_d0p2_quadratic_b0_fixed_s18/recon/epoch_03.mhd,True,0.0,1.1520167589187622,1.0138899087905884,0.01791401207447052,0.013889908790588379,0.00037217140197753906,0.02593471001313656,0.021642290156300863,0.031197097197698097,0.026627813911501513,0.0,0.0,0.0,99.859569060331,100.09701278452434,0.2374437241933407,,,,,,,,
s2,r0p25_d0p2_quadratic_b0_fixed_s18,4,0.25,0.15625,0.2,0.0,2.446960915374745,1.924080439790669,0.0007836847538653722,2.993808860685805,2.450455621624028,1.9279134273529053,0.0007604299462400377,6.456486225128174,0.11749015748500824,0.0,805.6186824009928,data/reconstruction_data/results0717_s2_water_vacuum_pilot/stage4/variants/r0p25_d0p2_quadratic_b0_fixed_s18/recon/epoch_04.mhd,True,0.0,1.1536566019058228,1.013870120048523,0.01787605881690979,0.01387012004852295,0.0003523826599121094,0.02573513040994318,0.02140121255054245,0.030447819418706955,0.02569504374704976,0.0,0.0,0.0,99.87900574237945,100.09766730470882,0.21866156232937328,,,,,,,,
s2,r0p25_d0p2_quadratic_b0_fixed_s18,5,0.25,0.1388888888888889,0.2,0.0,2.4461699391853635,1.9230342710714856,0.0007096957009021512,2.9918736856870622,2.4499835302695545,1.9271883964538574,0.0007352491957135499,6.456921577453613,0.1022992730140686,0.0,805.850991172003,data/reconstruction_data/results0717_s2_water_vacuum_pilot/stage4/variants/r0p25_d0p2_quadratic_b0_fixed_s18/recon/epoch_05.mhd,True,0.0,1.154157280921936,1.013869047164917,0.017845747992396355,0.013869047164916992,0.00035130977630615234,0.025654196583877898,0.021302346917811375,0.0301646338135601,0.02534987545193358,0.0,0.0,0.0,99.88332776004314,100.09814752889368,0.214819768850532,,,,,,,,
s2,r0p25_d0p2_quadratic_b0_fixed_s18,6,0.25,0.125,0.2,0.0,2.44560272754644,1.9222772513476785,0.0006548821122903721,2.9904863504912935,2.449655582759883,1.9266622066497803,0.0007190999458543956,6.4569091796875,0.0905255675315857,0.0,804.9384349059983,data/reconstruction_data/results0717_s2_water_vacuum_pilot/stage4/variants/r0p25_d0p2_quadratic_b0_fixed_s18/recon/epoch_06.mhd,True,0.0,1.1540720462799072,1.0138733386993408,0.0178210586309433,0.01387333869934082,0.00035560131072998047,0.025637501871684704,0.021280949782615913,0.030143718206230765,0.02532898764273837,0.0,0.0,0.0,99.88664964141915,100.09851662682435,0.21186698540519444,,,,,,,,
s4,r0p25_d0p2_quadratic_b0_fixed_s18,1,0.25,0.25,0.2,0.0,2.6497600128697614,2.049899480479196,0.07547203640786718,3.5106140629017792,2.644355494215382,2.0469918251037598,-5.1822891691699624e-05,7.2451066970825195,0.30831077694892883,0.0,687.412241139,data/reconstruction_data/results0717_s4_material_calibration_air_pilot/stage4/variants/r0p25_d0p2_quadratic_b0_fixed_s18/recon/epoch_01.mhd,True,0.0,2.2390410900115967,1.0142579078674316,0.031430311501026154,,,,,,,,,,,,,2.0,0.05241570896808564,0.03260769695043564,0.012481451159916244,0.024138513952493668,,,
s4,r0p25_d0p2_quadratic_b0_fixed_s18,2,0.25,0.20833333333333334,0.2,0.0,2.639953591111835,2.0403386627053863,0.0008607757169472208,3.484677481612137,2.641102992232798,2.0431017875671387,-0.0020177147816866636,7.24694299697876,0.2476429045200348,0.0,687.9982574080001,data/reconstruction_data/results0717_s4_material_calibration_air_pilot/stage4/variants/r0p25_d0p2_quadratic_b0_fixed_s18/recon/epoch_02.mhd,True,0.0,2.237855911254883,1.0139249563217163,0.031222332268953323,,,,,,,,,,,,,2.0,0.0514472750680211,0.03214823827147484,0.012056601520341177,0.021221939474344254,,,
s4,r0p25_d0p2_quadratic_b0_fixed_s18,3,0.25,0.17857142857142858,0.2,0.0,2.637369987355427,2.0373328575883334,0.00031127279473918963,3.4778602251015815,2.6396120508515666,2.041262149810791,-0.0020867835264652967,7.247075080871582,0.20719899237155914,0.0,687.7165327149999,data/reconstruction_data/results0717_s4_material_calibration_air_pilot/stage4/variants/r0p25_d0p2_quadratic_b0_fixed_s18/recon/epoch_03.mhd,True,0.0,2.2370364665985107,1.0138436555862427,0.031051669269800186,,,,,,,,,,,,,2.0,0.05086194370493758,0.031824495643377304,0.011945198415420376,0.019743800163269043,,,
s4,r0p25_d0p2_quadratic_b0_fixed_s18,4,0.25,0.15625,0.2,0.0,2.635911776001508,2.035653368235249,0.0002665382159666382,3.474015445431712,2.638714329703757,2.0401480197906494,-0.0021365475840866566,7.2462968826293945,0.1781223714351654,0.0,688.347383116,data/reconstruction_data/results0717_s4_material_calibration_air_pilot/stage4/variants/r0p25_d0p2_quadratic_b0_fixed_s18/recon/epoch_04.mhd,True,0.0,2.236356496810913,1.0138295888900757,0.03090776316821575,,,,,,,,,,,,,2.0,0.05046622123747262,0.03157849982380867,0.011922227254567238,0.019023539498448372,,,
s4,r0p25_d0p2_quadratic_b0_fixed_s18,5,0.25,0.1388888888888889,0.2,0.0,2.634915412386711,2.034527783884535,0.00023485991612660995,3.471389615216515,2.6380997913374333,2.03938889503479,-0.0021830101031810045,7.2459397315979,0.15617401897907257,0.0,688.263699568,data/reconstruction_data/results0717_s4_material_calibration_air_pilot/stage4/variants/r0p25_d0p2_quadratic_b0_fixed_s18/recon/epoch_05.mhd,True,0.0,2.235757350921631,1.0138343572616577,0.030783789232373238,,,,,,,,,,,,,2.0,0.05017893733662794,0.031382810324430466,0.01192666319772028,0.018665088340640068,,,
s4,r0p25_d0p2_quadratic_b0_fixed_s18,6,0.25,0.125,0.2,0.0,2.6341663350151387,2.0337009457511175,0.00020886258008433257,3.4694161402635446,2.6376450991746543,2.038835287094116,-0.002224911702796817,7.245386600494385,0.13900990784168243,0.0,687.4223920309887,data/reconstruction_data/results0717_s4_material_calibration_air_pilot/stage4/variants/r0p25_d0p2_quadratic_b0_fixed_s18/recon/epoch_06.mhd,True,0.0,2.235217571258545,1.0138438940048218,0.03067527711391449,,,,,,,,,,,,,2.0,0.04995976051105987,0.031222078949213028,0.011939644759807449,0.018481869250535965,,,
s5,r0p25_d0p2_quadratic_b0_fixed_s18,1,0.25,0.25,0.2,0.0,2.5760873670332094,2.0119095940341967,0.07898744681942739,3.318113061294047,2.572042640562984,2.009213447570801,0.0031888873782008886,6.9249725341796875,0.43290627002716064,0.0,687.2802393309976,data/reconstruction_data/results0717_s5_resolution_air_pilot/stage4/variants/r0p25_d0p2_quadratic_b0_fixed_s18/recon/epoch_01.mhd,True,0.0,2.1771886348724365,1.014328122138977,0.025853637605905533,,,,,,,,,,,,,2.0,0.05680465609579023,0.030964842066168785,,,0.49338885930870136,1.0601129523065929,
s5,r0p25_d0p2_quadratic_b0_fixed_s18,2,0.25,0.20833333333333334,0.2,0.0,2.566045247387148,2.002354597153864,0.001465315854647641,3.292294105819085,2.568875392992407,2.005459785461426,0.0009976450819522142,6.926156044006348,0.3482239544391632,0.0,687.018853053989,data/reconstruction_data/results0717_s5_resolution_air_pilot/stage4/variants/r0p25_d0p2_quadratic_b0_fixed_s18/recon/epoch_02.mhd,True,0.0,2.1767830848693848,1.0139918327331543,0.025704603642225266,,,,,,,,,,,,,2.0,0.055931832627529106,0.030525963753461838,,,0.4948362135557126,1.0633364761174922,
s5,r0p25_d0p2_quadratic_b0_fixed_s18,3,0.25,0.17857142857142858,0.2,0.0,2.5635451690073294,1.9994711544636226,0.0007907414459982148,3.2858819167704088,2.5674652472221835,2.0037081241607666,0.000826314848382026,6.926661491394043,0.29197248816490173,0.0,686.9164794450044,data/reconstruction_data/results0717_s5_resolution_air_pilot/stage4/variants/r0p25_d0p2_quadratic_b0_fixed_s18/recon/epoch_03.mhd,True,0.0,2.177156686782837,1.0139038562774658,0.02558465301990509,,,,,,,,,,,,,2.0,0.05541050809560517,0.03022424317896366,,,0.4961164907032982,1.0660692066969346,
s5,r0p25_d0p2_quadratic_b0_fixed_s18,4,0.25,0.15625,0.2,0.0,2.562165419914653,1.9978724365802827,0.0006841046306579506,3.2823458195032154,2.5666360583879455,2.00266170501709,0.0007258721743710339,6.92647647857666,0.25145575404167175,0.0,687.0674049410009,data/reconstruction_data/results0717_s5_resolution_air_pilot/stage4/variants/r0p25_d0p2_quadratic_b0_fixed_s18/recon/epoch_04.mhd,True,0.0,2.177527904510498,1.0138829946517944,0.025485122576355934,,,,,,,,,,,,,2.0,0.055061534691820534,0.029999734833836555,,,0.49722821365810743,1.068440828154191,
s5,r0p25_d0p2_quadratic_b0_fixed_s18,5,0.25,0.1388888888888889,0.2,0.0,2.561238592053604,1.9968121682794315,0.0006165101496765057,3.279971562712363,2.5660803128920846,2.001958131790161,0.0006503844051621854,6.926121234893799,0.22080892324447632,0.0,687.3042620830092,data/reconstruction_data/results0717_s5_resolution_air_pilot/stage4/variants/r0p25_d0p2_quadratic_b0_fixed_s18/recon/epoch_05.mhd,True,0.0,2.1778624057769775,1.0138819217681885,0.02540050633251667,,,,,,,,,,,,,2.0,0.05481041858704138,0.029823416844010353,,,0.49821068922822054,1.071733728812959,
s5,r0p25_d0p2_quadratic_b0_fixed_s18,6,0.25,0.125,0.2,0.0,2.560550784286096,1.9960399385260814,0.0005666368593845163,3.278210159454071,2.565676885443947,2.0014493465423584,0.0005903748678974807,6.925846576690674,0.196797177195549,0.0,687.0776588650042,data/reconstruction_data/results0717_s5_resolution_air_pilot/stage4/variants/r0p25_d0p2_quadratic_b0_fixed_s18/recon/epoch_06.mhd,True,0.0,2.1781582832336426,1.0138866901397705,0.025327317416667938,,,,,,,,,,,,,2.0,0.0546203854824119,0.02968037687242031,,,0.49909007892377905,1.0753259988947088,
s2,r0p25_d0p2_quadratic_b0p0125_decay_s18,5,0.25,0.1388888888888889,0.2,0.004166666666666667,2.446636930525587,1.92323095636224,0.0008123992472792929,2.9930161349058326,2.4463580742156057,1.9242103099822998,0.0009416697430424392,6.447453022003174,0.10006149113178253,0.5019503939984133,805.2611211390031,data/reconstruction_data/results0717_s2_water_vacuum_pilot/stage4/variants/r0p25_d0p2_quadratic_b0p0125_decay_s18/recon/epoch_05.mhd,True,0.0,1.1054983139038086,1.013870120048523,0.006462275516241789,0.01387012004852295,0.0003523826599121094,0.019694341686522232,0.01354509165380431,0.02580101148780651,0.019956511077269777,0.0,0.0,0.0,99.88618759558466,100.0984652883983,0.21227769281364317,,,,,,,,data/reconstruction_data/results0717_s2_water_vacuum_pilot/stage4/variants/r0p25_d0p2_quadratic_b0p0125_decay_s18
s4,r0p25_d0p2_quadratic_b0p0125_decay_s18,5,0.25,0.1388888888888889,0.2,0.004166666666666667,2.6319788100517614,2.0322512026576733,0.000702645049334989,3.463656228280743,2.6312668109255335,2.03413724899292,-0.0017107529565691948,7.223167419433594,0.15394960343837738,0.5002970950008603,688.3073960490001,data/reconstruction_data/results0717_s4_material_calibration_air_pilot/stage4/variants/r0p25_d0p2_quadratic_b0p0125_decay_s18/recon/epoch_05.mhd,True,0.0,2.1820759773254395,1.0138521194458008,0.018165359273552895,,,,,,,,,,,,,2.0,0.043461135695003,0.02328846976161003,0.011900906074935427,0.01787538267672062,,,data/reconstruction_data/results0717_s4_material_calibration_air_pilot/stage4/variants/r0p25_d0p2_quadratic_b0p0125_decay_s18
s5,r0p25_d0p2_quadratic_b0p0125_decay_s18,5,0.25,0.1388888888888889,0.2,0.004166666666666667,2.560016185124794,1.9958690258770824,0.0007243365533077461,3.2768414340504517,2.5608628852425617,1.9979490041732788,0.0009202460641972721,6.911521911621094,0.2181134968996048,0.5021036480029579,687.6963330339931,data/reconstruction_data/results0717_s5_resolution_air_pilot/stage4/variants/r0p25_d0p2_quadratic_b0p0125_decay_s18/recon/epoch_05.mhd,True,0.0,2.139857769012451,1.013879656791687,0.013016513548791409,,,,,,,,,,,,,2.0,0.05047335335839223,0.023017508909106255,,,0.48836447398251065,1.1168500088255822,data/reconstruction_data/results0717_s5_resolution_air_pilot/stage4/variants/r0p25_d0p2_quadratic_b0p0125_decay_s18
