angle_index,angle_degrees,status,protons_per_projection,random_seed,elapsed_seconds,phase_space_in_bytes,phase_space_out_bytes,phase_space_in_entries,phase_space_out_entries,phase_space_in_sha256,phase_space_out_sha256
0,0.0,completed,450000,20260713,101.88386229999742,28457161,27330702,449663,407698,,
1,0.5,completed,450000,20260714,109.62813389999792,28426155,27331083,450614,409019,,
2,1.0,completed,450000,20260715,111.56104680000135,28291407,27178028,449613,407494,,
3,1.5,completed,450000,20260716,108.84484119999979,28302367,27182486,449976,407720,,
4,2.0,completed,450000,20260717,108.28747039999871,28187646,27101106,449151,407360,,
5,2.5,completed,450000,20260718,111.40283479999925,28298931,27183658,451282,409066,,
6,3.0,completed,450000,20260719,106.97756880000088,28265962,27181209,450754,409037,,
7,3.5,completed,450000,20260720,110.89801019999868,28197362,27090276,449733,407581,,
8,4.0,completed,450000,20260721,111.30299899999955,28180794,27075276,449997,407927,,
9,4.5,completed,450000,20260722,111.53870849999657,28177337,27098402,450678,408939,,
10,5.0,completed,450000,20260723,110.57416249999369,28192166,27077073,450865,408652,,
11,5.5,completed,450000,20260724,111.55531399999745,28150207,27070351,450252,408527,,
12,6.0,completed,450000,20260725,105.90684009999677,28144986,27042388,450172,408115,,
13,6.5,completed,450000,20260726,100.91981279999891,28098976,27019146,449458,407578,,
14,7.0,completed,450000,20260727,104.70788130000437,28154449,27037659,450313,408067,,
15,7.5,completed,450000,20260728,101.96840760000487,28121768,27026568,449789,407766,,
16,8.0,completed,450000,20260729,109.91518799999903,28195373,27070187,450892,408497,,
17,8.5,completed,450000,20260730,110.97502559999702,28082344,26982476,449957,407744,,
18,9.0,completed,450000,20260731,110.41212359999918,28068273,26988013,449875,408117,,
19,9.5,completed,450000,20260732,110.6301816999985,28047527,26981722,449550,407897,,
20,10.0,completed,450000,20260733,109.87656509999943,28030260,26957738,449239,407543,,
21,10.5,completed,450000,20260734,110.53411139999662,28023180,26937616,449142,407197,,
22,11.0,completed,450000,20260735,110.93601029999991,28096249,26994410,450333,408187,,
23,11.5,completed,450000,20260736,107.48045249999996,28025979,26943642,449206,407302,,
24,12.0,completed,450000,20260737,106.08805420000135,28110602,27004543,450452,408377,,
25,12.5,completed,450000,20260738,106.49062359999516,28009854,26921234,448969,406928,,
26,13.0,completed,450000,20260739,108.21164619999763,28039096,26961035,449395,407531,,
27,13.5,completed,450000,20260740,105.56619250000222,28086107,27006034,450128,408369,,
28,14.0,completed,450000,20260741,110.77011330000096,28114357,26977061,450526,407977,,
29,14.5,completed,450000,20260742,105.97230259999924,28118359,27011805,450593,408459,,
30,15.0,completed,450000,20260743,110.38930110000365,28155244,27036217,451178,408822,,
31,15.5,completed,450000,20260744,110.36562340000091,28075958,26997768,449971,408277,,
32,16.0,completed,450000,20260745,110.78986609999993,28096972,27007725,450323,408379,,
33,16.5,completed,450000,20260746,110.1398537999994,28093573,27006297,450268,408395,,
34,17.0,completed,450000,20260747,110.80536389999907,28083670,27000746,450414,408607,,
35,17.5,completed,450000,20260748,110.85948310000094,28089410,26999922,450720,408790,,
36,18.0,completed,450000,20260749,104.09694529999979,28029579,26934086,449826,407673,,
37,18.5,completed,450000,20260750,105.56966349999857,28026131,26942232,449774,407804,,
38,19.0,completed,450000,20260751,117.40604110000277,28118533,27012313,451208,409030,,
39,19.5,completed,450000,20260752,115.72612690000096,28011183,26936094,449644,407782,,
40,20.0,completed,450000,20260753,115.63354210000398,28079047,26995770,450664,408769,,
41,20.5,completed,450000,20260754,110.78415030000178,28048745,26936549,450112,407753,,
42,21.0,completed,450000,20260755,110.14366940000036,28037021,26953336,449954,408136,,
43,21.5,completed,450000,20260756,111.56462279999687,28028506,26964252,449790,408288,,
44,22.0,completed,450000,20260757,112.36979530000099,28122823,27021488,451252,409073,,
45,22.5,completed,450000,20260758,113.25177620000613,28137068,27028734,451492,409171,,
46,23.0,completed,450000,20260759,113.89364370000112,28109216,27020787,451058,409053,,
47,23.5,completed,450000,20260760,112.93124939999689,28050475,26956445,450152,408155,,
48,24.0,completed,450000,20260761,103.05456910000066,28073022,26975600,450442,408423,,
49,24.5,completed,450000,20260762,102.62801610000315,27973219,26905348,448937,407290,,
50,25.0,completed,450000,20260763,106.94267509999918,28059060,26954329,450289,408149,,
51,25.5,completed,450000,20260764,107.5943694000016,28101319,27002463,450877,408803,,
52,26.0,completed,450000,20260765,106.63946549999673,28020576,26944306,449684,408027,,
53,26.5,completed,450000,20260766,105.41755479999847,28152497,27061441,451892,409694,,
54,27.0,completed,450000,20260767,104.91299569999683,28030431,26912805,449830,407376,,
55,27.5,completed,450000,20260768,107.97348169999896,28089425,26987711,450742,408581,,
56,28.0,completed,450000,20260769,108.36562649999541,28048907,26943186,450128,407854,,
57,28.5,completed,450000,20260770,103.66723630000342,28023334,26941028,449715,407955,,
58,29.0,completed,450000,20260771,107.89531890000217,28024947,26930247,449757,407629,,
59,29.5,completed,450000,20260772,108.3646391000002,28088238,26995884,450727,408729,,
60,30.0,completed,450000,20260773,102.93254709999746,28051657,26953755,450175,408125,,
61,30.5,completed,450000,20260774,107.80682040000102,28052175,26977230,450176,408452,,
62,31.0,completed,450000,20260775,106.75747480000427,27977348,26869654,449031,406681,,
63,31.5,completed,450000,20260776,103.80662189999566,28134450,27028124,451441,409199,,
64,32.0,completed,450000,20260777,113.17887560000236,28091223,27010165,450771,408942,,
65,32.5,completed,450000,20260778,105.35304390000238,28011419,26925845,449533,407557,,
66,33.0,completed,450000,20260779,106.62460909999936,28078623,26977103,450525,408451,,
67,33.5,completed,450000,20260780,106.88551350000489,28020539,26911175,449685,407289,,
68,34.0,completed,450000,20260781,103.53901050000422,27973112,26903969,449092,407326,,
69,34.5,completed,450000,20260782,106.07270940000308,28013905,26918100,450045,407842,,
70,35.0,completed,450000,20260783,104.43160429999989,28052059,26965714,450578,408695,,
71,35.5,completed,450000,20260784,104.93366900000547,28035719,26943373,450349,408377,,
72,36.0,completed,450000,20260785,107.0622949000026,28054382,26942963,450630,408344,,
73,36.5,completed,450000,20260786,102.68289930000174,28027052,26941700,450253,408371,,
74,37.0,completed,450000,20260787,105.10573969999678,28041854,26922191,450423,408094,,
75,37.5,completed,450000,20260788,107.61576570000034,27948812,26859242,449038,406962,,
76,38.0,completed,450000,20260789,104.76047489999473,28079239,26980316,451081,408925,,
77,38.5,completed,450000,20260790,108.81642629999988,28078518,26968701,451088,408723,,
78,39.0,completed,450000,20260791,104.4202826000037,27993271,26916681,449730,407858,,
79,39.5,completed,450000,20260792,107.16519749999861,28053731,26922741,450620,408101,,
80,40.0,completed,450000,20260793,106.97261470000376,28057586,26968534,450707,408728,,
81,40.5,completed,450000,20260794,107.30188760000601,28019162,26928750,450149,408179,,
82,41.0,completed,450000,20260795,107.99417520000134,27984379,26926457,449598,408153,,
83,41.5,completed,450000,20260796,106.667068200004,28092734,26977983,451267,408866,,
84,42.0,completed,450000,20260797,99.96523039999738,28024955,26923154,450238,408115,,
85,42.5,completed,450000,20260798,105.64346019999357,28073420,26970891,450960,408785,,
86,43.0,completed,450000,20260799,102.46805649999442,28052822,26965007,450600,408695,,
87,43.5,completed,450000,20260800,116.71858980000252,28051767,26956209,450607,408604,,
88,44.0,completed,450000,20260801,114.12923140000203,28089439,26999067,451221,409181,,
89,44.5,completed,450000,20260802,101.44452249999449,28028091,26923888,450277,408146,,
90,45.0,completed,450000,20260803,109.87845379999635,27982896,26895763,449580,407518,,
91,45.5,completed,450000,20260804,109.7346034000002,28050309,26940103,450572,408329,,
92,46.0,completed,450000,20260805,109.28560689999722,28024499,26947114,450246,408415,,
93,46.5,completed,450000,20260806,109.56321720000415,28013629,26949371,450070,408491,,
94,47.0,completed,450000,20260807,108.89366020000307,28039368,26941446,450409,408373,,
95,47.5,completed,450000,20260808,107.3025520999945,28021801,26918764,450169,408078,,
96,48.0,completed,450000,20260809,99.91085120000207,28030328,26914816,450317,407978,,
97,48.5,completed,450000,20260810,100.82438060000277,28075784,26968896,451020,408744,,
98,49.0,completed,450000,20260811,100.15004790000239,28029962,26932537,450306,408243,,
99,49.5,completed,450000,20260812,105.8679159999956,27942319,26865570,448967,407043,,
100,50.0,completed,450000,20260813,102.76897870000539,28002776,26929963,449894,408219,,
101,50.5,completed,450000,20260814,101.36940989999857,28050366,26933921,450550,408276,,
102,51.0,completed,450000,20260815,108.33828850000282,28002677,26902275,449885,407611,,
103,51.5,completed,450000,20260816,108.07914039999741,27972196,26891474,449425,407489,,
104,52.0,completed,450000,20260817,100.59655329999805,27958703,26880204,449168,407256,,
105,52.5,completed,450000,20260818,107.95434019999811,28020856,26949112,450155,408464,,
106,53.0,completed,450000,20260819,103.56901470000594,28026158,26930614,450247,408202,,
107,53.5,completed,450000,20260820,106.47710969999753,28007884,26912028,449963,407800,,
108,54.0,completed,450000,20260821,105.74071670000558,28000150,26912537,449855,407943,,
109,54.5,completed,450000,20260822,103.00348519999534,27998703,26911415,449825,407741,,
110,55.0,completed,450000,20260823,103.65446659999725,27973189,26883322,449429,407355,,
111,55.5,completed,450000,20260824,101.3168130999984,27984270,26890378,449592,407445,,
112,56.0,completed,450000,20260825,104.42093519999617,27959075,26848274,449189,406824,,
113,56.5,completed,450000,20260826,105.56850269999995,28039164,26956374,450412,408569,,
114,57.0,completed,450000,20260827,114.41833300000144,28049975,26973565,450569,408784,,
115,57.5,completed,450000,20260828,104.06434730000183,28007678,26920688,449970,408070,,
116,58.0,completed,450000,20260829,103.73981600000116,28118876,27018420,451686,409448,,
117,58.5,completed,450000,20260830,106.58817029999773,28041881,26913815,450436,407973,,
118,59.0,completed,450000,20260831,105.94085959999938,28013428,26922335,450064,408098,,
119,59.5,completed,450000,20260832,107.86215090000042,28005363,26915976,449931,407862,,
120,60.0,completed,450000,20260833,107.34471800000028,27979911,26902884,449521,407655,,
121,60.5,completed,450000,20260834,104.80673999999999,28050102,26956268,450594,408585,,
122,61.0,completed,450000,20260835,109.26822749999701,27951481,26884209,449087,407364,,
123,61.5,completed,450000,20260836,108.62378500000341,27987632,26906496,449657,407706,,
124,62.0,completed,450000,20260837,113.26870599999529,28019868,26918813,450128,408086,,
125,62.5,completed,450000,20260838,113.63164490000054,27994561,26910329,449773,407737,,
126,63.0,completed,450000,20260839,115.77565490000416,28025418,26912996,450224,407977,,
127,63.5,completed,450000,20260840,119.94410980000248,28021943,26913340,450173,407980,,
128,64.0,completed,450000,20260841,99.5723016999982,28039080,26930001,450402,408186,,
129,64.5,completed,450000,20260842,109.83044619999419,27930187,26863885,448797,407028,,
130,65.0,completed,450000,20260843,103.19800969999778,27919076,26848708,448587,406829,,
131,65.5,completed,450000,20260844,112.18403070000204,28116993,27028840,451653,409633,,
132,66.0,completed,450000,20260845,112.15838869999425,28124902,27028083,451786,409618,,
133,66.5,completed,450000,20260846,106.75519070000155,28020132,26921865,450145,408088,,
134,67.0,completed,450000,20260847,100.52283339999849,27989326,26902393,449678,407642,,
135,67.5,completed,450000,20260848,101.68278930000088,28055595,26982029,450693,408928,,
136,68.0,completed,450000,20260849,117.7931349999999,28061388,26975903,450761,408865,,
137,68.5,completed,450000,20260850,107.14804059999733,28030086,26942479,450550,408595,,
138,69.0,completed,450000,20260851,102.73220720000245,28019950,26924317,450644,408514,,
139,69.5,completed,450000,20260852,102.66043939999508,28011747,26889003,450491,408033,,
140,70.0,completed,450000,20260853,106.809706,28020454,26924964,450633,408532,,
141,70.5,completed,450000,20260854,105.81222989999515,27925144,26835270,449188,407020,,
142,71.0,completed,450000,20260855,105.74540879999404,28034882,26932012,450859,408653,,
143,71.5,completed,450000,20260856,106.5078618999978,27981936,26891201,450095,407883,,
144,72.0,completed,450000,20260857,100.18373730000167,28015931,26937308,450556,408737,,
145,72.5,completed,450000,20260858,105.084726400004,28062196,26986556,451335,409444,,
146,73.0,completed,450000,20260859,98.89638929999637,28003193,26920728,450359,408511,,
147,73.5,completed,450000,20260860,101.40321560000302,27901137,26826796,448848,406895,,
148,74.0,completed,450000,20260861,104.69027490000008,28045587,26935043,451097,408682,,
149,74.5,completed,450000,20260862,107.54963380000117,27989810,26894188,450201,408127,,
150,75.0,completed,450000,20260863,107.25822770000377,27987256,26921556,450168,408474,,
151,75.5,completed,450000,20260864,103.77443869999843,27969834,26899450,449933,408171,,
152,76.0,completed,450000,20260865,101.70935469999677,28058786,26967776,451273,409171,,
153,76.5,completed,450000,20260866,102.46464989999367,27941331,26856552,449465,407381,,
154,77.0,completed,450000,20260867,103.57364409999718,27984814,26903727,450156,408265,,
155,77.5,completed,450000,20260868,103.1940173000039,27953807,26858572,449697,407461,,
156,78.0,completed,450000,20260869,102.67574019999302,28003755,26903037,450441,408309,,
157,78.5,completed,450000,20260870,105.8236281999998,27928151,26860616,449352,407466,,
158,79.0,completed,450000,20260871,106.53813600000285,27961053,26884422,449851,407861,,
159,79.5,completed,450000,20260872,103.01541749999888,27927312,26837581,449309,407148,,
160,80.0,completed,450000,20260873,99.58256919999985,28012187,26911028,450577,408446,,
161,80.5,completed,450000,20260874,102.76884289999725,27975437,26878943,450055,407829,,
162,81.0,completed,450000,20260875,101.87074569999822,27977353,26873014,450104,407673,,
163,81.5,completed,450000,20260876,100.98718219999864,27991851,26919412,450274,408488,,
164,82.0,completed,450000,20260877,100.96052719999716,28039125,26953264,450918,408961,,
165,82.5,completed,450000,20260878,102.00454609999724,28014346,26903001,450522,408258,,
166,83.0,completed,450000,20260879,101.17059300000255,28030488,26940533,450795,408795,,
167,83.5,completed,450000,20260880,99.39174440000352,28037090,26945039,450886,408846,,
168,84.0,completed,450000,20260881,102.37778410000465,28041025,26927344,450985,408586,,
169,84.5,completed,450000,20260882,107.74566869999398,28045407,26946719,451098,408849,,
170,85.0,completed,450000,20260883,104.26249359999929,27996114,26893575,450314,408094,,
171,85.5,completed,450000,20260884,100.5055715999988,28025642,26919855,450752,408530,,
172,86.0,completed,450000,20260885,106.27192520000244,27949116,26874173,449562,407653,,
173,86.5,completed,450000,20260886,98.41187579999678,27934015,26881174,449352,407775,,
174,87.0,completed,450000,20260887,109.70542539999587,27985856,26917086,450141,408400,,
175,87.5,completed,450000,20260888,108.61511769999925,27981929,26881620,450092,407946,,
176,88.0,completed,450000,20260889,100.35741480000434,28041563,26934035,450976,408714,,
177,88.5,completed,450000,20260890,99.14622880000388,28007962,26897627,450426,408126,,
178,89.0,completed,450000,20260891,104.82475679999334,27996752,26878875,450324,407912,,
179,89.5,completed,450000,20260892,106.06613639999705,28059092,26966364,451294,409132,,
180,90.0,completed,450000,20260893,97.053525299998,27976028,26880524,450007,407917,,
181,90.5,completed,450000,20260894,102.64045449999685,27972106,26884799,449942,407971,,
182,91.0,completed,450000,20260895,102.6635810000007,28056695,26991747,451222,409478,,
183,91.5,completed,450000,20260896,102.19990849999886,28045274,26918342,451080,408468,,
184,92.0,completed,450000,20260897,117.9101479000019,27990353,26905772,450216,408274,,
185,92.5,completed,450000,20260898,116.00549119999778,27992287,26934262,450264,408693,,
186,93.0,completed,450000,20260899,102.48070960000041,27955697,26879971,449675,407773,,
187,93.5,completed,450000,20260900,103.38094260000071,27965934,26881357,449845,407738,,
188,94.0,completed,450000,20260901,98.28970220000338,28023503,26929548,450715,408650,,
189,94.5,completed,450000,20260902,105.34064940000098,27966214,26882267,449866,407914,,
190,95.0,completed,450000,20260903,107.68272850000358,28117759,27037446,452336,410147,,
191,95.5,completed,450000,20260904,103.03860319999512,27948163,26866323,449580,407520,,
192,96.0,completed,450000,20260905,104.97996179999609,28007226,26901850,450423,408214,,
193,96.5,completed,450000,20260906,106.19089689999964,27925277,26862919,449199,407457,,
194,97.0,completed,450000,20260907,107.12305949999427,28041911,26938466,451013,408738,,
195,97.5,completed,450000,20260908,105.37498359999881,27973072,26879657,449946,407900,,
196,98.0,completed,450000,20260909,105.35176409999985,28015998,26935596,450588,408709,,
197,98.5,completed,450000,20260910,99.59474480000063,28009946,26925538,450473,408565,,
198,99.0,completed,450000,20260911,103.164701099995,28034693,26942843,450865,408780,,
199,99.5,completed,450000,20260912,102.61638250000397,28069427,26964322,451411,409093,,
200,100.0,completed,450000,20260913,101.98833839999861,27964161,26883866,449802,408030,,
201,100.5,completed,450000,20260914,101.32025289999729,27980423,26896842,450065,408183,,
202,101.0,completed,450000,20260915,101.3237095000004,28003831,26912903,450370,408365,,
203,101.5,completed,450000,20260916,102.8635537999944,27985317,26901349,450138,408188,,
204,102.0,completed,450000,20260917,100.53222010000172,27965504,26875045,449833,407681,,
205,102.5,completed,450000,20260918,105.58830759999546,28022419,26928535,450697,408592,,
206,103.0,completed,450000,20260919,103.97157809999771,28039575,26955999,450954,408977,,
207,103.5,completed,450000,20260920,103.8857663000017,27924023,26827263,449185,406914,,
208,104.0,completed,450000,20260921,110.85904190000292,27958751,26862511,449730,407491,,
209,104.5,completed,450000,20260922,106.48478690000047,27953549,26877711,449661,407698,,
210,105.0,completed,450000,20260923,112.09526429999823,27960272,26887237,449771,408010,,
211,105.5,completed,450000,20260924,104.81999229999929,27884991,26799801,448585,406487,,
212,106.0,completed,450000,20260925,104.0108865000002,28011446,26892506,450488,408111,,
213,106.5,completed,450000,20260926,104.69994039999438,28027912,26923245,450778,408491,,
214,107.0,completed,450000,20260927,101.89192339999863,27925061,26857900,449181,407407,,
215,107.5,completed,450000,20260928,111.70011160000286,27969312,26891862,449901,408089,,
216,108.0,completed,450000,20260929,102.18282090000139,27948550,26886225,449571,408008,,
217,108.5,completed,450000,20260930,105.91303239999979,27966491,26886531,449849,407853,,
218,109.0,completed,450000,20260931,105.45552139999927,27980435,26888796,450063,408004,,
219,109.5,completed,450000,20260932,105.64272119999805,27964816,26878479,449810,407700,,
220,110.0,completed,450000,20260933,103.71561769999971,27987997,26882285,450170,407758,,
221,110.5,completed,450000,20260934,109.53465639999922,28006332,26905863,450396,408280,,
222,111.0,completed,450000,20260935,100.97476439999446,28006397,26916896,450419,408412,,
223,111.5,completed,450000,20260936,105.47164390000398,27924817,26861660,449191,407450,,
224,112.0,completed,450000,20260937,104.98271129999921,28009591,26897488,450457,408190,,
225,112.5,completed,450000,20260938,104.44822299999942,27962023,26868135,449772,407562,,
226,113.0,completed,450000,20260939,104.22189380000054,27994140,26927270,450275,408535,,
227,113.5,completed,450000,20260940,104.44323609999992,27981925,26893006,450101,408106,,
228,114.0,completed,450000,20260941,101.06832939999731,28008378,26908058,450419,408288,,
229,114.5,completed,450000,20260942,104.2146087000001,27987723,26900693,450153,408197,,
230,115.0,completed,450000,20260943,104.02409099999932,27995892,26898664,450329,408204,,
231,115.5,completed,450000,20260944,104.73395050000545,27971732,26885142,449943,407958,,
232,116.0,completed,450000,20260945,104.63897989999532,28006637,26914013,450431,408373,,
233,116.5,completed,450000,20260946,101.60417009999946,28003614,26908851,450377,408323,,
234,117.0,completed,450000,20260947,103.42654379999294,28037592,26944403,450913,408840,,
235,117.5,completed,450000,20260948,102.66995170000155,28025792,26911177,450719,408346,,
236,118.0,completed,450000,20260949,102.11866549999831,28009961,26909107,450473,408339,,
237,118.5,completed,450000,20260950,100.97455790000095,27960513,26879433,449764,407807,,
238,119.0,completed,450000,20260951,105.32163489999948,28003068,26898241,450364,408222,,
239,119.5,completed,450000,20260952,106.04819619999762,27929658,26864356,449272,407508,,
240,120.0,completed,450000,20260953,104.18035789999703,28031670,26931422,450820,408644,,
241,120.5,completed,450000,20260954,103.47454510000534,27957664,26864628,449683,407486,,
242,121.0,completed,450000,20260955,109.09652529999585,27942197,26868784,449467,407554,,
243,121.5,completed,450000,20260956,105.3159685999999,27969222,26883700,449875,407947,,
244,122.0,completed,450000,20260957,103.24983159999829,28041957,26943603,450993,408817,,
245,122.5,completed,450000,20260958,101.78345930000069,27992350,26903782,450242,408240,,
246,123.0,completed,450000,20260959,101.45948750000389,28008427,26914216,450421,408409,,
247,123.5,completed,450000,20260960,102.48773809999693,28045186,26941997,451079,408792,,
248,124.0,completed,450000,20260961,102.175722400003,27944984,26869970,449492,407529,,
249,124.5,completed,450000,20260962,101.5101743999985,27953320,26880192,449645,407722,,
250,125.0,completed,450000,20260963,107.55112720000034,28012956,26945672,450516,408835,,
251,125.5,completed,450000,20260964,105.1304655999993,27985906,26900367,450151,408216,,
252,126.0,completed,450000,20260965,106.10359779999999,27955707,26881243,449687,407766,,
253,126.5,completed,450000,20260966,104.96249419999367,27890877,26848307,448688,407224,,
254,127.0,completed,450000,20260967,101.09951929999806,27969226,26880280,449905,407775,,
255,127.5,completed,450000,20260968,105.73301440000068,28013252,26947849,450527,408898,,
256,128.0,completed,450000,20260969,106.61943009999959,27909783,26815720,448974,406758,,
257,128.5,completed,450000,20260970,104.5115461000023,27958377,26861014,449733,407466,,
258,129.0,completed,450000,20260971,102.80924190000223,28057397,26996716,451246,409591,,
259,129.5,completed,450000,20260972,103.32889100000466,28107748,27037152,452184,410187,,
260,130.0,completed,450000,20260973,104.07667019999644,27966412,26881371,449849,407738,,
261,130.5,completed,450000,20260974,102.13994969999476,27989683,26899144,450199,408158,,
262,131.0,completed,450000,20260975,104.89297010000155,27988589,26887136,450168,408027,,
263,131.5,completed,450000,20260976,105.96985299999506,27921194,26843861,449133,407190,,
264,132.0,completed,450000,20260977,106.99657519999892,27929116,26851211,449268,407273,,
265,132.5,completed,450000,20260978,105.44734139999491,28016981,26917271,450596,408467,,
266,133.0,completed,450000,20260979,104.59618180000689,27988633,26903386,450185,408213,,
267,133.5,completed,450000,20260980,100.85214869999618,28017872,26923394,450600,408490,,
268,134.0,completed,450000,20260981,113.27020780000021,27949064,26883383,449569,407963,,
269,134.5,completed,450000,20260982,104.48281789999601,28008830,26909446,450457,408300,,
270,135.0,completed,450000,20260983,105.96241890000238,27980063,26900898,450057,408197,,
271,135.5,completed,450000,20260984,105.92957680000109,28029543,26928035,450804,408594,,
272,136.0,completed,450000,20260985,105.09032429999934,28056035,26970223,451197,409164,,
273,136.5,completed,450000,20260986,105.77423640000052,27975957,26889300,449999,407879,,
274,137.0,completed,450000,20260987,106.98269779999828,27886863,26827521,448706,407027,,
275,137.5,completed,450000,20260988,104.3185439000008,27972637,26877773,450637,408475,,
276,138.0,completed,450000,20260989,108.39359960000002,27961604,26877939,450469,408461,,
277,138.5,completed,450000,20260990,106.18028369999956,28005436,26913740,451174,408990,,
278,139.0,completed,450000,20260991,101.97774840000056,27996207,26925475,451080,409147,,
279,139.5,completed,450000,20260992,107.6318289999981,27991904,26892154,450951,408675,,
280,140.0,completed,450000,20260993,105.30979690000095,27993685,26895537,450997,408703,,
281,140.5,completed,450000,20260994,103.84608570000273,28022627,26929461,451469,409195,,
282,141.0,completed,450000,20260995,103.89103439999599,28012818,26950127,451340,409502,,
283,141.5,completed,450000,20260996,108.4518145999973,27955882,26878598,450367,408487,,
284,142.0,completed,450000,20260997,103.60499930000515,28056989,26984432,452169,410029,,
285,142.5,completed,450000,20260998,107.29993269999977,27975609,26889118,450730,408623,,
286,143.0,completed,450000,20260999,106.40042410000024,27964094,26863858,450488,408300,,
287,143.5,completed,450000,20261000,104.68165990000125,27960461,26878928,450447,408476,,
288,144.0,completed,450000,20261001,108.74123030000192,27991244,26928407,450970,409214,,
289,144.5,completed,450000,20261002,100.64740329999768,27939614,26863030,450191,408242,,
290,145.0,completed,450000,20261003,105.89085490000434,27923369,26841985,449935,407954,,
291,145.5,completed,450000,20261004,105.00338860000193,27940611,26870426,450212,408340,,
292,146.0,completed,450000,20261005,112.88144369999645,27985903,26905033,450863,408844,,
293,146.5,completed,450000,20261006,102.68686720000551,27919120,26842451,449858,407829,,
294,147.0,completed,450000,20261007,101.19545110000035,27908757,26844441,449703,408021,,
295,147.5,completed,450000,20261008,104.17265630000475,28008688,26916542,451244,409036,,
296,148.0,completed,450000,20261009,107.61560530000133,27829888,26781602,448490,406836,,
297,148.5,completed,450000,20261010,108.60686890000215,27979903,26910179,450786,408922,,
298,149.0,completed,450000,20261011,107.55826040000102,27992324,26931137,450951,409251,,
299,149.5,completed,450000,20261012,104.80495940000401,27957474,26855060,450419,408134,,
300,150.0,completed,450000,20261013,104.7621661000012,27903779,26830754,449640,407593,,
301,150.5,completed,450000,20261014,108.49772229999508,27978458,26873852,450757,408391,,
302,151.0,completed,450000,20261015,105.49137680000422,27921993,26837296,449931,407718,,
303,151.5,completed,450000,20261016,108.18968500000483,27997042,26890806,451089,408634,,
304,152.0,completed,450000,20261017,106.39719250000053,27959410,26877414,450436,408467,,
305,152.5,completed,450000,20261018,99.8224016000022,27916990,26840474,449832,407788,,
306,153.0,completed,450000,20261019,111.9706479000015,28015262,26942451,451345,409406,,
307,153.5,completed,450000,20261020,99.7760075000042,27941805,26845714,450210,407855,,
308,154.0,completed,450000,20261021,116.60700519999955,27992014,26914836,450987,408978,,
309,154.5,completed,450000,20261022,114.51288349999959,27918100,26828462,449874,407575,,
310,155.0,completed,450000,20261023,109.03525290000107,27922600,26844692,449947,407997,,
311,155.5,completed,450000,20261024,108.20007600000099,27886444,26823335,449355,407483,,
312,156.0,completed,450000,20261025,110.02385359999607,27946954,26861575,450293,408260,,
313,156.5,completed,450000,20261026,112.5398309000011,28019422,26930491,451404,409215,,
314,157.0,completed,450000,20261027,107.95106999999552,27907613,26840100,449676,407927,,
315,157.5,completed,450000,20261028,111.86990840000362,27958226,26858049,450407,408207,,
316,158.0,completed,450000,20261029,107.45191969999723,27931363,26856961,450052,408216,,
317,158.5,completed,450000,20261030,111.59306279999873,27975642,26887877,450716,408615,,
318,159.0,completed,450000,20261031,104.9862592999998,27859988,26764050,448942,406589,,
319,159.5,completed,450000,20261032,109.50914689999627,27986089,26913508,450865,408935,,
320,160.0,completed,450000,20261033,102.57334540000011,27992754,26919533,450984,409035,,
321,160.5,completed,450000,20261034,103.60381529999722,27908575,26841923,449687,407808,,
322,161.0,completed,450000,20261035,103.62668219999614,27956734,26890089,450394,408626,,
323,161.5,completed,450000,20261036,111.89591370000562,27997356,26907714,451087,408882,,
324,162.0,completed,450000,20261037,113.22566480000387,28020087,26913942,451409,409001,,
325,162.5,completed,450000,20261038,109.37487030000193,27953862,26863285,450353,408273,,
326,163.0,completed,450000,20261039,108.06499749999784,28014696,26940837,451335,409352,,
327,163.5,completed,450000,20261040,99.38927849999891,27907433,26839458,449659,407767,,
328,164.0,completed,450000,20261041,110.65967049999745,27938769,26836314,450146,407926,,
329,164.5,completed,450000,20261042,111.96036749999621,27995628,26889608,451057,408658,,
330,165.0,completed,450000,20261043,116.51447410000401,27930326,26841141,450050,407936,,
331,165.5,completed,450000,20261044,110.68662040000345,27895727,26830850,449498,407598,,
332,166.0,completed,450000,20261045,101.99589040000137,27949814,26869637,450338,408350,,
333,166.5,completed,450000,20261046,107.96538780000265,27965623,26900652,450529,408810,,
334,167.0,completed,450000,20261047,111.54008859999885,27971480,26866340,450618,408298,,
335,167.5,completed,450000,20261048,110.16575810000359,27995427,26914627,451053,409019,,
336,168.0,completed,450000,20261049,106.75171509999927,27880525,26813028,449265,407349,,
337,168.5,completed,450000,20261050,110.06672950000211,27968157,26857513,450567,408192,,
338,169.0,completed,450000,20261051,108.87072210000042,28015398,26923614,451340,409134,,
339,169.5,completed,450000,20261052,109.65787380000256,27922445,26855123,449925,408173,,
340,170.0,completed,450000,20261053,109.77098059999844,27964327,26899281,450517,408799,,
341,170.5,completed,450000,20261054,114.92789600000106,27984071,26907034,450837,408843,,
342,171.0,completed,450000,20261055,100.23871979999967,28019960,26908573,451412,408866,,
343,171.5,completed,450000,20261056,111.04760249999526,27993796,26913129,451015,408979,,
344,172.0,completed,450000,20261057,110.78221850000409,27971083,26897452,450599,408761,,
345,172.5,completed,450000,20261058,102.32094330000109,27990985,26903208,450964,408811,,
346,173.0,completed,450000,20261059,107.84643060000235,27957648,26885569,450421,408586,,
347,173.5,completed,450000,20261060,115.26407349999499,27920076,26827669,449885,407548,,
348,174.0,completed,450000,20261061,106.47856719999982,27901755,26826424,449598,407549,,
349,174.5,completed,450000,20261062,111.95951250000508,27980010,26892371,450786,408691,,
350,175.0,completed,450000,20261063,107.77356370000052,28028895,26939228,451549,409326,,
351,175.5,completed,450000,20261064,109.37401930000487,27946814,26862921,450297,408259,,
352,176.0,completed,450000,20261065,105.25901310000336,27915358,26842999,449805,407785,,
353,176.5,completed,450000,20261066,104.29991040000459,27946610,26878339,450280,408502,,
354,177.0,completed,450000,20261067,111.95025370000076,27927317,26840081,449971,407933,,
355,177.5,completed,450000,20261068,102.74954230000003,27915388,26846942,449800,407866,,
356,178.0,completed,450000,20261069,103.30533110000397,28005109,26912925,451182,408986,,
357,178.5,completed,450000,20261070,112.10579619999771,27955060,26876346,450370,408427,,
358,179.0,completed,450000,20261071,111.14049009999871,27945054,26870534,450263,408354,,
359,179.5,completed,450000,20261072,99.46311089999654,27911663,26842483,449752,407934,,
360,180.0,completed,450000,20261073,103.92882870000176,27938288,26855122,450152,408201,,
361,180.5,completed,450000,20261074,103.34143259999837,27959236,26865290,450426,408284,,
362,181.0,completed,450000,20261075,108.44689189999917,27938127,26843057,450151,407828,,
363,181.5,completed,450000,20261076,103.75407400000404,27984380,26904719,450830,408873,,
364,182.0,completed,450000,20261077,105.78569619999325,27857050,26804779,448889,407173,,
365,182.5,completed,450000,20261078,106.72172130000399,27961407,26888855,450456,408613,,
366,183.0,completed,450000,20261079,117.07287159999396,28044881,26932133,451819,409224,,
367,183.5,completed,450000,20261080,101.7998574000012,27949906,26873183,450339,408428,,
368,184.0,completed,450000,20261081,103.34060850000242,27920506,26836980,449902,407730,,
369,184.5,completed,450000,20261082,110.77683610000531,27967744,26858818,450571,408182,,
370,185.0,completed,450000,20261083,99.9178580000007,27999885,26941430,451129,409358,,
371,185.5,completed,450000,20261084,100.24353390000033,27997942,26914611,451089,408996,,
372,186.0,completed,450000,20261085,106.94285030000174,27930132,26838857,450039,407966,,
373,186.5,completed,450000,20261086,108.64301049999631,28004579,26929545,451182,409231,,
374,187.0,completed,450000,20261087,100.60808099999849,27907097,26834399,449681,407633,,
375,187.5,completed,450000,20261088,100.26846749999822,27973651,26893257,450670,408710,,
376,188.0,completed,450000,20261089,106.77423129999806,27980517,26892991,450795,408680,,
377,188.5,completed,450000,20261090,112.87862250000035,27999298,26928220,451129,409190,,
378,189.0,completed,450000,20261091,113.83947710000211,27936928,26839281,450114,407783,,
379,189.5,completed,450000,20261092,111.95096490000287,27987319,26894803,450876,408704,,
380,190.0,completed,450000,20261093,101.10067639999761,27918015,26843233,449866,407823,,
381,190.5,completed,450000,20261094,101.226528399995,27881250,26814671,449270,407326,,
382,191.0,completed,450000,20261095,106.64186110000446,27938993,26858252,450167,408199,,
383,191.5,completed,450000,20261096,101.45038960000238,27859334,26791155,448933,407006,,
384,192.0,completed,450000,20261097,112.15074000000459,27979006,26874192,450771,408423,,
385,192.5,completed,450000,20261098,99.24089800000365,27952968,26840550,450346,407918,,
386,193.0,completed,450000,20261099,111.29568899999867,27873273,26801695,449146,407212,,
387,193.5,completed,450000,20261100,108.4176454000044,27938713,26842053,450148,407974,,
388,194.0,completed,450000,20261101,110.5170081000033,27990666,26904615,450943,408843,,
389,194.5,completed,450000,20261102,110.74662370000442,27900910,26820642,449581,407487,,
390,195.0,completed,450000,20261103,99.33879129999696,27930005,26854907,450041,408165,,
391,195.5,completed,450000,20261104,101.49086669999815,27898657,26832896,449562,407654,,
392,196.0,completed,450000,20261105,104.96650330000557,27988175,26895332,450887,408739,,
393,196.5,completed,450000,20261106,100.82368100000167,27935758,26853793,450119,408108,,
394,197.0,completed,450000,20261107,108.33924390000175,27993308,26908052,450964,408929,,
395,197.5,completed,450000,20261108,107.0745803999962,27983188,26876132,450818,408441,,
396,198.0,completed,450000,20261109,100.25324120000005,27967938,26861761,450555,408219,,
397,198.5,completed,450000,20261110,109.29396070000075,27962353,26857416,450473,408202,,
398,199.0,completed,450000,20261111,111.94979690000036,27963490,26887909,450489,408630,,
399,199.5,completed,450000,20261112,112.24314739999681,28009500,26908562,451263,408862,,
400,200.0,completed,450000,20261113,107.78403780000372,27924510,26851843,449950,408117,,
401,200.5,completed,450000,20261114,101.20668789999763,27971747,26866193,450630,408289,,
402,201.0,completed,450000,20261115,104.55755540000246,27949480,26843929,450334,408002,,
403,201.5,completed,450000,20261116,109.28845629999705,27963390,26843594,450504,407974,,
404,202.0,completed,450000,20261117,110.34667520000221,27928451,26861184,450014,408236,,
405,202.5,completed,450000,20261118,112.4153370999993,27900684,26817378,449596,407402,,
406,203.0,completed,450000,20261119,99.8891777999961,27998604,26916751,451118,409009,,
407,203.5,completed,450000,20261120,112.08725090000371,27922877,26840369,449943,407953,,
408,204.0,completed,450000,20261121,109.76178740000614,27860813,26796491,448943,407071,,
409,204.5,completed,450000,20261122,106.19280930000241,27906739,26828572,449657,407571,,
410,205.0,completed,450000,20261123,104.46073639999668,27872562,26785866,449115,406903,,
411,205.5,completed,450000,20261124,105.7432609000025,27927778,26845739,450007,407972,,
412,206.0,completed,450000,20261125,111.77811229999497,27905716,26835083,449653,407639,,
413,206.5,completed,450000,20261126,116.804366999997,27922332,26838802,449924,407899,,
414,207.0,completed,450000,20261127,113.66810610000539,28035162,26958197,451681,409614,,
415,207.5,completed,450000,20261128,99.76561950000178,27993836,26902292,451031,408818,,
416,208.0,completed,450000,20261129,102.90095019999717,27969960,26895350,450624,408716,,
417,208.5,completed,450000,20261130,102.90302379999775,27924104,26827614,449952,407608,,
418,209.0,completed,450000,20261131,110.88657610000519,27971532,26914853,450675,408984,,
419,209.5,completed,450000,20261132,106.53106860000116,27969519,26859472,450588,408212,,
420,210.0,completed,450000,20261133,112.42236829999456,27918110,26848090,449867,408075,,
421,210.5,completed,450000,20261134,108.86534499999834,27897202,26831462,449520,407645,,
422,211.0,completed,450000,20261135,99.48521999999502,27933611,26831241,450078,407641,,
423,211.5,completed,450000,20261136,104.10819369999808,27940931,26873064,450190,408396,,
424,212.0,completed,450000,20261137,102.14223409999977,27980042,26899120,450792,408777,,
425,212.5,completed,450000,20261138,111.30954100000235,27892750,26829420,449452,407590,,
426,213.0,completed,450000,20261139,101.91393670000252,27906776,26840358,449679,407783,,
427,213.5,completed,450000,20261140,102.34630009999819,27938454,26873015,450136,408390,,
428,214.0,completed,450000,20261141,102.16886960000556,27904495,26836089,449621,407701,,
429,214.5,completed,450000,20261142,103.82287400000496,27940515,26845317,450168,408077,,
430,215.0,completed,450000,20261143,108.48827420000453,27913453,26833432,449754,407656,,
431,215.5,completed,450000,20261144,108.6781800999961,27939654,26860543,450159,408180,,
432,216.0,completed,450000,20261145,108.83351829999447,27928758,26847190,450024,408066,,
433,216.5,completed,450000,20261146,105.6795828999966,27987101,26892462,450860,408683,,
434,217.0,completed,450000,20261147,104.63421069999458,27993059,26872212,450970,408383,,
435,217.5,completed,450000,20261148,107.13195619999897,27908319,26834881,449694,407705,,
436,218.0,completed,450000,20261149,112.49611300000106,27977511,26909701,450764,408917,,
437,218.5,completed,450000,20261150,102.77407230000244,27888388,26812174,449372,407321,,
438,219.0,completed,450000,20261151,103.38282540000364,27933497,26855825,450096,408157,,
439,219.5,completed,450000,20261152,102.10700999999972,27882824,26822178,449292,407470,,
440,220.0,completed,450000,20261153,104.64610420000099,27964852,26870417,450521,408360,,
441,220.5,completed,450000,20261154,113.48815309999918,27899706,26808888,449544,407282,,
442,221.0,completed,450000,20261155,112.46559460000572,27951644,26873355,450342,408427,,
443,221.5,completed,450000,20261156,107.27689570000075,27990561,26913849,450951,409013,,
444,222.0,completed,450000,20261157,106.44770599999902,27917673,26846045,449848,408023,,
445,222.5,completed,450000,20261158,105.97416359999625,27846970,26787327,448749,406930,,
446,223.0,completed,450000,20261159,108.3909652999937,27956194,26872154,450369,408385,,
447,223.5,completed,450000,20261160,115.63277229999949,27963662,26880243,450479,408503,,
448,224.0,completed,450000,20261161,103.12227910000365,27882496,26802998,449288,407162,,
449,224.5,completed,450000,20261162,104.43443690000277,27961558,26877936,450467,408519,,
450,225.0,completed,450000,20261163,104.40526469999895,27985322,26866206,450863,408327,,
451,225.5,completed,450000,20261164,108.57193249999546,27984218,26884532,450817,408566,,
452,226.0,completed,450000,20261165,115.90880340000149,27938228,26833577,450153,407641,,
453,226.5,completed,450000,20261166,105.86961690000317,27945592,26874939,450270,408436,,
454,227.0,completed,450000,20261167,100.22877159999916,27965720,26869283,450518,408364,,
455,227.5,completed,450000,20261168,115.34174450000137,27967642,26861671,450580,408251,,
456,228.0,completed,450000,20261169,112.30933950000326,28031660,26942579,451604,409396,,
457,228.5,completed,450000,20261170,105.39430539999739,27987141,26903748,450877,408828,,
458,229.0,completed,450000,20261171,109.03518600000098,27925777,26837590,449966,407679,,
459,229.5,completed,450000,20261172,110.13487050000549,27947289,26845023,450293,407999,,
460,230.0,completed,450000,20261173,109.52491000000009,27885585,26830041,449349,407609,,
461,230.5,completed,450000,20261174,119.38222429999587,27876943,26816151,449186,407397,,
462,231.0,completed,450000,20261175,100.55690979999781,27944710,26835729,450255,407707,,
463,231.5,completed,450000,20261176,115.88557220000075,27883588,26802940,449316,407239,,
464,232.0,completed,450000,20261177,114.33182870000019,27918347,26845841,449864,408036,,
465,232.5,completed,450000,20261178,101.78197779999755,27922970,26839763,449931,407963,,
466,233.0,completed,450000,20261179,108.61938190000365,27962277,26876195,450482,408476,,
467,233.5,completed,450000,20261180,103.99453889999859,27874226,26816721,449172,407366,,
468,234.0,completed,450000,20261181,108.05294389999472,27959619,26883920,450448,408532,,
469,234.5,completed,450000,20261182,110.83777969999937,28052632,26976555,452076,409886,,
470,235.0,completed,450000,20261183,112.17856400000164,27960188,26869447,450451,408331,,
471,235.5,completed,450000,20261184,116.00120379999862,27996357,26929210,451047,409202,,
472,236.0,completed,450000,20261185,115.31153479999921,27910588,26841633,449731,407768,,
473,236.5,completed,450000,20261186,117.55825149999873,28042755,26915418,451780,408987,,
474,237.0,completed,450000,20261187,111.03751310000371,28013483,26913267,451333,408992,,
475,237.5,completed,450000,20261188,116.70656489999965,27965392,26885327,450512,408570,,
476,238.0,completed,450000,20261189,99.87672019999445,27993806,26888153,451008,408615,,
477,238.5,completed,450000,20261190,113.02417380000406,27914826,26838106,449789,407758,,
478,239.0,completed,450000,20261191,112.56649879999895,28026283,26925945,451533,409161,,
479,239.5,completed,450000,20261192,112.18793990000268,27987471,26870253,450884,408349,,
480,240.0,completed,450000,20261193,104.83691949999775,27914660,26839649,449795,407921,,
481,240.5,completed,450000,20261194,104.85788760000287,27965605,26859544,450555,408181,,
482,241.0,completed,450000,20261195,115.3421681999971,27879541,26782255,449232,406865,,
483,241.5,completed,450000,20261196,106.6485432000045,27943060,26849112,450232,408074,,
484,242.0,completed,450000,20261197,111.28754409999965,27961661,26847944,450467,408054,,
485,242.5,completed,450000,20261198,99.15662319999683,27930524,26837840,450047,407726,,
486,243.0,completed,450000,20261199,107.76397089999955,27947946,26870602,450330,408346,,
487,243.5,completed,450000,20261200,116.49901260000479,27905868,26837873,449662,407707,,
488,244.0,completed,450000,20261201,120.70017080000252,27874898,26804667,449176,407239,,
489,244.5,completed,450000,20261202,98.99557089999871,27996370,26914038,451070,409011,,
490,245.0,completed,450000,20261203,108.04382530000294,27838064,26766074,448615,406638,,
491,245.5,completed,450000,20261204,110.2024534000011,27920151,26859599,449882,408186,,
492,246.0,completed,450000,20261205,109.28642660000332,27945012,26876524,450268,408462,,
493,246.5,completed,450000,20261206,108.87481280000065,27977823,26893219,450735,408678,,
494,247.0,completed,450000,20261207,107.40465050000057,28001136,26929094,451127,409218,,
495,247.5,completed,450000,20261208,104.9075828999994,27989294,26890605,450918,408634,,
496,248.0,completed,450000,20261209,110.10432039999432,27898718,26835029,449558,407692,,
497,248.5,completed,450000,20261210,106.83218240000133,27946726,26856450,450282,408181,,
498,249.0,completed,450000,20261211,112.87807579999935,27953463,26879658,450343,408473,,
499,249.5,completed,450000,20261212,101.08683239999664,27900470,26824451,449559,407544,,
500,250.0,completed,450000,20261213,107.71687969999766,27961973,26886037,450500,408601,,
501,250.5,completed,450000,20261214,110.07142410000233,27892241,26844304,449446,407857,,
502,251.0,completed,450000,20261215,115.12019880000298,28024957,26939740,451488,409341,,
503,251.5,completed,450000,20261216,111.24225899999874,27924186,26842239,449953,407995,,
504,252.0,completed,450000,20261217,114.23911070000031,27914544,26849412,449824,407877,,
505,252.5,completed,450000,20261218,106.95468459999393,27905404,26821330,449629,407446,,
506,253.0,completed,450000,20261219,99.12783270000364,27884847,26825214,449341,407495,,
507,253.5,completed,450000,20261220,105.81890909999493,27912962,26845333,449761,408008,,
508,254.0,completed,450000,20261221,120.33822869999858,27904803,26836422,449636,407684,,
509,254.5,completed,450000,20261222,112.70006439999997,27944104,26883297,450243,408496,,
510,255.0,completed,450000,20261223,109.71536109999579,27999999,26920145,451125,409076,,
511,255.5,completed,450000,20261224,116.73602820000087,27978466,26871917,450753,408415,,
512,256.0,completed,450000,20261225,113.81728859999566,27958636,26875963,450426,408428,,
513,256.5,completed,450000,20261226,110.93133989999478,27974925,26890530,450715,408640,,
514,257.0,completed,450000,20261227,98.70829749999393,27912246,26835005,449764,407692,,
515,257.5,completed,450000,20261228,107.03697219999594,27994290,26905542,451013,408909,,
516,258.0,completed,450000,20261229,104.75934899999993,27971493,26885817,450615,408586,,
517,258.5,completed,450000,20261230,103.47297799999797,27923481,26857551,449943,408170,,
518,259.0,completed,450000,20261231,109.31768629999715,27916273,26831807,449814,407654,,
519,259.5,completed,450000,20261232,106.53947340000013,27989147,26897069,450925,408754,,
520,260.0,completed,450000,20261233,96.9578524000026,27879466,26810506,449267,407288,,
521,260.5,completed,450000,20261234,106.28248359999998,27940106,26849048,450171,408053,,
522,261.0,completed,450000,20261235,107.4193013999975,27939705,26855380,450165,408128,,
523,261.5,completed,450000,20261236,108.55245099999593,27949377,26877199,450338,408486,,
524,262.0,completed,450000,20261237,101.04369249999581,27944628,26857603,450264,408177,,
525,262.5,completed,450000,20261238,101.74407220000285,27892188,26794257,449457,407061,,
526,263.0,completed,450000,20261239,106.280823100009,27953841,26881465,450350,408508,,
527,263.5,completed,450000,20261240,107.7084743000014,28000345,26915502,451125,409009,,
528,264.0,completed,450000,20261241,109.17776220000087,27935117,26838127,450116,407744,,
529,264.5,completed,450000,20261242,109.75029869999707,27932155,26845063,450083,407875,,
530,265.0,completed,450000,20261243,113.85665800000424,27961303,26875346,450473,408429,,
531,265.5,completed,450000,20261244,102.52557839999645,27989830,26904624,450920,408857,,
532,266.0,completed,450000,20261245,110.24287920000643,27958041,26866870,450444,408296,,
533,266.5,completed,450000,20261246,113.8349151999937,27926631,26852492,449996,408109,,
534,267.0,completed,450000,20261247,112.09471990000748,27947116,26876341,450298,408419,,
535,267.5,completed,450000,20261248,111.56378419999965,27924477,26822181,449939,407499,,
536,268.0,completed,450000,20261249,114.81529630000296,27982340,26886349,450812,408597,,
537,268.5,completed,450000,20261250,116.01695910000126,27955263,26867674,450375,408332,,
538,269.0,completed,450000,20261251,108.5030179000023,28006442,26916993,451191,409040,,
539,269.5,completed,450000,20261252,116.79376929999853,27969099,26865645,450610,408300,,
540,270.0,completed,450000,20261253,108.73374170000898,27906340,26826926,449648,407511,,
541,270.5,completed,450000,20261254,112.80412729999807,28031943,26918402,451611,409063,,
542,271.0,completed,450000,20261255,100.96908059999987,27990447,26906576,450915,408893,,
543,271.5,completed,450000,20261256,102.88377060000494,27977284,26896042,450741,408707,,
544,272.0,completed,450000,20261257,104.43982070000493,27999992,26960118,451132,409644,,
545,272.5,completed,450000,20261258,108.17148259999522,27904581,26836312,449647,407697,,
546,273.0,completed,450000,20261259,111.20860879999236,27911813,26828977,449747,407634,,
547,273.5,completed,450000,20261260,100.0895068999962,27912759,26832595,449756,407672,,
548,274.0,completed,450000,20261261,102.5966660999984,27919106,26845320,449857,407864,,
549,274.5,completed,450000,20261262,103.42695520000416,27902557,26830081,449851,407792,,
550,275.0,completed,450000,20261263,105.23994610000227,27906007,26830189,450564,408578,,
551,275.5,completed,450000,20261264,106.98457210000197,27883766,26804032,450275,408248,,
552,276.0,completed,450000,20261265,97.67400139999518,27831632,26760999,449475,407380,,
553,276.5,completed,450000,20261266,105.84702929999912,27957833,26875707,451426,409234,,
554,277.0,completed,450000,20261267,106.90920249999908,27964108,26886317,451527,409370,,
555,277.5,completed,450000,20261268,103.98595079999359,27919147,26858272,450782,408985,,
556,278.0,completed,450000,20261269,108.9114777000068,27913692,26850137,450716,408880,,
557,278.5,completed,450000,20261270,97.10819450000417,27911886,26828467,450691,408547,,
558,279.0,completed,450000,20261271,106.29586820000259,27841544,26784175,449614,407719,,
559,279.5,completed,450000,20261272,110.31179330000305,27851374,26770973,449780,407493,,
560,280.0,completed,450000,20261273,111.18952209998679,27826743,26780950,449376,407688,,
561,280.5,completed,450000,20261274,107.10167430000729,27873082,26812596,450099,408308,,
562,281.0,completed,450000,20261275,113.07084699999541,27878016,26786066,450185,407913,,
563,281.5,completed,450000,20261276,105.18169700000726,27807614,26746035,449074,407147,,
564,282.0,completed,450000,20261277,109.15839209999831,27872145,26789405,450080,408007,,
565,282.5,completed,450000,20261278,106.30694619999849,27883108,26812546,450265,408312,,
566,283.0,completed,450000,20261279,102.99077270000998,27928830,26834127,450932,408638,,
567,283.5,completed,450000,20261280,107.47130639999523,27954673,26884766,451362,409382,,
568,284.0,completed,450000,20261281,113.72576039998967,27873937,26783102,450131,407737,,
569,284.5,completed,450000,20261282,110.72938179998891,27955978,26893419,451408,409506,,
570,285.0,completed,450000,20261283,113.17598980000184,27940885,26870916,451150,409137,,
571,285.5,completed,450000,20261284,110.53250260000641,27920792,26854890,450806,408920,,
572,286.0,completed,450000,20261285,109.73532059999707,27926974,26842240,450891,408786,,
573,286.5,completed,450000,20261286,120.64694069999678,27922286,26859543,450820,408982,,
574,287.0,completed,450000,20261287,113.67039130000921,27853961,26782844,449804,407900,,
575,287.5,completed,450000,20261288,109.65642020000087,27914955,26811972,450745,408324,,
576,288.0,completed,450000,20261289,99.26347330000135,27946033,26844540,451219,408773,,
577,288.5,completed,450000,20261290,104.81705710000824,27893650,26831860,450372,408560,,
578,289.0,completed,450000,20261291,111.27544199999829,27827520,26760395,449414,407362,,
579,289.5,completed,450000,20261292,98.8210526000039,27884260,26791471,450279,407990,,
580,290.0,completed,450000,20261293,108.32775409999886,27883543,26800725,450285,408136,,
581,290.5,completed,450000,20261294,111.06674350000685,27894860,26806420,450394,408206,,
582,291.0,completed,450000,20261295,112.15691220000735,27894165,26813371,450373,408334,,
583,291.5,completed,450000,20261296,112.94714530000056,27852238,26806890,449778,408231,,
584,292.0,completed,450000,20261297,110.32680709999113,27878362,26791602,450197,408059,,
585,292.5,completed,450000,20261298,101.74391400000604,27903297,26811575,450517,408299,,
586,293.0,completed,450000,20261299,99.35883830000239,27939506,26851277,451142,408892,,
587,293.5,completed,450000,20261300,110.8027565000084,27881341,26805949,450247,408238,,
588,294.0,completed,450000,20261301,106.68252329999814,27873454,26803654,450109,408226,,
589,294.5,completed,450000,20261302,123.7464420000033,27930206,26875182,450956,409212,,
590,295.0,completed,450000,20261303,108.78340020000178,27860058,26792166,449923,408029,,
591,295.5,completed,450000,20261304,107.80241780000506,27837802,26766744,449544,407478,,
592,296.0,completed,450000,20261305,110.25143459999526,27901126,26798675,450499,408127,,
593,296.5,completed,450000,20261306,108.02911659999518,27863148,26788350,449962,407795,,
594,297.0,completed,450000,20261307,109.74478850000014,27872256,26792284,450077,408023,,
595,297.5,completed,450000,20261308,103.06325710000237,27844456,26752769,449645,407217,,
596,298.0,completed,450000,20261309,107.24729550001211,27902284,26824445,450490,408506,,
597,298.5,completed,450000,20261310,111.78614840000228,27869984,26783320,450075,407734,,
598,299.0,completed,450000,20261311,109.54183909999847,27875122,26802086,450107,408152,,
599,299.5,completed,450000,20261312,105.09084840001015,27834574,26781461,449498,407697,,
600,300.0,completed,450000,20261313,106.89268200000515,27916657,26844458,450771,408764,,
601,300.5,completed,450000,20261314,111.107929100006,27877633,26808446,450174,408313,,
602,301.0,completed,450000,20261315,101.86757420000504,27769706,26684716,448515,406244,,
603,301.5,completed,450000,20261316,102.56285630000639,27852399,26788273,449781,407812,,
604,302.0,completed,450000,20261317,109.10872889999882,27828650,26786068,449427,407779,,
605,302.5,completed,450000,20261318,106.91511969998828,27947394,26872160,451258,409165,,
606,303.0,completed,450000,20261319,105.5345748999971,27941274,26858899,451164,408955,,
607,303.5,completed,450000,20261320,103.5564136999892,27933276,26852091,451016,408862,,
608,304.0,completed,450000,20261321,111.31008029999794,27912885,26840953,450707,408721,,
609,304.5,completed,450000,20261322,102.87177540000994,27978008,26904783,451730,409644,,
610,305.0,completed,450000,20261323,103.19561850000173,27929304,26845538,450947,408809,,
611,305.5,completed,450000,20261324,102.70338409999385,27845805,26783122,449671,407960,,
612,306.0,completed,450000,20261325,108.66316549999465,27885022,26792534,450309,408057,,
613,306.5,completed,450000,20261326,107.36411879998923,27905302,26818204,450560,408387,,
614,307.0,completed,450000,20261327,113.6107570000022,27862886,26788915,449969,407847,,
615,307.5,completed,450000,20261328,105.86869299999671,27938830,26868365,451135,409082,,
616,308.0,completed,450000,20261329,108.2881739000004,27860566,26781079,449927,407901,,
617,308.5,completed,450000,20261330,110.74832390001393,27850448,26791357,449732,407859,,
618,309.0,completed,450000,20261331,99.30197820000467,27869249,26781608,450108,407956,,
619,309.5,completed,450000,20261332,103.4583685999969,27887101,26806562,450374,408296,,
620,310.0,completed,450000,20261333,101.23750049999217,27901543,26831830,450632,408657,,
621,310.5,completed,450000,20261334,101.90990220000094,27789787,26730324,448916,406999,,
622,311.0,completed,450000,20261335,100.0400176999974,27852688,26786257,449879,408031,,
623,311.5,completed,450000,20261336,106.45990010000241,27850288,26767577,449867,407587,,
624,312.0,completed,450000,20261337,111.95484790000774,27878625,26819613,450300,408495,,
625,312.5,completed,450000,20261338,100.95077150000725,27856027,26778231,449954,407757,,
626,313.0,completed,450000,20261339,109.145514799995,27858277,26779603,449989,407913,,
627,313.5,completed,450000,20261340,115.31510179999168,27884482,26816361,450357,408437,,
628,314.0,completed,450000,20261341,107.17215879999276,27833554,26770088,449583,407585,,
629,314.5,completed,450000,20261342,113.03031309999642,27845979,26779977,449804,407787,,
630,315.0,completed,450000,20261343,100.26585419999901,27831551,26767452,449553,407537,,
631,315.5,completed,450000,20261344,107.8693181000126,27792391,26723932,448967,406900,,
632,316.0,completed,450000,20261345,105.49430500000017,27920684,26823002,450920,408552,,
633,316.5,completed,450000,20261346,103.98105149999901,27850865,26776674,449873,407899,,
634,317.0,completed,450000,20261347,99.36841900000582,27889233,26802519,450390,408253,,
635,317.5,completed,450000,20261348,114.02383469999768,27851413,26779793,449885,407955,,
636,318.0,completed,450000,20261349,108.95776200000546,27895896,26824640,450539,408576,,
637,318.5,completed,450000,20261350,114.13317609998921,27960466,26875789,451588,409319,,
638,319.0,completed,450000,20261351,105.72120610000275,27915774,26824055,450822,408586,,
639,319.5,completed,450000,20261352,105.19364289999066,27852917,26794882,449920,408158,,
640,320.0,completed,450000,20261353,103.09038960000908,27876774,26802760,450289,408280,,
641,320.5,completed,450000,20261354,107.1800865999976,27906803,26842737,450723,408838,,
642,321.0,completed,450000,20261355,108.97707319998881,27844518,26763273,449765,407528,,
643,321.5,completed,450000,20261356,101.15323860000353,27855504,26799632,449941,408211,,
644,322.0,completed,450000,20261357,101.90820010000607,27801941,26744425,449099,407211,,
645,322.5,completed,450000,20261358,105.50264589999279,27855475,26779461,449948,407967,,
646,323.0,completed,450000,20261359,108.70217499999853,27875651,26784860,450265,408010,,
647,323.5,completed,450000,20261360,100.43556909999461,27929030,26858737,451094,409062,,
648,324.0,completed,450000,20261361,107.16367899999022,27889524,26805000,450410,408320,,
649,324.5,completed,450000,20261362,107.44512170000235,27827517,26747329,449512,407278,,
650,325.0,completed,450000,20261363,111.4839084999985,27885430,26797575,450354,408192,,
651,325.5,completed,450000,20261364,107.0913212000014,27947436,26876819,451345,409343,,
652,326.0,completed,450000,20261365,99.95121400000062,27831920,26763258,449524,407474,,
653,326.5,completed,450000,20261366,99.3848730000027,27820410,26738274,449281,407035,,
654,327.0,completed,450000,20261367,110.30095679999795,27936501,26837559,451088,408709,,
655,327.5,completed,450000,20261368,100.06163419999939,27947015,26862015,451235,409024,,
656,328.0,completed,450000,20261369,104.98338399999193,27819666,26771942,449279,407521,,
657,328.5,completed,450000,20261370,103.59292799999821,27864482,26792173,449987,407879,,
658,329.0,completed,450000,20261371,106.33496659999946,27899295,26848488,450455,408799,,
659,329.5,completed,450000,20261372,104.23503660000279,27869833,26800824,450060,408135,,
660,330.0,completed,450000,20261373,99.25908329999947,27901380,26821031,450503,408443,,
661,330.5,completed,450000,20261374,107.90725889999885,27884351,26787824,450293,407975,,
662,331.0,completed,450000,20261375,109.80381569999736,27887109,26826253,450330,408520,,
663,331.5,completed,450000,20261376,120.78506819999893,27886342,26818100,450313,408387,,
664,332.0,completed,450000,20261377,107.66130570000678,27875478,26815060,450144,408323,,
665,332.5,completed,450000,20261378,109.64369069998793,27849945,26784745,449762,407775,,
666,333.0,completed,450000,20261379,113.38807090000773,27877575,26828872,450165,408519,,
667,333.5,completed,450000,20261380,101.1330864999909,27958894,26873741,451427,409207,,
668,334.0,completed,450000,20261381,100.67289119999623,27934705,26856928,451034,408949,,
669,334.5,completed,450000,20261382,105.83060570000089,27906309,26803351,450563,408197,,
670,335.0,completed,450000,20261383,111.00481729999592,27805657,26755787,449050,407273,,
671,335.5,completed,450000,20261384,102.49083439999959,27948623,26885382,451280,409354,,
672,336.0,completed,450000,20261385,113.97037329999148,27926899,26858560,450887,409000,,
673,336.5,completed,450000,20261386,115.46859699999914,27858151,26791830,449867,407889,,
674,337.0,completed,450000,20261387,113.10643500000879,27798085,26720924,448949,406732,,
675,337.5,completed,450000,20261388,110.92500160000054,27933692,26849403,451050,408830,,
676,338.0,completed,450000,20261389,111.50724150000315,27843310,26777696,449651,407636,,
677,338.5,completed,450000,20261390,109.36683909999556,27929119,26854762,450972,408898,,
678,339.0,completed,450000,20261391,110.76900719999685,27912615,26835589,450710,408666,,
679,339.5,completed,450000,20261392,98.74673850000545,27866467,26797585,450027,408111,,
680,340.0,completed,450000,20261393,119.56981169999926,27932113,26853013,451019,408868,,
681,340.5,completed,450000,20261394,109.54473169999255,27857751,26778137,449869,407619,,
682,341.0,completed,450000,20261395,108.46616409999842,27940899,26878366,451149,409258,,
683,341.5,completed,450000,20261396,110.15621739999915,27874589,26791829,450134,408051,,
684,342.0,completed,450000,20261397,109.90182100000675,27930135,26858573,450962,408973,,
685,342.5,completed,450000,20261398,111.19017410000379,27879027,26789531,450207,407989,,
686,343.0,completed,450000,20261399,104.81893649999984,27834047,26772984,449500,407606,,
687,343.5,completed,450000,20261400,108.98401440000453,27917823,26818545,450782,408392,,
688,344.0,completed,450000,20261401,110.1367212000041,27875437,26791957,450138,408037,,
689,344.5,completed,450000,20261402,100.30386739999813,27920039,26843064,450817,408729,,
690,345.0,completed,450000,20261403,101.62840529999812,27929910,26842050,450938,408713,,
691,345.5,completed,450000,20261404,107.31021390001115,27837712,26792869,449566,407873,,
692,346.0,completed,450000,20261405,101.01753189999727,27837635,26785465,449564,407731,,
693,346.5,completed,450000,20261406,101.5391202000028,27886229,26808951,450301,408286,,
694,347.0,completed,450000,20261407,100.36886079999385,27869167,26786137,450064,407960,,
695,347.5,completed,450000,20261408,105.62744359999488,27841478,26806486,449628,408207,,
696,348.0,completed,450000,20261409,108.214430299995,27893402,26824233,450378,408522,,
697,348.5,completed,450000,20261410,101.16225959999429,27867195,26786132,450040,407940,,
698,349.0,completed,450000,20261411,107.39487390000431,27884871,26804483,450301,408232,,
699,349.5,completed,450000,20261412,105.18682299999637,27861099,26784363,449922,407783,,
700,350.0,completed,450000,20261413,100.79534500000591,27866854,26787758,450031,407819,,
701,350.5,completed,450000,20261414,106.07764199998928,27883033,26832598,450253,408593,,
702,351.0,completed,450000,20261415,100.46479270000418,27926075,26867303,450883,409095,,
703,351.5,completed,450000,20261416,100.02327260001039,27858070,26797938,449890,408116,,
704,352.0,completed,450000,20261417,109.47503659999347,27913401,26821501,450731,408474,,
705,352.5,completed,450000,20261418,99.50912039999093,27864802,26806604,449989,408269,,
706,353.0,completed,450000,20261419,103.41344299999764,27894667,26794309,450371,408075,,
707,353.5,completed,450000,20261420,108.58938190000481,27896868,26816779,450431,408385,,
708,354.0,completed,450000,20261421,110.06861840000784,27885116,26818593,450289,408400,,
709,354.5,completed,450000,20261422,105.7381638999941,27911196,26856851,450665,408972,,
710,355.0,completed,450000,20261423,117.48207860000548,27862228,26785229,449956,407945,,
711,355.5,completed,450000,20261424,99.87917439999,27875409,26789283,450118,408032,,
712,356.0,completed,450000,20261425,99.87178020000283,27818459,26764935,449245,407434,,
713,356.5,completed,450000,20261426,106.92240429999947,27928976,26844709,450935,408772,,
714,357.0,completed,450000,20261427,107.70889690000331,27973850,26897611,451650,409527,,
715,357.5,completed,450000,20261428,110.99248319999606,27897024,26823768,450416,408482,,
716,358.0,completed,450000,20261429,98.30975159999798,27918750,26845057,450794,408784,,
717,358.5,completed,450000,20261430,107.17504889999691,27898519,26809748,450460,408287,,
718,359.0,completed,450000,20261431,103.00282190000871,27893230,26793386,450383,408061,,
719,359.5,completed,450000,20261432,100.59981960000005,27874811,26797919,450123,408133,,
