insert_id,truth_x_mm,truth_z_mm,roi_mean_r2,roi_recovery_vs_red,roi_recovery_vs_rsp,peak_r4,local_water_mean,local_water_std,contrast,cnr,roi_cnr,contrast_centroid_offset_mm,contrast_centroid_x_mm,contrast_centroid_z_mm,peak_offset_mm,peak_x_mm,peak_z_mm
0,-0.0,0.0,2.0186381340026855,0.7470795727069168,0.8968136419463622,2.1151909828186035,1.0151251554489136,0.010680359788239002,1.10006582736969,102.99894846061837,93.9587240926865,0.5435659330147702,-0.36028204822407534,-0.40701445829562694,0.6670832032063203,0.6500000000000057,-0.14999999999999147
1,-3.2802951449525364,-3.77354790111386,2.0158183574676514,0.7458206956808635,0.8953024534040134,2.104670763015747,1.0139963626861572,0.011143242940306664,1.0906744003295898,97.87764712411217,89.90398936361373,0.5376822482330276,-2.9241531617348446,-3.370726491734105,0.5057730126842372,-3.450000000000003,-4.25
2,8.912412618674134,1.2525579086405891,2.0127952098846436,0.7430134487236469,0.8919325615484213,2.1018896102905273,1.0147440433502197,0.010869891382753849,1.0871455669403076,100.01439100533892,91.81795212028798,0.005083096564723224,8.9142057362255,1.257314230763121,0.38469345178499015,9.150000000000006,0.9500000000000028
3,-10.902717383290513,7.080307455195352,2.0149264335632324,0.7451855329825581,0.8945399876727769,2.0986218452453613,1.0139576196670532,0.01027766801416874,1.084664225578308,105.5360247171825,97.39260039497762,0.0007201659047419816,-10.902053684590712,7.080027914561034,0.8337289049327149,-11.649999999999991,7.450000000000003
4,4.685835048888987,-16.34144883095142,2.0196876525878906,0.7483848644446109,0.8983805479090596,2.1048684120178223,1.0144213438034058,0.010110151953995228,1.0904470682144165,107.85664480379097,99.43137485557118,0.006970104066392748,4.679333764587275,-16.33893573462922,0.9393549356977707,4.049999999999997,-15.649999999999991
5,8.874983496554687,19.03246352776965,2.0244438648223877,0.7522673707636649,0.9030412089136892,2.1054441928863525,1.0139623880386353,0.01018303819000721,1.0914818048477173,107.18626253594994,99.23182629083678,0.006059866798624657,8.872800355909721,19.026810574334377,0.7838784363132871,9.650000000000006,19.150000000000006
6,-22.83863644106502,-10.168416076895005,2.0266225337982178,0.7536191659600585,0.9046639388310002,2.1124842166900635,1.0143252611160278,0.010555106215178967,1.0981589555740356,104.04054049165396,95.90592951366392,0.003847834989944085,-22.83479120179735,-10.168274764884845,0.7185059429210546,-22.849999999999994,-9.450000000000003
7,27.732837922928013,-8.478779436959414,2.0303595066070557,0.7567396900340864,0.9084098966403809,2.1082041263580322,1.0138705968856812,0.009329942986369133,1.094333529472351,117.29262773321888,108.94910196197824,0.010353292589473193,27.72347419803422,-8.474362274572018,0.7833667529107564,26.950000000000003,-8.450000000000003
8,-17.487335719695764,27.985587173162056,2.0356462001800537,0.7607405849292951,0.9132126743538926,2.123838424682617,1.0137830972671509,0.010338974185287952,1.1100553274154663,107.36609914308922,98.83602421282598,0.011300030585096715,-17.483531159457208,27.97494687182162,0.46496865863217673,-17.64999999999999,27.549999999999997
9,-5.788075206488606,-36.54446860202008,2.0435330867767334,0.7665455300314555,0.9201810805967569,2.1118757724761963,1.013872504234314,0.009824725799262524,1.0980032682418823,111.75917686418303,104.80298418299971,0.013970741238829614,-5.783926828323333,-36.53112796600225,0.3352822658573416,-5.6499999999999915,-36.849999999999994
10,31.4078221678781,26.354291997148113,2.047321081161499,0.7688365353488729,0.9229312626355818,2.111525774002075,1.0145831108093262,0.009980399161577225,1.096942663192749,109.90969854349962,103.47661988590914,0.01153819642612048,31.398465243960008,26.347540852685224,0.4835523318114649,31.85000000000001,26.549999999999997
11,-44.9931462820376,0.7853582896778359,2.053830146789551,0.774271493963785,0.9294555275296231,2.1202073097229004,1.0137916803359985,0.010336989536881447,1.1064156293869019,107.03460861978341,100.61328423936087,0.0118536592457968,-44.98137822287152,0.7839363118372549,0.6541952771137545,-44.45,1.1500000000000057
12,36.41409644839232,-32.78739971158405,2.063883066177368,0.7816849795028307,0.9383548673170816,2.1247756481170654,1.0138864517211914,0.009767050854861736,1.110889196395874,113.73844704032719,107.50395693225258,0.013782678201292586,36.40540333866166,-32.77670428912344,0.8542965192355038,35.750000000000014,-32.25
13,-6.459075200472726,52.60494603699008,2.0696136951446533,0.7860363365323985,0.9435783488412198,2.1267035007476807,1.0137721300125122,0.009340588003396988,1.1129313707351685,119.1500332024512,113.03801909988454,0.010951858766463497,-6.4592306459760485,52.593995281439156,0.8239767616880315,-5.849999999999994,52.05
14,-31.87399549783273,-47.255141635637266,2.073990821838379,0.7892579435061566,0.9474456491778994,2.1200926303863525,1.0138218402862549,0.009915213100612164,1.1062707901000977,111.57307249723122,106.92346909686383,0.017739293092379857,-31.868674631879653,-47.23821913863101,0.5599301216385578,-32.349999999999994,-47.55
15,58.921475403633195,15.787961751253667,2.0800745487213135,0.7938206960292782,0.9529228953201464,2.1208066940307617,1.0137766599655151,0.009985139593482018,1.1070300340652466,110.86775740099624,106.78848089934003,0.01696677729634204,58.90493171478882,15.784196397187412,0.09464395190417602,58.85000000000001,15.850000000000009
16,-58.421613009445856,28.494124541290027,2.088325262069702,0.7998977396130657,0.9602179356180576,2.1363956928253174,1.0138643980026245,0.009666921570897102,1.1225312948226929,116.12086501271993,111.14819295749871,0.013610121195259213,-58.408037942670575,28.493148344078246,0.7735708360377311,-58.85,27.85000000000001
17,26.960447865760006,-63.51483488821833,2.0945093631744385,0.8044785077890801,0.965716808216004,2.135432004928589,1.0138953924179077,0.009191219694912434,1.1215366125106812,122.0226095924439,117.57024710819144,0.013877230308071793,26.95434972637054,-63.502369326979064,0.6980509706802007,27.250000000000014,-64.15
18,22.558240589371405,69.42712568954613,2.102201461791992,0.8103386535616816,0.9727514787714054,2.132411241531372,1.0137158632278442,0.009720024652779102,1.1186953783035278,115.0918252026939,111.98383105468086,0.0131186016294101,22.55171388359597,69.41574589075915,1.1644135768760502,22.25,70.55
19,-66.00188215406271,-39.65793176807406,2.1048996448516846,0.811945862792688,0.9746808143020319,2.1428427696228027,1.014255166053772,0.009768124669790268,1.1285876035690308,115.53779683621326,111.6534151300231,0.010723719644659591,-65.9936175222357,-39.65109846552104,0.45195176081650634,-65.55,-39.650000000000006
20,79.76942799398886,-14.065502391021353,2.1115827560424805,0.8171039305848095,0.9808726922907417,2.1475131511688232,1.014009714126587,0.009315180592238903,1.1335034370422363,121.68346344102373,117.82627626461206,0.013578528115407754,79.75649714239249,-14.06135878114907,1.349751503364976,78.45,-14.349999999999994
21,-53.49223323923631,66.05740672384242,2.1127898693084717,0.8185459815397859,0.9826037675550789,2.139533758163452,1.0132797956466675,0.00960998609662056,1.1262539625167847,117.19621144018535,114.41328453622394,0.009276205389247906,-53.485936904698534,66.05059466410898,0.8217695828401094,-54.15,66.55
22,-3.1060552065228944,-88.94578360469951,2.114333391189575,0.8197968713305663,0.98410536801362,2.134938955307007,1.0131430625915527,0.009925606660544872,1.121795892715454,113.02038566314418,110.94438519061484,0.009886683820435865,-3.1055221924688152,-88.93591129934649,1.53099313753776,-2.1499999999999915,-87.75
23,63.42584748581247,68.01589425058275,2.116961717605591,0.821193750032722,0.9857822173373119,2.1432979106903076,1.013895034790039,0.00999621395021677,1.1294028759002686,112.98306354034942,110.34844675284602,0.007101138369425081,63.419439557794746,68.01283408315899,0.8140551814863257,63.15000000000002,67.25000000000001
24,-96.46862385072251,-10.139260936962396,2.1187007427215576,0.8227665254049967,0.9876702175733009,2.148346424102783,1.013521432876587,0.010263215750455856,1.1348249912261963,110.57206813330328,107.68353084615633,0.014144094574574228,-96.45451920856829,-10.140316626801232,1.9483926226070227,-98.25,-9.349999999999994
