case_index,case_id,material,energy_mev,thickness_mm,max_step_mm,requested_protons,entrance_primary_unique,exit_primary_unique,paired_primary,primary_survival,unpaired_entrance_primary,negative_energy_loss,joint_3mad_core_fraction,energy_loss_mev_count,energy_loss_mev_mean,energy_loss_mev_std,energy_loss_mev_mean_se,energy_loss_mev_mean_ci95_low,energy_loss_mev_mean_ci95_high,energy_loss_mev_median,energy_loss_mev_median_se,energy_loss_mev_median_ci95_low,energy_loss_mev_median_ci95_high,energy_loss_mev_mad,energy_loss_mev_robust_sigma,energy_loss_mev_core_mean,energy_loss_mev_core_mean_se,energy_loss_mev_core_mean_ci95_low,energy_loss_mev_core_mean_ci95_high,energy_loss_mev_core_fraction,energy_loss_mev_p001,energy_loss_mev_p01,energy_loss_mev_p99,energy_loss_mev_p999,energy_loss_mev_minimum,energy_loss_mev_maximum,wepl_count,wepl_mean,wepl_std,wepl_mean_se,wepl_mean_ci95_low,wepl_mean_ci95_high,wepl_median,wepl_median_se,wepl_median_ci95_low,wepl_median_ci95_high,wepl_mad,wepl_robust_sigma,wepl_core_mean,wepl_core_mean_se,wepl_core_mean_ci95_low,wepl_core_mean_ci95_high,wepl_core_fraction,wepl_p001,wepl_p01,wepl_p99,wepl_p999,wepl_minimum,wepl_maximum,scattering_angle_mrad_count,scattering_angle_mrad_mean,scattering_angle_mrad_std,scattering_angle_mrad_mean_se,scattering_angle_mrad_mean_ci95_low,scattering_angle_mrad_mean_ci95_high,scattering_angle_mrad_median,scattering_angle_mrad_median_se,scattering_angle_mrad_median_ci95_low,scattering_angle_mrad_median_ci95_high,scattering_angle_mrad_mad,scattering_angle_mrad_robust_sigma,scattering_angle_mrad_core_mean,scattering_angle_mrad_core_mean_se,scattering_angle_mrad_core_mean_ci95_low,scattering_angle_mrad_core_mean_ci95_high,scattering_angle_mrad_core_fraction,scattering_angle_mrad_p001,scattering_angle_mrad_p01,scattering_angle_mrad_p99,scattering_angle_mrad_p999,scattering_angle_mrad_minimum,scattering_angle_mrad_maximum,median_effective_rsp,core_mean_effective_rsp
0,water_e150_t0005,Water,150.0,5.0,1.0,100000,101221,100745,100745,0.9952974185198724,476,0,0.9582808079805449,100745,2.8102249848106076,1.968741900917252,0.006388336158571574,2.7977038459398074,2.8227461236814078,2.73581077215664,0.0008898602197792494,2.7340666461258727,2.737554898187407,0.14810180199293654,0.2195757316347277,2.756678651059263,0.0006728247406436003,2.7553599145676015,2.7579973875509243,0.9873343590252618,2.294168431128112,2.367948248773388,3.4334892052911923,3.8766619931093897,2.174157999123878,132.4434917492562,100745,5.132613047428937,2.680456794520366,0.008655803229336918,5.115647673099437,5.149578421758438,5.015921259989938,0.0016213179332772638,5.012743476840714,5.019099043139161,0.2698848705448995,0.400131309069868,5.053829438945634,0.0012265133027182097,5.051425472872307,5.056233405018961,0.9873939153307857,4.210509051456376,4.345208648944148,6.284865594412143,7.088611311435551,3.991487849325125,155.09663973800056,100745,7.366438077407931,22.04178583364172,0.06738132536984691,7.234370679683031,7.4985054751328315,5.678436540477778,0.01227220317472012,5.654383022255327,5.702490058700229,2.2537849071106795,3.3414615032822934,5.950977666186229,0.009886359970176794,5.931600400644682,5.970354931727775,0.9694079110625837,0.20616285395534023,0.6546490248753384,25.66009161973344,267.3569185061688,0.006674921890629321,1180.8341749154658,1.0031842519979874,1.0107658877891268
1,water_e150_t0010,Water,150.0,10.0,1.0,100000,99598,98672,98672,0.9907026245506938,926,0,0.9602622831198313,98672,5.647539327673009,2.65827594574605,0.008196409870213587,5.63147436432739,5.663604291018627,5.5378466852601775,0.001436822290834545,5.535030513570142,5.540662856950213,0.21413359197056536,0.3174744634555602,5.5583043435504536,0.0010447553971183949,5.556256622972102,5.560352064128805,0.990240392411221,4.8091486445578004,4.946046495369986,6.48564779562923,29.250475821854124,4.646272328520837,143.55571185817936,98672,10.24871578033206,3.484593732072955,0.010810141858632796,10.22752790228914,10.269903658374979,10.086633841539651,0.0025829548543205463,10.081571250025183,10.09169643305412,0.38495906766249277,0.5707403137164118,10.123186666474064,0.0018725777729984572,10.119516414038987,10.12685691890914,0.9903620074590562,8.774387105763061,9.0213775363316,11.78641705879764,50.197357744140746,8.48060466370822,157.90494905256182,98672,11.201082183908127,30.156233214257487,0.08781289197853612,11.028968915630196,11.373195452186058,8.357043457344513,0.020527368873354396,8.31680981435274,8.397277100336288,3.3206282290006213,4.92316341231632,8.733821152891174,0.015925700815303825,8.702606779293179,8.76503552648917,0.9676301281011838,0.3046395311223286,0.9581753431189473,47.780995775928176,483.69699414708526,0.038911985162395586,1253.2365999853178,1.0086633841539652,1.0123186666474064
2,water_e150_t0020,Water,150.0,20.0,1.0,100000,100093,98063,98063,0.9797188614588432,2030,0,0.9602092532351651,98063,11.397009567243222,2.8634331646959432,0.009799787323864963,11.377801984088446,11.416217150397998,11.261651810091735,0.001783787544909466,11.258155586503712,11.265148033679758,0.313572223897836,0.4649021791509316,11.281039762633313,0.0013951700930523345,11.27830522925093,11.283774296015695,0.9923110653355496,10.09057174996199,10.341132732413632,12.566648315366937,61.35739366366248,9.810740092305792,148.97607318886395,98063,20.42788093102588,3.7998274950904163,0.013098853764663335,20.40220717764714,20.45355468440462,20.23226581999731,0.003117698685431044,20.226155130573865,20.238376509420753,0.5478794432581253,0.8122860625744965,20.265398104709952,0.002448209076233109,20.260599614920537,20.270196594499367,0.9924130405963513,18.17976618544705,18.619914075898095,22.504908780707275,95.93078736370965,17.68756527799988,158.44028457272196,98063,16.890028939316498,36.32003664611748,0.12121141315929156,16.652454569524288,17.127603309108707,12.427920260118645,0.03097634236407524,12.367206629085057,12.488633891152233,4.97587493509697,7.377232178774767,12.971737517821355,0.022275266591308553,12.92807799530239,13.01539704034032,0.9646451770800404,0.43786833893196764,1.475263343232278,126.01711317519649,620.9321454424578,0.018368762400798738,1241.461774661094,1.0116132909998654,1.0132699052354976
3,water_e150_t0050,Water,150.0,50.0,1.0,100000,99863,94676,94676,0.9480588406116379,5187,0,0.9471143690058726,94676,29.716337765718414,3.0999884288479853,0.009957164411657242,29.696821723471565,29.735853807965263,29.542027659602454,0.0030315715525779793,29.5360857793594,29.547969539845507,0.52403542191837,0.7769349165361754,29.563350149493605,0.002285353587904652,29.55887085646131,29.5678294425259,0.9919409354007351,27.453462686459066,27.898180295387508,31.730658383650482,86.84805773555644,26.62147371997486,147.98596316307427,94676,50.88592870295547,3.756309121284781,0.012216798122165858,50.861983778636024,50.90987362727491,50.66095474300401,0.004789813072901232,50.65156670938113,50.670342776626896,0.8282229110180452,1.2279232878753539,50.69271479353676,0.003609455527714174,50.68564026070244,50.699789326371075,0.9920993704846001,47.34070793893124,48.05108394460443,54.09604509025754,124.41228688566619,46.006573311809376,158.39030715045632,94676,30.359618684171693,47.53829845732445,0.15621975654241085,30.053427961348568,30.665809406994818,21.982499121399727,0.05103887184493154,21.88246293258366,22.082535310215793,8.881229539623712,13.167310915446114,22.733738301841086,0.034173388941632014,22.66675845951549,22.800718144166684,0.9499345134986692,0.8375194531986043,2.5952892583984672,241.05539265824305,649.465556170169,0.022155636568850983,1167.4999668301766,1.0132190948600803,1.0138542958707353
4,water_e150_t0100,Water,150.0,100.0,1.0,100000,99695,87647,87647,0.8791514118060083,12048,0,0.9264093465834541,87647,65.93943697605155,2.5986937676542077,0.008284357671180295,65.92319963501603,65.95567431708707,65.7779511755042,0.005464424027216698,65.76724090441085,65.78866144659754,0.8931215421002605,1.3241419983178462,65.80133393771423,0.004191261964323203,65.79311906426416,65.8095488111643,0.9903134163177291,62.10115932685172,62.919523088415275,69.6364922308139,108.26117522144416,60.86073579163619,148.59064503712483,87647,101.5495721381834,2.5710411650401688,0.008127046377318991,101.53364312728385,101.56550114908293,101.39350750540149,0.006619040832564424,101.38053418536965,101.40648082543332,1.0819906434167024,1.604159327929603,101.41627092015472,0.005068852006030111,101.4063359702229,101.42620587008653,0.9909067053065136,96.86580330908943,97.88628381403828,105.98586977789847,142.33655484992954,95.30538430137418,158.42368154249863,87647,52.81470078407059,63.25503048592529,0.22075956873624553,52.38201202934755,53.24738953879363,38.22551303648803,0.10161894259827897,38.0263399089954,38.42468616398066,15.78215774367397,23.398627070771028,39.09589970868037,0.07268530297395547,38.95343651485142,39.23836290250932,0.9289650529966799,1.3458709870475472,4.459328248678732,340.95664609253714,662.245878447762,0.1993267397239602,1228.4836712783726,1.0139350750540148,1.014162709201547
5,aluminium_e150_t0005,Aluminium,150.0,5.0,1.0,100000,100326,99093,99093,0.9877100651874888,1233,0,0.9593614079702906,99093,5.817191708922248,0.34038072741947484,0.0010258122410826006,5.815181116929726,5.81920230091477,5.78863362696336,0.0013321211992837754,5.786022669412764,5.791244584513956,0.22319338010333922,0.3309065053412107,5.8081076006226535,0.0010041236450292561,5.806139518278396,5.810075682966911,0.9924717184866741,5.020078765523346,5.1719793416234605,6.7297968890917765,7.140091923039822,4.838188274496446,13.167285638822705,99093,10.587915728249465,0.6105384866911224,0.0018398445418612813,10.584309632947416,10.591521823551513,10.537090419484855,0.0023919166485797763,10.532402262853639,10.541778576116071,0.4007583187550665,0.5941642833862616,10.571910018536844,0.0017904892844988376,10.568400659539225,10.575419377534462,0.9926129999091762,9.154688714184953,9.428428647885653,12.223020608808127,12.955520990225564,8.82687288599513,23.54588031297834,99093,15.554718971046427,20.73114014303791,0.06620832681301883,15.42495065049291,15.684487291599943,12.64654149282683,0.035380466979140206,12.577195777547715,12.715887208105944,5.00858451146452,7.425727396697297,13.205665988596165,0.02521076906264419,13.156252881233382,13.255079095958948,0.9660924585994974,0.4804408449034705,1.480324538883859,74.71694845049927,274.40937817617663,0.07716619811592969,941.3377321998325,2.107418083896971,2.1143820037073686
6,aluminium_e150_t0010,Aluminium,150.0,10.0,1.0,100000,100110,97609,97609,0.9750174807711517,2501,0,0.9569916708500241,97609,11.803340936223229,0.4969422296513787,0.0016380963241761938,11.800130267427845,11.806551605018614,11.772437273416614,0.0018453661958185842,11.76882035567281,11.776054191160418,0.32478872277278015,0.48153176038292383,11.793372555621028,0.0014760655614651044,11.790479467120557,11.7962656441215,0.9945087030909036,10.550932645148112,10.80987915517995,13.069542990680105,13.64934662847454,10.054691395422765,26.949668618613686,97609,21.176300456373433,0.8645294041519163,0.002848770797410234,21.17071686561051,21.181884047136357,21.123477240442526,0.0032166869891408338,21.11717253394381,21.129781946941243,0.5661195801449139,0.8393288895228493,21.159295705654866,0.002577917318153249,21.154242987711285,21.164348423598447,0.994611152660103,18.988133533410327,19.4419134666511,23.376735702311848,24.378974480789395,18.11678202082888,46.533625024069025,97609,23.48840613050876,28.939181344998985,0.095223778521589,23.301767524606447,23.675044736411074,18.719375296181852,0.04244948974009317,18.63617429629127,18.802576296072434,7.5156828669055,11.142751418474093,19.54475621086836,0.030674386101176843,19.484634414110054,19.604878007626667,0.9613150426702456,0.6877887986658094,2.151447556955726,152.51184520703703,336.6700886428978,0.0638196850439862,1135.7606562432131,2.1123477240442528,2.115929570565487
7,aluminium_e150_t0020,Aluminium,150.0,20.0,1.0,100000,99764,94952,94952,0.9517661681568501,4812,0,0.9470363973376021,94952,24.353822782395138,0.7300222317576146,0.0022311618599470248,24.34944970514964,24.358195859640634,24.319835275302232,0.0028478558304144874,24.31425347787462,24.325417072729845,0.4750054015037435,0.7042430082694501,24.34050167834108,0.002028353251344453,24.336526105968446,24.344477250713716,0.99477630802932,22.383327734647047,22.838990580130243,26.169102370139246,27.231254084928,21.76083725114492,45.99086261517094,94952,42.3349559287662,1.1864309376802171,0.003626928803415994,42.327847148311506,42.34206470922089,42.28201943697317,0.00463934776064839,42.2729263153623,42.29111255858405,0.7737929676722359,1.1472254538708568,42.3140413243735,0.003299423561573299,42.30757445419282,42.32050819455418,0.9948921560367343,39.110346123389775,39.85978421015086,45.27848588297994,46.98501644728012,38.083355036596174,75.34044568352596,94952,36.63780772155634,39.08546736424664,0.12897111276471068,36.38502434053751,36.89059110257517,28.828449981377233,0.074256785913523,28.68290668098673,28.973993281767736,11.65870401409282,17.285194571294014,29.879796833525127,0.053473137868772044,29.774989483302335,29.98460418374792,0.9502064200859381,1.0077219790845084,3.418078006159123,224.20805297448769,429.67281319307796,0.08625233615794199,1085.3877618234123,2.1141009718486585,2.1157020662186747
8,aluminium_e150_t0050,Aluminium,150.0,50.0,1.0,100000,100148,88267,88267,0.8813655789431641,11881,0,0.9213409314919505,88267,69.61859434196518,1.5856487944725313,0.005641748701652819,69.60753651450995,69.62965216942041,69.53811663150134,0.006179005519743742,69.52600578068264,69.55022748232004,0.9553493704915184,1.416400976690725,69.56862116812272,0.00464333153643783,69.5595202383113,69.57772209793414,0.9917296384832384,65.61031404687617,66.49934472297586,73.55040382573902,77.81421431894834,63.96885599045052,142.9673179131382,88267,105.95085863035581,1.7981024276159887,0.006316587540153127,105.93847811877711,105.96323914193451,105.87084224808386,0.00722997897809971,105.85667148928678,105.88501300688094,1.1175885926659674,1.6569368474865633,105.89914995876056,0.005398898851979085,105.88856811701068,105.90973180051044,0.9922961016008248,101.19024813532889,102.26452573666812,110.47521894232376,115.16871836494728,99.18410214046395,157.8111086284302,88267,78.88823159685204,72.26328549593835,0.23068183695310723,78.43609519642395,79.34036799728013,60.32306386725083,0.14715793947987432,60.03463430587028,60.611493428631384,25.740753480939645,38.16324111084111,62.505030320055006,0.11682487418580083,62.27605356665084,62.734007073459175,0.9233575401905582,2.3936635131704653,7.1295591613838285,365.48761158157015,643.8580193136603,0.3007976667820243,1253.1686158268608,2.117416844961677,2.117982999175211
9,air_e150_t0020,Air,150.0,20.0,10.0,100000,100381,100376,100376,0.9999501897769498,5,0,0.873495656332191,100376,0.012464034542178364,0.01981497008584203,6.815602343896293e-05,0.012330448736237997,0.01259762034811873,0.009509603274494793,1.1043823246245568e-05,0.009487957380932152,0.009531249168057435,0.0019501589003851905,0.002891305585711083,0.00965907130570246,8.568004429603651e-06,0.009642278017020436,0.009675864594384484,0.9120108392444409,0.0042189178039606645,0.005114095371247629,0.06867151309550934,0.24092279989117316,0.003498217810005144,3.9235336379572345,100376,0.022995216234236796,0.036421754180594956,0.00012525785886399269,0.02274971083086337,0.02324072163761022,0.01752822983570468,2.1916438951586682e-05,0.017485273615359568,0.01757118605604979,0.0035055845216049875,0.0051973796117315545,0.017779285385395974,1.5912090579228216e-05,0.017748097687860686,0.017810473082931263,0.9095301665736829,0.007749417385269908,0.009409987293622635,0.12673947042637224,0.4442417374788761,0.006457858246278647,7.173511807436512,100376,0.3598336553110151,2.0681349012827215,0.006408359991313584,0.34727326972804046,0.3723940408939897,0.2897278532996115,0.0006998011238102286,0.2883562430969434,0.29109946350227955,0.11793815585550244,0.1748551098713679,0.3033616804518376,0.0005300461783342948,0.3023227899423024,0.3044005709613728,0.95828684147605,0.010087770697721052,0.03422388908129281,1.4663570344355383,4.299326616568961,0.001568661312004507,592.0021838209327,0.000876411491785234,0.0008889642692697987
10,air_e150_t0220,Air,150.0,220.0,10.0,100000,100214,100168,100168,0.9995409822978826,46,0,0.8743411069403402,100168,0.13693039640023041,0.05159998257353475,0.00018480960155746898,0.13656816958117776,0.13729262321928307,0.12152754814391642,9.835724802086385e-05,0.12133476793779553,0.12172032835003731,0.015567991558341987,0.02308110428439783,0.12371958014116632,7.429518129145154e-05,0.12357396158583508,0.12386519869649756,0.9064471687564891,0.0843709217332341,0.09038240117571661,0.3714363650221188,0.5032616209863638,0.07679377377615992,1.0064486060788056,100168,0.2525614592399097,0.09511029753192048,0.0003406301243808473,0.2518938241961232,0.25322909428369617,0.22411892128698696,0.0001819402654339686,0.22376231836673638,0.22447552420723754,0.02876665923727728,0.04264944898518729,0.22822752322589623,0.00013705630236930303,0.2279588928732524,0.22849615357854006,0.9065769507227858,0.1556975818881483,0.16676382189916694,0.6848109135048589,0.927537890230931,0.1416799045992434,1.8526111251304371,100168,1.3534085720139368,2.0267483437831673,0.006280894782177772,1.3410980182408685,1.3657191257870052,1.1316927206092269,0.00266716613108055,1.126465074992309,1.1369203662261447,0.4580790783015455,0.6791480414898713,1.1916570774675301,0.0021437066374263925,1.1874554124581744,1.1958587424768858,0.964190160530309,0.03887217507277232,0.13133600058384373,5.078443510785143,14.636831329114452,0.003038046756211279,254.81110295404415,0.0010187223694863043,0.0010373978328449829
11,air_e150_t1000,Air,150.0,1000.0,10.0,100000,99587,99253,99253,0.9966461485936919,334,0,0.9233474051162182,99253,0.6223350193865312,0.11014609624535544,0.0002858494757926464,0.6217747544139777,0.6228952843590848,0.5940874287149143,0.0002901636766344173,0.5935187079087109,0.5946561495211177,0.057018936220089245,0.08453627483990431,0.6060013806891267,0.00023828452661971822,0.6055343430169521,0.6064684183613013,0.9509435483058447,0.45469747733175725,0.47608492474152286,0.9947419061039154,1.187827225527584,0.4257685065987289,1.522364015144035,99253,1.1465803444741889,0.20256815142404014,0.0005257215851736346,1.1455499301672485,1.1476107587811293,1.0946812371566637,0.0005336107354353046,1.0936353601152105,1.0957271141981169,0.10489704497658181,0.1555203588822802,1.11659291460995,0.0004393549972821167,1.1157317788152772,1.1174540504046229,0.9510342256657229,0.8380945838006539,0.8774952647717669,1.8312038659009011,2.185618448484348,0.7848790575366706,2.7991267164584883,99253,3.0361342823814557,2.785818081366472,0.009730718248500626,3.0170620746143944,3.055206490148517,2.6417692522069856,0.0058434017543564625,2.630316184768447,2.6532223196455242,1.0594256286375825,1.5707044370180798,2.7825506174607963,0.004815014137755446,2.7731131897507955,2.7919880451707972,0.9707212880215208,0.10499261745616047,0.3129409232082906,10.27650244343977,25.236641264743508,0.006651011068847558,310.71863594747975,0.0010946812371566636,0.00111659291460995
12,air_e150_t2000,Air,150.0,2000.0,10.0,100000,99854,97031,97031,0.971728723936948,2823,0,0.957972194453319,97031,1.2475421973909506,0.1554111110982264,0.0004781673193927716,1.2466049894449407,1.2484794053369606,1.217335488223,0.0005726073720729055,1.2162131777737373,1.218457798672263,0.09451352507178967,0.14012575227143537,1.2363941104705527,0.00046669358967461823,1.2354793910347905,1.2373088299063149,0.977759685049108,0.9647978982532561,1.0055121888521825,1.7210334841619124,1.940870953326138,0.9042002693408051,2.6146969523605037,97031,2.2951261090139563,0.2849892684147067,0.0008769280237854565,2.2934073300873368,2.296844887940576,2.23974686346844,0.0010502778470309116,2.2376883188882597,2.2418054080486205,0.17342065968728093,0.2571134700523627,2.274782473227,0.0008586970868469197,2.27309942693678,2.27646551951722,0.9778730508806464,1.7762037831682278,1.8509582380854397,3.1628914700265813,3.565105542375999,1.6648724146649272,4.79524768820599,97031,4.236975207295026,3.188406191915,0.010443003056437476,4.216506921304409,4.257443493285643,3.8050816054331476,0.008850316694854782,3.787734984711232,3.822428226155063,1.49562569558461,2.2174146562737427,4.012186530072436,0.00658627294409362,3.999277435102013,4.02509562504286,0.9797384341086869,0.14800536406661244,0.45520549095145924,12.365433368430883,25.18741663181974,0.018501818441398914,273.1517486027177,0.00111987343173422,0.0011373912366135
13,water_e180_t0005,Water,180.0,5.0,1.0,100000,99604,99096,99096,0.9948998032207542,508,0,0.9567691935093243,99096,2.498118415601111,2.4960458974038127,0.007497694026989547,2.483422935308212,2.5128138958940105,2.405126924053448,0.0009374616355048739,2.4032894992478586,2.4069643488590375,0.14792912177637163,0.21931971594564856,2.428208188715655,0.0007780938494597405,2.426683124770714,2.4297332526605957,0.9843283280858965,1.9917572824913032,2.057301385868459,3.1317060814278865,3.679959779722837,1.9008228801607743,165.30284602718623,99096,5.163216216844351,3.8581215735508474,0.011582536911828858,5.140514444497166,5.185917989191536,4.99872077230782,0.0019400035286714639,4.994918365391624,5.002523179224016,0.30610446908457334,0.4538304858647884,5.046452549046588,0.0016093460184936647,5.043298230850341,5.049606867242836,0.9843989666585937,4.142733231758253,4.27861994003004,6.500103948453356,7.630257865600179,3.954290079678742,215.0738440266201,99096,6.192204586717226,21.631204211097,0.06768793937383111,6.059536225544517,6.3248729478899355,4.745533214966464,0.012600731513662384,4.7208357811996855,4.770230648733243,1.8787208670461908,2.7853915574826824,4.979793717296861,0.009073609848470044,4.962009441993859,4.9975779925998625,0.9707556309033665,0.18528855965744273,0.5586047874104032,20.307558067562283,237.11189690468217,0.016690291701182445,1128.2505942167627,0.999744154461564,1.0092905098093177
14,water_e180_t0010,Water,180.0,10.0,1.0,100000,100139,99162,99162,0.990243561449585,977,0,0.9605897420382808,99162,4.988749128358619,2.851737341326736,0.009349885389533305,4.970423352995134,5.0070749037221045,4.867348232302675,0.0012846632479897417,4.864830292336615,4.869866172268734,0.2175477597579345,0.3225363086171137,4.893679415137703,0.0009873519810198886,4.891744205254905,4.895614625020502,0.9894516044452512,4.178231648413677,4.2974018365611135,5.843806774829418,31.20988715165583,3.962484125433491,171.1123004445964,99162,10.282277325074757,4.474570697906632,0.014595135219513222,10.253670860044512,10.310883790105002,10.069829781529677,0.0026338140583411795,10.064667505975327,10.074992057084026,0.4459481866840349,0.6611627815777501,10.123534928264846,0.0020172371395337308,10.11958114347136,10.127488713058332,0.9895121114943224,8.6553403662879,8.900188383386194,12.067822186112473,61.272045198579356,8.21173174292187,216.52675332741362,99162,9.246671198207364,26.64938399806856,0.092275715359054,9.06581079610362,9.42753160031111,6.976064574659821,0.017410378258032877,6.941940233274076,7.010188916045566,2.7769785875346984,4.117148453878944,7.309512979863335,0.013355432565902265,7.283336332034167,7.335689627692504,0.9691111514491438,0.2584716715716375,0.8256160481684968,34.06319258725339,444.5793052625514,0.035556112829403026,1218.434991672077,1.0069829781529678,1.0123534928264846
15,water_e180_t0020,Water,180.0,20.0,1.0,100000,99900,97887,97887,0.9798498498498498,2013,0,0.9602603001420005,97887,10.036232014977848,3.5324622106556367,0.012789616625981572,10.011164366390924,10.061299663564773,9.866672033737501,0.0016330020901486203,9.86347134964081,9.869872717834193,0.3149948004400187,0.4670112911323717,9.890295804966463,0.001376509136344449,9.887597847059228,9.892993762873699,0.9913880290539091,8.742403991578898,8.958767876052622,11.21999495540361,70.93492563480683,8.35490433441862,173.51369432551252,97887,20.50420383426123,5.404597624496865,0.01935987436470177,20.466258480506415,20.542149188016044,20.220198382243495,0.0032835482784729793,20.213762627617687,20.226634136869304,0.6331473571231072,0.9387042716707187,20.266927919144678,0.002762757430302398,20.261512914581285,20.27234292370807,0.9914288924984932,17.9546180965372,18.391501638007924,22.933869246729074,127.09088301801793,17.171509170099853,216.95217178007735,97887,14.028964952066383,34.297872172029614,0.11171182049534065,13.810009783895516,14.24792012023725,10.32371659675145,0.024312758718745033,10.276063589662709,10.37136960384019,4.081317805484517,6.050961778411344,10.768687807788085,0.016263040208603675,10.736812248979222,10.800563366596949,0.9655725479379285,0.38293144389373446,1.1897599690246405,86.0467870698006,596.4001387098219,0.032249765605985053,1357.3570543211592,1.0110099191121749,1.013346395957234
16,water_e180_t0050,Water,180.0,50.0,1.0,100000,100019,94955,94955,0.9493696197722433,5064,0,0.9534200410720868,94955,25.709647933558628,3.9210007058176797,0.013420503727202802,25.68334374625331,25.735952120863946,25.507350020701978,0.002481586044140562,25.50248611205546,25.512213929348494,0.5198351506697065,0.7707075943829068,25.523742567144954,0.002231350869444122,25.519369119440842,25.528116014849065,0.9926491495971776,23.457059868739172,23.905147476950503,27.614221006492237,101.4725852978696,22.981675790283475,175.7384381354567,94955,50.986479496628796,5.595945109494606,0.01929013758191244,50.94867082696825,51.024288166289345,50.67889523256312,0.0046721353250709936,50.66973784732598,50.68805261780026,0.9788086722792286,1.4511817375211842,50.70789091816972,0.004170254088547533,50.69971722015617,50.71606461618327,0.9927228687272919,46.80038631649217,47.6510505455093,54.6275553952383,167.16693606829395,45.89623007457939,217.24817949611727,94955,24.141202967912697,42.70625097087113,0.14009073591432147,23.866625125520628,24.415780810304767,17.71666458839691,0.04198884671556713,17.6343664488344,17.79896272795942,7.097033360181616,10.522061659805264,18.41956581853035,0.03298937118676952,18.354906651004285,18.484224986056418,0.9564319941024696,0.6726122238435249,2.111223377364078,190.22839388008606,681.7474599998353,0.05456375512610285,1292.3229531310267,1.0135779046512625,1.0141578183633944
17,water_e180_t0100,Water,180.0,100.0,1.0,100000,100650,89719,89719,0.8913959264778937,10931,0,0.9416177175403203,89719,54.55181982474655,3.3546341241642357,0.01061876905760494,54.53100703739365,54.572632612099454,54.35515097890202,0.004852959389725358,54.34563917849815,54.36466277930588,0.7996782096840178,1.1856029136775248,54.37716182927289,0.0038822108222433815,54.3695526960613,54.38477096248449,0.9922870295032268,51.09482695040081,51.81487053564631,57.62347121460782,116.4704688681745,49.910187055686066,175.64090609904832,89719,101.65615792162845,4.361618588759677,0.013753391910303333,101.62920127348426,101.68311456977264,101.39337986796902,0.007903295356951235,101.3778894090694,101.40887032686864,1.3024716957002482,1.931044536045188,101.42405213555801,0.006321349937130817,101.41166228968123,101.4364419814348,0.9924096345255743,96.03447722679103,97.22644813368697,106.6661136310359,183.10247487047974,94.06311839861277,217.23726940429216,89719,38.293506807816776,49.46234996623483,0.16737796032207453,37.96544600558551,38.62156761004804,28.660686340880268,0.07705868523875793,28.509651317812303,28.811721363948234,11.63377024954514,17.248227771975625,29.60203241507542,0.0550943215601324,29.494047544817562,29.71001728533328,0.9440475261650264,1.094737617231336,3.4311743455008084,254.73031098291128,657.6205133649912,0.20209393404251244,1151.2737331002868,1.0139337986796901,1.01424052135558
18,aluminium_e180_t0005,Aluminium,180.0,5.0,1.0,100000,99865,98655,98655,0.9878836429179392,1210,0,0.9604581622827023,98655,5.135430242815046,0.3459606362007034,0.000997536542844601,5.133475071191071,5.137385414439021,5.098818667667587,0.0012626045713844095,5.096343962707673,5.1012933726275005,0.22730529279783696,0.3370028271020731,5.12496980829645,0.001003304609639741,5.123003331261557,5.126936285331344,0.99112057168922,4.370286556813017,4.498449011199348,6.086566190455616,6.483637495520909,4.157397777287343,12.103222177014857,98655,10.618635356488028,0.7081214403490302,0.002041459523094711,10.614634095822762,10.622636617153294,10.544083778128083,0.002586091727044594,10.539015038343075,10.549152517913091,0.46554777404745096,0.6902211298027507,10.597488111899876,0.0020587908431414868,10.59345288184732,10.601523341952433,0.9912320713597892,9.049847062193656,9.313077036912286,12.563306594454362,13.372964502203137,8.612495481784634,24.697011274747013,98655,12.663804287703687,15.409036190664914,0.048786682766303394,12.568182389481732,12.759426185925642,10.52255471508181,0.022933059712265787,10.47760591804577,10.56750351211785,4.178119181735688,6.194479498841331,11.00894512344542,0.01824706538020673,10.973180875300214,11.044709371590626,0.9686888652374436,0.41577876711311285,1.2398478744445265,52.91196371903216,215.59015470309618,0.06691620244710281,853.1711687571736,2.1088167556256168,2.119497622379975
19,aluminium_e180_t0010,Aluminium,180.0,10.0,1.0,100000,100166,97800,97800,0.9763792105105524,2366,0,0.9603578732106339,97800,10.367875049517796,0.49043684065586146,0.0015527539862581873,10.36483165170473,10.370918447330862,10.330548435336453,0.0018683248310460744,10.326886518667603,10.334210352005304,0.3262026980422945,0.48362812011750583,10.357909984733553,0.0015367121458283685,10.35489802892773,10.360921940539376,0.9941411042944786,9.169207016822455,9.393854434713347,11.658480785670909,12.288066666117471,8.866031844440244,15.271261184622574,97800,21.22590925840607,0.9836600712566298,0.0031145696666771278,21.21980470185938,21.232013814952758,21.1519629849696,0.003749690846124239,21.144613590911195,21.159312379028005,0.654577679528046,0.970476867668281,21.206300684525434,0.0030860143380828323,21.20025209642279,21.212349272628078,0.9942535787321063,18.815911358338624,19.268695520089253,23.810032463300768,25.065308851659974,18.204215589470834,30.970054989127362,97800,18.982393431203676,21.30944117931176,0.06416239069472625,18.856635145442013,19.108151716965338,15.600863951157649,0.03768825367324087,15.526994973958097,15.674732928357201,6.190764672840418,9.178427703953203,16.297812060238726,0.028990630603448586,16.240990424255966,16.354633696221487,0.9653374233128834,0.6423585375988347,1.87659981685852,99.15542195792926,268.67556279677643,0.031497819200164444,850.140803735125,2.11519629849696,2.1206300684525434
20,aluminium_e180_t0020,Aluminium,180.0,20.0,1.0,100000,99594,94804,94804,0.9519047332168604,4790,0,0.9545061389814776,94804,21.182689126865068,0.7151348601971642,0.0021533297603777432,21.17846860053473,21.186909653195407,21.14381068613372,0.0027959090191653387,21.138330704456155,21.149290667811282,0.476423135051391,0.7063449400271923,21.171194608711925,0.0021234781037231623,21.16703259162863,21.17535662579522,0.9953588456183283,19.299964265025707,19.701456464112795,23.010975662260396,23.853924359875695,18.80202860345051,33.79350933032842,94804,42.455180426242855,1.37133422072441,0.004129463136961321,42.44708667849441,42.4632741739913,42.382656553094364,0.005366342780548745,42.37213852124449,42.39317458494424,0.9143903751790106,1.355675170240401,42.43385252644512,0.004070819350072282,42.42587372051898,42.441831332371265,0.9954643263997299,38.82972047749924,39.605842058970175,45.951977175854076,47.55393750847624,37.865400815951176,65.99164784483716,94804,29.1117245170243,30.764359917982343,0.09107752433220517,28.93321256933318,29.29023646471542,23.506010260030283,0.06314973825892958,23.38223677304278,23.629783747017786,9.460080401472426,14.02551520322302,24.429138154961283,0.04597771521520069,24.33902183313949,24.519254476783075,0.9580608413147125,0.7927063488850714,2.7302209632913916,171.94725716469017,351.85940072383687,0.05614910779587018,872.3209682916826,2.119132827654718,2.121692626322256
21,aluminium_e180_t0050,Aluminium,180.0,50.0,1.0,100000,99427,87847,87847,0.8835326420388828,11580,0,0.9360820517490637,87847,57.24021338396081,1.2887830928801383,0.004444168589631285,57.23150281352513,57.24892395439648,57.19193785556274,0.004636305997310005,57.182850695808014,57.20102501531747,0.8434450651724745,1.2504916536247106,57.21878189052398,0.004341938224953748,57.21027169160307,57.22729208944489,0.9949571413935593,53.736200851226954,54.51270291773889,60.44849630972444,62.16733471664162,52.71899423884075,92.56338625308884,87847,106.04520817650388,2.058098384637678,0.007086647785973764,106.03131834684336,106.05909800616439,105.97562601801395,0.007428502398120323,105.96106615331364,105.99018588271427,1.3516271319122666,2.0039223857731265,106.01361672445486,0.006983027672045279,105.99992999021765,106.02730345869207,0.9951392762416474,100.38349211318096,101.64973791665852,111.14299091390308,113.82967562141505,98.71630736554265,156.4967842354286,87847,55.81627677456027,50.89328171028325,0.1559210288782546,55.510671557958894,56.12188199116165,44.45959071910233,0.10462672606430626,44.25452233601629,44.664659102188374,18.270579597680182,27.087961311520637,45.79697606975157,0.08456777803106379,45.63122322481069,45.962728914692455,0.9388026910423805,1.6826083076096447,5.148952108645697,270.9490023273552,471.2861815033404,0.2207787571907918,1016.5399218177831,2.119512520360279,2.1202723344890972
22,air_e180_t0020,Air,180.0,20.0,10.0,100000,100383,100380,100380,0.999970114461612,3,0,0.8737895995218171,100380,0.010934866515775443,0.015724599808770345,5.367135813796575e-05,0.01082967065382503,0.011040062377725856,0.00824449854250986,9.906274906096374e-06,0.00822508224369391,0.008263914841325808,0.0017319454018007718,0.002567782252709824,0.008392733730139082,7.565175193734008e-06,0.008377905986759363,0.008407561473518801,0.9138274556684598,0.0036112847457750947,0.004378274931709427,0.06213534451504717,0.24121878713835043,0.002809713960374438,0.6597306040432898,100380,0.022826852087548873,0.03281352966878309,0.0001119851422322941,0.022607361208773578,0.023046342966324167,0.017118415265827025,2.1737334290904368e-05,0.01707581009061685,0.0171610204410372,0.0035488973225312748,0.005261595170384868,0.01748149248945332,1.5830797841573047e-05,0.017450464125683837,0.0175125208532228,0.9115262004383343,0.007515465407806232,0.009185555316435057,0.12962782875126777,0.5032875055510094,0.005845370584495413,1.375545936042954,100380,0.2967345571970685,0.824179686476985,0.002541294751761237,0.29175361948361644,0.3017154949105205,0.2407683912240215,0.000610108089844238,0.23957257936792678,0.2419642030801162,0.09758886701012034,0.14468525422920442,0.25262591500786846,0.0004157619528178472,0.25181102158034546,0.25344080843539146,0.9559175134488942,0.008758779813536757,0.028812009145610468,1.2403061670531546,3.8997384604919554,0.0005456755585551495,229.5283879901008,0.0008559207632913513,0.0008740746244726659
23,air_e180_t0220,Air,180.0,220.0,10.0,100000,100030,99997,99997,0.9996700989703089,33,0,0.8703861115833476,99997,0.12093187452604791,0.05203834749048854,0.00016615003608460443,0.12060622045532209,0.12125752859677373,0.1056659984902808,7.972166851896418e-05,0.10550974401998363,0.10582225296057797,0.0137897664398281,0.02044470772368914,0.10749371689232935,5.914030743460305e-05,0.10737780188975753,0.10760963189490118,0.9023570707121213,0.07235919130855711,0.07791097911495286,0.3678368316821175,0.5216506850882037,0.0656678255395775,0.8834349152306515,99997,0.25239591462170474,0.10854919960806067,0.0003465633216201651,0.25171665051132924,0.25307517873208024,0.22062097352338128,0.0001659732883857946,0.2202956658781451,0.22094628116861745,0.028799003085339336,0.042697401974324097,0.22437234068034098,0.00012300367775149897,0.22413125347194804,0.22461342788873392,0.9024270728121844,0.15112439814968753,0.16260409568394607,0.7673321961457653,1.0878719211370893,0.13714157723046583,1.8412245929843039,99997,1.125160513580882,1.3854165556951086,0.00452952784322348,1.116282639008164,1.1340383881536,0.94537284337689,0.0019947534063634196,0.9414631267004177,0.9492825600533623,0.3844362700199093,0.5699652139315176,0.9974941166689769,0.0015670733190582778,0.9944226529636226,1.0005655803743312,0.964078922367671,0.035674215082857945,0.11062355200439283,4.23739662878405,12.01520883329414,0.002168003735479924,154.63316037298154,0.0010028226069244603,0.0010198742758197317
24,air_e180_t1000,Air,180.0,1000.0,10.0,100000,99774,99503,99503,0.9972838615270512,271,0,0.9085153211460961,99503,0.5496276919760955,0.11053038797265163,0.0003253304050504937,0.5489900443821966,0.5502653395699945,0.5186163512409223,0.00030244482887322404,0.5180235593763308,0.5192091431055138,0.05218416673073989,0.07736824559499496,0.5289025321764613,0.0002124309297781366,0.5284861675540962,0.5293188967988265,0.9363637277268022,0.39419079207691743,0.413647707407074,0.9369914429155128,1.1414822267125222,0.3752018866947253,1.573431909645251,99503,1.1462187947955114,0.23019688152591297,0.0006775626966628652,1.144890771910052,1.1475468176809707,1.0816184836062916,0.0006304049495682529,1.080382889905138,1.0828540773074453,0.10875642814994535,0.16124228037510896,1.1031275989479967,0.0004420200491559837,1.102261239651651,1.1039939582443425,0.9364943770539582,0.8223520067635093,0.8627962403590488,1.9527428927568409,2.378026883872954,0.7827429528274479,3.2751758018782198,99503,2.541355002065032,2.238272695317923,0.006693204576102188,2.528236321095872,2.554473683034192,2.210768179457067,0.004527742716190818,2.201893803733333,2.219642555180801,0.8886415399268954,1.317499947095615,2.3297907037155388,0.003451537626420279,2.323025689967755,2.3365557174633227,0.9701315538224978,0.08195647012318402,0.25991778072704447,8.706853586171851,19.762100327221763,0.014830458814690707,226.2099712290456,0.0010816184836062916,0.0011031275989479966
25,air_e180_t2000,Air,180.0,2000.0,10.0,100000,99595,97867,97867,0.9826497314122195,1728,0,0.9464375121338142,97867,1.100828365900109,0.15683551929024983,0.0005220986955185031,1.0998050524568928,1.1018516793433253,1.0657984997433232,0.0005443815177775568,1.0647315119684793,1.0668654875181671,0.08876119834837937,0.13159735267130723,1.0846464441779113,0.00043522272364920434,1.083793407639559,1.0854994807162637,0.9673740893253089,0.8369276896967115,0.8734103936795435,1.6016847006119195,1.8832488751256733,0.7862020969355967,2.397541319447072,97867,2.2933834638713493,0.3259642629963693,0.0010851232095056415,2.2912566223807183,2.2955103053619803,2.2206433679869235,0.0011310821778343352,2.218426446918368,2.222860289055479,0.18462424809868594,0.27372391023111176,2.259833049897806,0.0009053304249413115,2.2580586022649207,2.261607497530691,0.9674558329161004,1.744456772243126,1.8204157144524231,3.3339101789194103,3.917915200868241,1.638929657748065,4.9829953925760435,97867,3.591587106698501,2.6703883885628397,0.008696880188934629,3.574541221528189,3.6086329918688125,3.213617019558503,0.007526509067784279,3.198865061785646,3.22836897733136,1.2727284527099525,1.8869472039877755,3.390429714806928,0.005972855136249063,3.37872291873988,3.402136510873976,0.9782664227982875,0.11712044341209182,0.37472847604940596,10.634828829818256,22.475658130520717,0.015418655675757165,261.83019055372586,0.0011103216839934617,0.0011299165249489028
26,water_e200_t0005,Water,200.0,5.0,1.0,100000,99772,99279,99279,0.9950587339133223,493,0,0.9546228306086887,99279,2.3585749943798486,3.23767561949782,0.010078568291598759,2.338821000528315,2.3783289882313823,2.235295345158221,0.0009449700320636603,2.233443203895376,2.237147486421066,0.1473401806443917,0.2184465518233751,2.2626179446919865,0.0007140168022661413,2.2612184717595447,2.2640174176244283,0.9818390596198592,1.8392873736319806,1.9050423963412073,2.9944235275646616,3.623348539929663,1.7601102868309795,196.13634954304422,99279,5.209090352412113,5.220004784819422,0.016218926945829725,5.1773012555982865,5.240879449225939,4.980674270048269,0.0020979349127447054,4.9765623176192895,4.984786222477248,0.3271017783945922,0.4849610966478224,5.041301046333463,0.0015846664386035946,5.0381951001138,5.044406992553126,0.9819397858560219,4.100965311012661,4.246974765977654,6.6640232008084235,8.055278796993989,3.9248575065773252,260.54590235770496,99279,5.742776823146335,24.089966328286163,0.07668548260710036,5.592473277236419,5.893080369056252,4.2987572367829445,0.009325898580457518,4.280478475565248,4.317035998000641,1.6989764259742568,2.518902449149433,4.501469786594521,0.007501715955524603,4.486766423321693,4.51617314986735,0.9709807713615165,0.1561004169137551,0.5108078234936656,18.55322000674169,252.79477872815553,0.0033261648245990283,1256.2688987442914,0.9961348540096537,1.0082602092666926
27,water_e200_t0010,Water,200.0,10.0,1.0,100000,100471,99536,99536,0.9906938320510396,935,0,0.9592911107538981,99536,4.664659813983046,3.2714293304100908,0.011378726237148673,4.642357510558234,4.686962117407857,4.529808075625738,0.0014558512183926622,4.5269546072376885,4.532661544013787,0.2175793448610932,0.32258313669105676,4.5569308056107145,0.001006507438401971,4.554958051031447,4.558903560189982,0.9880847130686384,3.8535038618287687,3.970657722958376,5.531094075133093,30.665682772479848,3.7443192089291983,190.59917503538443,99536,10.306898352947783,5.404618481687565,0.018788732332339183,10.270072437576399,10.343724268319168,10.05562340002706,0.0032078469296004143,10.049336020045043,10.061910780009075,0.47942062030489296,0.7107890116640343,10.11527614599561,0.0022236361141751843,10.110917819211826,10.119634472779394,0.9881952258479344,8.563785471000644,8.82254076159029,12.258265995548044,65.079121840829,8.32257280800303,259.6773813310731,99536,8.379661720961618,26.091393733576545,0.0888718438646039,8.205472906986994,8.553850534936242,6.281539988855189,0.01491647072229543,6.25230370623949,6.310776271470888,2.5133959235757906,3.726360796293467,6.592124169988341,0.011314705623320773,6.569947346966632,6.614300993010049,0.9692171676579328,0.24085666548799148,0.7452448567340211,30.76289214998354,383.29059301550495,0.013147199182698228,1239.7072843931844,1.0055623400027058,1.011527614599561
28,water_e200_t0020,Water,200.0,20.0,1.0,100000,99448,97503,97503,0.9804420400611374,1945,0,0.9604319867081013,97503,9.349703789855262,3.7453850956761405,0.011853669191773704,9.326470598239386,9.372936981471138,9.173236991234461,0.002047638876478324,9.169223619036563,9.177250363432359,0.31561345676325914,0.46792851099720795,9.200780206581715,0.0017969681104548709,9.197258149085224,9.204302264078207,0.9914361609386377,8.075214778187835,8.289567999115597,10.53226100374399,68.7348686399017,7.781032382453617,194.39770419778617,97503,20.530737104187743,6.255584164378486,0.020020671796533086,20.49149658746654,20.569977620908947,20.20802074795708,0.004442092748824232,20.199314246169383,20.216727249744775,0.6845664371785176,1.0149381997608702,20.26735435651226,0.003892413734736439,20.259725225592177,20.274983487432344,0.9915284657907962,17.821679183521713,18.288335723625238,23.149442247095422,135.34980485422878,17.18074923390833,260.3366434175634,97503,12.608340417988055,32.10133263241966,0.09508118901353453,12.421981287521527,12.794699548454583,9.29524753798689,0.020702164686749184,9.254671295200861,9.33582378077292,3.6718787225584117,5.443927394065101,9.698078096035195,0.015570288795812497,9.667560329995402,9.728595862074988,0.9661959119206589,0.3602632796910711,1.105316916614732,66.48874974719162,556.6306380768704,0.014832667049883258,1226.5907708538416,1.010401037397854,1.013367717825613
29,water_e200_t0050,Water,200.0,50.0,1.0,100000,99992,95087,95087,0.9509460756860549,4905,0,0.956471441942642,95087,23.768153456773742,3.9010988901984147,0.011862424191880607,23.744903105357658,23.791403808189827,23.565361056124374,0.002764713279572004,23.559942218096413,23.570779894152334,0.5182012085152508,0.7682851117447107,23.588529419283102,0.0022007796846618883,23.584215891101163,23.59284294746504,0.9925121204791402,21.56286698305976,21.979848917526297,25.694791884638892,92.61792964278672,21.004270960270304,183.5921279433922,95087,50.99979703750135,6.2839702776017985,0.019090482804162336,50.96237969120519,51.03721438379751,50.64949943285728,0.005694866183547169,50.63833749513753,50.66066137057704,1.0677608998430799,1.5830623101073502,50.69549670593083,0.004531773406384778,50.68661443005431,50.704378981807345,0.9926278040110635,46.50852001744882,47.373286432656336,55.01852041186699,172.80550478681647,45.347963287106694,257.7925516213146,95087,21.41444203650765,38.66880695933082,0.12590481925782784,21.167668590762307,21.661215482252995,15.855364589995677,0.03642486341712757,15.783971857698107,15.926757322293247,6.362360537817727,9.432835733368561,16.535090257663864,0.029479572781628705,16.477310295011872,16.592870220315856,0.9598367810531409,0.6219788605410596,1.870633748872525,164.54371247214587,610.9207125811788,0.05826468357656892,1225.9862566916224,1.0129899886571456,1.0139099341186166
30,water_e200_t0100,Water,200.0,100.0,1.0,100000,100190,89637,89637,0.8946701267591576,10553,0,0.948079476109196,89637,49.71425885196505,3.765225616647543,0.011292794563146014,49.69212497462128,49.73639272930882,49.50240811126989,0.004449196863476056,49.49368768541748,49.511128537122296,0.7775416315526797,1.152783222940003,49.52375900318914,0.0036863822978439576,49.516533693885364,49.53098431249292,0.9923692225308746,46.330966499748584,47.03226684286834,52.66580246560169,119.18389434320274,45.55910220958609,195.8813293396158,89637,101.714474402105,5.555173589592867,0.01668562831976113,101.68177057059826,101.74717823361173,101.38974030682004,0.008228087859954141,101.37361325461454,101.40586735902555,1.4384308074661476,2.1326175151493105,101.42479465988532,0.006797317404016218,101.41147191777345,101.43811740199719,0.9924361591753406,95.48209843126477,96.7958228095082,107.19728870330424,207.76461344328854,94.03145808783333,260.5190389305598,89637,32.75576915440191,44.6013308884569,0.15890292088548857,32.444319429466354,33.06721887933747,25.012354706580464,0.06167435948691391,24.891472961986114,25.133236451174813,10.06195064901804,14.917848032234145,25.85844698387176,0.04568235504866403,25.76890956797638,25.947984399767144,0.9509131273915905,0.9214454857381782,2.852299126286906,209.39533610397842,631.946672434313,0.14747631066867406,1200.9726276234796,1.0138974030682004,1.0142479465988532
31,aluminium_e200_t0005,Aluminium,200.0,5.0,1.0,100000,100069,98830,98830,0.9876185432051884,1239,0,0.9602752200748761,98830,4.787219997809187,0.34708071460829376,0.0010890240289566202,4.785085510712432,4.7893544849059415,4.74836156212524,0.0014280398498275424,4.745562604019578,4.7511605202309015,0.22707824668657395,0.3366662085375145,4.7753381847215115,0.001037572594268263,4.773304542436746,4.777371827006277,0.9899625619751088,4.041721679441567,4.160518900053858,5.75860401248097,6.206629976220474,3.8519531946549534,10.74619724323665,98830,10.622151187057222,0.763788110289126,0.00239673242874447,10.617453591496883,10.62684878261756,10.537120917110116,0.0031440107410006884,10.530958656057754,10.543283178162477,0.5000066663520784,0.7413098835335913,10.596351048369968,0.0022887797267058703,10.591865040105624,10.600837056634312,0.9901042193665891,8.979363439805788,9.241395881360404,12.757694337137224,13.740210523220492,8.560457451989237,23.61115335038403,98830,11.412261986956858,13.887900044368354,0.04274314981759132,11.328485413314379,11.496038560599338,9.50320749184339,0.022834924049221144,9.458451040706917,9.547963942979864,3.778127962146217,5.6014525166779805,9.967391627517442,0.01677338347618998,9.93451579590411,10.000267459130773,0.9696650814530001,0.3717161876430712,1.136244514476697,45.09959157478592,199.23367738196868,0.05776131023281508,771.0851959959666,2.1074241834220233,2.1192702096739935
32,aluminium_e200_t0010,Aluminium,200.0,10.0,1.0,100000,99741,97301,97301,0.9755366398973341,2440,0,0.9614598000020554,97301,9.652341771846611,0.5005915218576589,0.0015668683810264466,9.649270709819799,9.655412833873424,9.611784169921322,0.00218287597331789,9.60750573301362,9.616062606829024,0.331255280580649,0.4911190789888702,9.641296305237226,0.0014835129831146834,9.638388619790321,9.644203990684131,0.9936485750403388,8.46472221173247,8.684507672712556,10.975221779746647,11.566951306317154,8.16354306298092,25.358066492930817,97301,21.24564351881966,1.083364680005179,0.003390495975627084,21.23899814670743,21.252288890931887,21.15876408156737,0.00472909656977234,21.149495052290614,21.168033110844124,0.7173692406676366,1.063571636213838,21.22205633525093,0.003220210885782193,21.215744721914795,21.228367948587064,0.9937307941336677,18.669320592500803,19.14699833165261,24.10505299256303,25.379466437696944,18.013903714624462,54.330127243914575,97301,17.02308367948985,19.10592540447929,0.06650722113934283,16.89272952605674,17.15343783292296,14.058859204199297,0.030317881876540435,13.999436155721279,14.118282252677316,5.6205498055478245,8.333027141705204,14.72608688384656,0.024703281283558653,14.677668452530785,14.774505315162337,0.9672459686950802,0.5353176494477501,1.6631692190700775,84.46648370499503,242.1377316642766,0.05486769633384881,978.7896827538867,2.115876408156737,2.122205633525093
33,aluminium_e200_t0020,Aluminium,200.0,20.0,1.0,100000,100002,95208,95208,0.9520609587808244,4794,0,0.9574405512141837,95208,19.63408272963338,0.7206796904910528,0.002440005928927223,19.62930031801268,19.63886514125408,19.59496307305473,0.003090829255622699,19.58890504771371,19.601021098395748,0.4801116833259158,0.7118135816990028,19.621870731259683,0.0022094970172024785,19.617540117105968,19.6262013454134,0.9950634400470548,17.792569846064033,18.152028685661843,21.476616401215747,22.29220997786665,17.20070442819437,31.24126643014307,95208,42.48880929834851,1.505607645851254,0.005096015947731027,42.47882110709095,42.49879748960606,42.409095349775384,0.0064632067167465345,42.39642746461056,42.42176323494021,1.003720120422031,1.488115450537703,42.46391711373457,0.004658267192385262,42.45478691003749,42.47304731743164,0.9951579699184943,38.62817824682753,39.38417035248685,46.32951103090137,48.0202541845863,37.38128756028246,66.23168426202318,95208,25.650368727601734,26.396720302413545,0.08723041965757822,25.47939710507288,25.821340350130587,20.95543158706866,0.05584088633453815,20.845983449852966,21.064879724284353,8.425867457474927,12.492191092452327,21.882965193252765,0.04093455101629337,21.80273347326083,21.9631969132447,0.9615683556003697,0.7486916848700064,2.5082774502345284,144.81365535141998,297.7312121069116,0.0413368068541997,870.8466376886798,2.120454767488769,2.1231958556867285
34,aluminium_e200_t0050,Aluminium,200.0,50.0,1.0,100000,100024,88444,88444,0.8842277853315205,11580,0,0.9425964452082674,88444,52.11107313129396,1.2374265602228773,0.003716789577219266,52.10378822372262,52.11835803886531,52.061558403647666,0.004753395228778182,52.05224174899926,52.070875058296075,0.8197504999396443,1.2153620912105165,52.09297391135337,0.0035244642629764637,52.086065961397935,52.0998818613088,0.9954321378499389,48.75636604612436,49.46596073554376,55.195257064340055,56.59881341500761,47.614222175106164,81.63578071250458,88444,106.178520044775,2.256678699565386,0.006774929019258186,106.16524118389725,106.19179890565275,106.09459698612619,0.008686771953335252,106.07757091309766,106.11162305915472,1.4980428029327584,2.2209982596281073,106.14771130203927,0.006471057756809806,106.13502802883592,106.16039457524262,0.9956356564605853,100.00763770451668,101.32236661129609,111.77922877971723,114.29778196241155,97.88268989399376,156.25708430682266,88444,47.46266423325872,42.36072768016102,0.14358728753282593,47.181233149694386,47.744095316823056,38.433076648609614,0.10593871567864024,38.22543676587948,38.64071653133975,15.47269385742105,22.939815913012445,39.70496967669718,0.074743478710627,39.558472458424355,39.85146689497001,0.9453778662204333,1.403826293170538,4.51132092386278,230.73262167184714,418.3773082206411,0.11434188335114952,970.8584830314109,2.121891939722524,2.122954226040785
35,air_e200_t0020,Air,200.0,20.0,10.0,100000,99773,99769,99769,0.999959908993415,4,0,0.8743297016107208,99769,0.010373753590084625,0.01651829437307925,5.6912923013974354e-05,0.010262204260977235,0.010485302919192014,0.007661069410147547,1.0402625233134908e-05,0.007640680264690603,0.007681458555604492,0.0016396330137808945,0.002430919906231554,0.007792787287812334,8.231353017089932e-06,0.007776653835898838,0.00780892073972583,0.9136405095771232,0.0032652861544340793,0.00398309709503792,0.06125629850679817,0.25718409075261345,0.002255342540820493,0.48648149437050847,99769,0.02319701284155545,0.03692426982143543,0.00012724471961756683,0.02294761319110502,0.02344641249200588,0.017218869171927054,2.399914696288878e-05,0.01717183084387979,0.017265907499974316,0.003801511080155251,0.005636120327438174,0.017481136767871157,1.8288490304403945e-05,0.017445291326874526,0.017516982208867788,0.9167075945433952,0.007379567549605781,0.00894492029902949,0.13691624298757973,0.5749242356615127,0.005143343225824992,1.0870817642270367,99769,0.26929253605744097,0.5100150144380555,0.0016274004448623748,0.2661028311855107,0.27248224092937123,0.21768396449390492,0.0005119390483840782,0.21668056395907212,0.21868736502873773,0.08834379620198712,0.1309785122490661,0.22724441841949378,0.00037053914604924526,0.22651816169323727,0.22797067514575028,0.9531818500736702,0.008920395720477066,0.026293294127185094,1.1400738021801007,3.4708336511052713,0.0009801974319037401,110.39093633410194,0.0008609434585963527,0.0008740568383935578
36,air_e200_t0220,Air,200.0,220.0,10.0,100000,100364,100322,100322,0.9995815232553505,42,0,0.8688921672215466,100322,0.11298832249145181,0.05292382423446246,0.00016768847231898453,0.11265965308570661,0.11331699189719702,0.09781748143943503,7.987638320902235e-05,0.09766092372834534,0.09797403915052472,0.012838389966674413,0.019034196964591483,0.09936520235571453,6.140514550667932e-05,0.09924484827052144,0.09948555644090762,0.8999023145471582,0.06705746767456583,0.07187252240586788,0.37029964185070013,0.5577903359116292,0.060436676263037725,0.9659255648384715,100322,0.2526138513277366,0.11826490435680026,0.0003746857660750119,0.2518794672262296,0.2533482354292436,0.2186703246488264,0.00017869110082282473,0.21832009009121367,0.21902055920643915,0.028615517593664208,0.04242536638436655,0.22213558596628027,0.00013634075896317376,0.22186835807871244,0.2224028138538481,0.8996630848667291,0.1498840101782168,0.16076739341212942,0.827588261474034,1.2462746556747681,0.13505605138482224,2.1566316277899773,100322,1.0215448596133632,1.2869691894302464,0.003958533645996747,1.0137861336672096,1.0293035855595167,0.8574744854189869,0.0020809789777826064,0.8533957666225329,0.8615532042154408,0.3477293306439848,0.5155435056127718,0.9052512367024013,0.001548344258243267,0.9022164819562445,0.908285991448558,0.9650624987540121,0.029292563142076854,0.10322810773672178,3.8274913609332697,11.786459966513888,0.0030482983165874542,168.91183495675412,0.000993956021131029,0.0010097072089376377
37,air_e200_t1000,Air,200.0,1000.0,10.0,100000,99958,99684,99684,0.9972588487164609,274,0,0.9000642028811043,99684,0.5127511416541632,0.11185553692812894,0.000352972014660062,0.5120593165054296,0.5134429668028969,0.4805947729514486,0.0003116017355847297,0.47998403354970254,0.48120551235319464,0.04906140938570047,0.07273844555523952,0.48945180075831607,0.00023486870973454056,0.4889914580872364,0.48991214342939576,0.9290457846795875,0.3640893262642949,0.38208032913092865,0.9231043933232683,1.1470299758584221,0.34138191798516004,1.6844875350378175,99684,1.1456457645658746,0.2496320869211414,0.0007877525380582289,1.1441017695912805,1.1471897595404688,1.0739084469247473,0.0006964853986529432,1.0725433355433875,1.075273558306107,0.10962115675323503,0.16252432700234623,1.0937145727645643,0.0005225058875883859,1.092690461224891,1.0947386843042375,0.9291661650816581,0.8136691156758967,0.8539440149078814,2.0612114109093795,2.560297478896729,0.7630347681716785,3.756736061792026,99684,2.326619747926495,2.522594330991729,0.008070080569542434,2.310802390010192,2.342437105842798,1.9995143412599568,0.0053610155354099544,1.9890067508105533,2.0100219317093604,0.8050114470412209,1.193509971383314,2.1040790194707406,0.003962664569160623,2.0963121969151857,2.1118458420262955,0.9685506199590707,0.0721301283691663,0.22878908575063878,8.31739315898498,20.608345408214625,0.00403218923933918,276.1865400168633,0.0010739084469247474,0.0010937145727645643
38,air_e200_t2000,Air,200.0,2000.0,10.0,100000,99835,98394,98394,0.9855661842039365,1441,0,0.9367949265199097,98394,1.027965504574741,0.15867873766570584,0.0005619593879941044,1.0268640641742726,1.0290669449752092,0.9892798137162089,0.0005602474640510957,0.9881817286866688,0.990377898745749,0.08603860029364796,0.12756082879536246,1.0081656505611596,0.0004324189209660617,1.0073181094760661,1.009013191646253,0.9594080939894709,0.7752872454336511,0.808637757561788,1.5449944206333481,1.816415534918617,0.7414298255691278,2.660627685254667,98394,2.294889481944501,0.35354055242555993,0.0012520173233092177,2.2924355279908153,2.297343435898187,2.2087950395434177,0.0012490068598639639,2.2063469860980844,2.211243092988751,0.19173109478492734,0.28426052112813327,2.2508507262512527,0.000964959461504008,2.248959405706705,2.2527420467958006,0.9594792365388134,1.7315979925500642,1.8058751095689445,3.446403528056237,4.050087570317488,1.655974340241528,5.92423482693556,98394,3.28576930083776,2.811250434519246,0.008861788358753887,3.2684001956546025,3.303138406020918,2.915222241363235,0.007084806419937149,2.901336020780158,2.929108461946312,1.1578501539241237,1.7166286382079057,3.077912416498105,0.005413358381657191,3.067302234070057,3.088522598926153,0.9765229587169949,0.11338689992566171,0.3455801914840053,10.088216290576797,21.912355874253997,0.005700078846853621,334.3434776100084,0.0011043975197717088,0.0011254253631256263
39,water_e220_t0005,Water,220.0,5.0,1.0,100000,100442,99960,99960,0.9952012106489317,482,0,0.9511904761904761,99960,2.202437997538985,2.7070124971226033,0.00854999667809488,2.185680004049919,2.2191959910280508,2.099085163950079,0.0009477697068390216,2.0972275353246745,2.1009427925754833,0.14553788361787667,0.21577446625186394,2.1271930855046697,0.0006273282333460947,2.125963522167311,2.128422648842028,0.9792917166866747,1.7153583449536074,1.7771158301498797,2.86987624949882,3.4327032631383503,1.645612861813504,185.77007195426623,99960,5.186202286658396,4.91610945063837,0.015475985821347498,5.155869354448555,5.216535218868238,4.971469621696315,0.002238006830917343,4.967083128307717,4.9758561150849125,0.34368354765214804,0.5095452277490746,5.03780211891239,0.0014801850255302808,5.034900956262351,5.04070328156243,0.9793917567026811,4.064910227194653,4.210926771271169,6.7895230487248455,8.114381035955358,3.8999338448894605,295.6404445517811,99960,5.1587903420916605,19.610290832199922,0.06625310730963518,5.028934251764776,5.288646432418545,3.933838788728461,0.008948958523603785,3.9162988300221975,3.9513787474347244,1.5570724693898088,2.3085156431173304,4.12144751791805,0.00703118939784361,4.107666386698276,4.135228649137823,0.9702781112444978,0.14581005348913512,0.4736473224608144,17.129045400490615,196.40264906673923,0.006458205207335316,1120.5912272742828,0.994293924339263,1.007560423782478
40,water_e220_t0010,Water,220.0,10.0,1.0,100000,99955,99021,99021,0.9906557951077986,934,0,0.9585138505973481,99021,4.404668800451842,3.759154682484773,0.010440473254172128,4.384205472873664,4.425132128030019,4.250462846750736,0.0011991544640008569,4.248112504001294,4.252813189500178,0.22004866641938747,0.32624415283338387,4.281795196383468,0.0008815594525623026,4.280067339856446,4.283523052910491,0.9871037456701104,3.601152062449936,3.711348327433302,5.28241230464094,29.363609056994544,3.415239027957597,206.82992982075746,99021,10.339692138180034,6.547097655179737,0.01828722026253293,10.30384918646547,10.375535089894598,10.035776829350311,0.0028141147511762587,10.030261164438006,10.041292494262617,0.5164229977245895,0.7656487364264765,10.109033479026374,0.0020621280064481357,10.104991708133737,10.113075249919012,0.9871744377455287,8.510457076803794,8.769530499289932,12.453618285846233,66.75290184404295,8.073258722694675,304.89910917888295,99021,7.717591068171306,26.338655597446,0.07274024478754053,7.575020188387726,7.860161947954885,5.733786915997668,0.01543625701112503,5.703531852255863,5.764041979739473,2.2750625628379004,3.3730077556634708,6.011808935062484,0.011290926379366576,5.989678719358925,6.0339391507660425,0.9695620120984437,0.2123379704190451,0.6838261613513902,26.755975804188346,377.607739139284,0.011962533041156713,1177.4459032528941,1.0035776829350311,1.0109033479026375
41,water_e220_t0020,Water,220.0,20.0,1.0,100000,99327,97463,97463,0.9812337028199785,1864,0,0.9614315176015513,97463,8.806049192395227,4.344586752581407,0.01339386163868193,8.77979722358341,8.832301161207043,8.606171572158416,0.001941589094045171,8.602366057534088,8.609977086782745,0.3154818030627382,0.4677333212208156,8.636198051885923,0.0015886853576784206,8.633084228584874,8.639311875186973,0.9907759867847286,7.531039173591554,7.734078797927492,9.98603935140514,79.93390394398496,7.267342642814896,215.9741235174375,97463,20.577479365112428,7.629958070570598,0.023274780719405752,20.531860794902393,20.623097935322463,20.191858176694666,0.004497760901306613,20.183042565328105,20.200673788061227,0.7307916360961144,1.0834716796760993,20.260824699426525,0.00367103306046508,20.253629474628013,20.268019924225037,0.9908375486081897,17.697026825140252,18.168781375898817,23.3818632860377,166.34533433314002,17.083885288716203,306.66106321182605,97463,11.492458003354665,31.997091868440773,0.09888197017135919,11.298649341818802,11.686266664890528,8.402079568437108,0.020660392917062106,8.361585198319666,8.442573938554549,3.3495706381038337,4.966073428052743,8.814051031138442,0.014703442338217096,8.785232284155537,8.842869778121347,0.9678749884571581,0.29808660479036236,0.99226026686459,53.72214045208939,584.1725029878615,0.020610008235312414,1173.2820849776201,1.0095929088347333,1.0130412349713263
42,water_e220_t0050,Water,220.0,50.0,1.0,100000,99576,94723,94723,0.9512633566321201,4853,0,0.9567475692281706,94723,22.266551507557974,4.557646777979118,0.016443872312912423,22.234321517824664,22.298781497291284,22.02444181425804,0.0035625021961600855,22.017459309953566,22.031424318562514,0.5171527703026584,0.7667306972507213,22.052307213216917,0.002635058687966047,22.047142498188503,22.05747192824533,0.9920293909610126,20.0515684101222,20.448726844245957,24.18547305400921,105.97192044259343,19.271281716600186,215.08924709504944,94723,51.09537540104997,7.89715737261098,0.0282898051415152,51.0399273829726,51.15082341912734,50.64438330971245,0.007915996352296692,50.62886795686195,50.65989866256295,1.148952873687847,1.7034375305296017,50.705027053334554,0.005871587268173323,50.69351874228894,50.71653536438017,0.9921666332358561,46.247386161612646,47.13474480356582,55.428666098513425,209.06296093316047,44.50063429569667,306.55922331208694,94723,19.445123949367815,38.65871780478308,0.12172323031413979,19.2065464179521,19.68370148078353,14.278022553046267,0.03499194772533644,14.209438335504608,14.346606770587925,5.741346344598423,8.512120090501622,14.876498026766768,0.02814750677025434,14.82132891349707,14.931667140036467,0.9607909377870211,0.4997266402971135,1.6763559070312173,147.30902756848727,649.6228093085991,0.0461223701123046,1354.8926867309979,1.012887666194249,1.014100541066691
43,water_e220_t0100,Water,220.0,100.0,1.0,100000,100110,89667,89667,0.8956847467785436,10443,0,0.9490447990899662,89667,46.063744694580315,4.546182485546085,0.016461126519371712,46.031480886602345,46.096008502558284,45.80184553414918,0.004047166996870475,45.79391308683532,45.80977798146304,0.7646764642288133,1.1337093258656386,45.831012391337936,0.0033419716909585838,45.824462126823654,45.83756265585222,0.9921152709469482,42.723624494711004,43.38732127013519,48.93232997164347,131.64786901400436,41.6468456799401,214.99540364262,89667,101.81208708729699,7.2462362770981015,0.026138582980673404,101.76085546465487,101.86331870993911,101.36931592744637,0.008267361407101187,101.35311189908845,101.38551995580428,1.5622563535438587,2.3162012697641248,101.42535402965969,0.006820094966557747,101.41198664352524,101.43872141579413,0.9922267946959304,95.04471408337874,96.41463111629852,107.72535628582,244.73834342743464,92.81481184978423,306.54750361277263,89667,29.602515607600914,44.04805702649998,0.1726718278226124,29.264078825068594,29.940952390133234,22.310520474460574,0.06052023418054042,22.191900815466717,22.429140133454432,8.927649235004246,13.236132755817295,23.08760220421364,0.04327094851828301,23.002791145117804,23.172413263309473,0.9519667213133036,0.8045326226417101,2.6786499549011977,198.56841814084794,676.1033232615976,0.0822437421036253,1176.4424980525337,1.0136931592744636,1.0142535402965969
44,aluminium_e220_t0005,Aluminium,220.0,5.0,1.0,100000,100051,98828,98828,0.9877762341205985,1223,0,0.9594446917877525,98828,4.509490179849142,0.35177194077336926,0.0011403083864077825,4.507255175411783,4.511725184286502,4.464577656655237,0.0013638885757282233,4.46190443504681,4.467250878263664,0.23019011042141813,0.3412798577107945,4.4960636696950305,0.001107736239534764,4.493892506665542,4.498234832724519,0.9886469421621403,3.771175757990245,3.8903902945531104,5.5102320167569,5.9579438553125375,3.6061259552851084,6.717687830905163,98828,10.642877475679592,0.82454149118392,0.0026728271365657748,10.637638734491922,10.648116216867262,10.538032787912755,0.0031975233815353965,10.531765642084945,10.544299933740565,0.5399095559801026,0.8004699076961,10.611801474883436,0.002605622658012796,10.60669445447373,10.61690849529314,0.98879872101024,8.910092022024026,9.19031403034785,12.986544935670587,14.032592939780702,8.522193474931669,15.80452195714912,98828,10.366284982985805,12.006149938623526,0.038669774676324854,10.290492224620209,10.442077741351401,8.703890460035936,0.020540530143769616,8.663631020954147,8.744149899117724,3.447443716863861,5.11118005462236,9.100332664424167,0.016001941193265385,9.068968859685366,9.131696469162968,0.9702715829521997,0.3216245714295639,1.0298394417066445,40.340254406214164,181.33021123162223,0.03521959666257116,431.01701503322977,2.107606557582551,2.122360294976687
45,aluminium_e220_t0010,Aluminium,220.0,10.0,1.0,100000,99889,97540,97540,0.9764838971258096,2349,0,0.9599036292802953,97540,9.078071644697145,0.5033746720122789,0.0016354359285801075,9.074866190277127,9.081277099117163,9.034082639203916,0.001982529557517697,9.030196881271182,9.03796839713665,0.3336733039397046,0.4947040404210061,9.064695316554134,0.00163616364858146,9.061488435802914,9.067902197305354,0.9922493336067254,7.911649068070899,8.111941559441043,10.445697485246423,11.024092025369876,7.683760779235229,15.253633682652548,97540,21.28337172793582,1.1639859278772615,0.003781915726306275,21.27595917311226,21.29078428275938,21.182520917356214,0.004587496588999989,21.173529424041774,21.191512410670654,0.7720012364139848,1.1445690331073737,21.253024148711724,0.0037968593759886956,21.245582304334786,21.260465993088662,0.9924031166700841,18.58116347647703,19.045979326752594,24.44165307328914,25.772906619675055,18.052029562906398,35.437422997688486,97540,15.490377902436343,17.746507979573984,0.05259035899765668,15.387300798800936,15.59345500607175,12.763491067796206,0.02857486493477297,12.707484332524052,12.81949780306836,5.082719081903651,7.535639310830352,13.357621635202827,0.02161682085148433,13.315252666333919,13.399990604071736,0.9669571457863441,0.4621577306853794,1.4705616532304024,76.36060644493358,232.59036952646568,0.0629801663296149,725.3233002249831,2.1182520917356213,2.1253024148711726
46,aluminium_e220_t0020,Aluminium,220.0,20.0,1.0,100000,99800,95103,95103,0.9529358717434869,4697,0,0.9584660841403531,95103,18.408012915326317,0.7208322680800604,0.002565403688928412,18.40298472409602,18.413041106556616,18.365538660604244,0.0031483772965774635,18.35936784110295,18.371709480105537,0.48029685083781715,0.7120881110521476,18.395472700575002,0.002413153544498771,18.390742919627783,18.40020248152222,0.9949318107735823,16.56066035611647,16.9466888843359,20.278977048341456,21.04348178259683,15.995236876119748,31.40661168278217,95103,42.5610682288034,1.619286904839057,0.005762144861426461,42.549774424875004,42.572362032731796,42.46736561059788,0.007077903581762463,42.45349291957763,42.481238301618134,1.079845599076691,1.600979085191102,42.533396475184055,0.005443731359426525,42.52272676171958,42.54406618864853,0.9950159300968424,38.39847096332369,39.27077414928047,46.75570717560997,48.4617093526717,37.11898314768604,71.16651321397961,95103,23.16921035463741,23.94996366685012,0.09165378866896016,22.98956892884625,23.34885178042857,19.059989199325614,0.04833464440707618,18.965253296287745,19.154725102363482,7.604575122747832,11.274543076985935,19.862562712023813,0.037712267104966,19.788646668498078,19.936478755549548,0.9627246248803928,0.7008555230847145,2.242966620639141,128.5054687922072,274.8508475329255,0.04294822027088109,812.8922230394707,2.123368280529894,2.1266698237592028
47,aluminium_e220_t0050,Aluminium,220.0,50.0,1.0,100000,99845,88246,88246,0.8838299364014222,11599,0,0.948201618203658,88246,48.24587789616417,1.2087702184100828,0.004059180287917108,48.23792190279985,48.25383388952849,48.20196816292588,0.005268693769965345,48.191641523136745,48.212294802715014,0.8026740893849507,1.1900446049221278,48.23020581537789,0.0039657127898586,48.22243301830977,48.237978612446014,0.9956485279786053,44.89197241525299,45.65816162113293,51.253545671040136,52.59540462689876,43.890012960534875,64.46892544061598,88246,106.33249881994887,2.443855139385163,0.008206110691727624,106.31641484299308,106.34858279690465,106.24947801007048,0.010662955285973528,106.22857861770997,106.27037740243098,1.6243926357477108,2.408324521759556,106.30298801994408,0.008020459534882911,106.28726791925571,106.31870812063245,0.9957958434376629,99.50765553319837,101.07579768490312,112.38830229249989,115.06426249985618,97.44989096937991,138.10614749335775,88246,41.608228812149484,36.85262381620838,0.12792151866541088,41.357502635565275,41.85895498873369,34.08785615276328,0.098862424440142,33.8940858008606,34.28162650466596,13.865607419268537,20.55714955980753,35.39861478342563,0.07895234090205841,35.2438681952576,35.55336137159366,0.9513632345942026,1.2370766175636871,4.077353266332402,201.6852980646785,374.6882041396839,0.19083530703860352,938.7368753554781,2.1249895602014095,2.126059760398882
48,air_e220_t0020,Air,220.0,20.0,10.0,100000,99800,99798,99798,0.9999799599198397,2,0,0.8724423335136977,99798,0.00971996267522712,0.016545018725799283,5.437287837289317e-05,0.00961339183361625,0.00982653351683799,0.0071381866791284665,8.623158853416703e-06,0.00712128528777577,0.007155088070481163,0.0015459888139304212,0.0022920830155332425,0.007254950691128902,7.247724107002307e-06,0.0072407451518791775,0.0072691562303786265,0.9140864546383695,0.0029677354140669934,0.0036522860040523143,0.0573569148573739,0.26379878742738316,0.002234651764467799,0.5626371722875092,99798,0.023088123616779838,0.03928670729499962,0.00012913442194799996,0.022835020149761756,0.02334122708379792,0.016865681201238658,2.2503295437311474e-05,0.016821574742181527,0.01690978766029579,0.003563143773419597,0.0052827169584718945,0.017179010705280235,1.7182076717832024e-05,0.017145333834913283,0.017212687575647187,0.9109300787590934,0.007126385625326748,0.008789200208639159,0.1363409868312715,0.6264291400679978,0.005226022057115642,1.3353731233955841,99798,0.24498339043529102,0.6371910391436881,0.002150424465540858,0.24076855848283094,0.2491982223877511,0.19833438779964854,0.0005122190548475069,0.19733043845214743,0.19933833714714966,0.08034519853373945,0.1191197913461221,0.20712545927668896,0.00037646669383052276,0.20638758455678113,0.2078633339965968,0.9536864466221768,0.00768370227837247,0.02323413499729832,1.0504209965930564,3.1626665420568507,0.0004712160915387286,177.88653761859302,0.0008432840600619329,0.0008589505352640118
49,air_e220_t0220,Air,220.0,220.0,10.0,100000,100172,100132,100132,0.9996006868186719,40,0,0.8678544321495626,100132,0.10651934357022823,0.05414357718973706,0.00015720155392622888,0.10621122852453282,0.10682745861592363,0.09142133387440765,8.022264420922231e-05,0.09126409749175758,0.09157857025705772,0.01217429040265472,0.018049602950975886,0.09295028417757592,6.152046837997494e-05,0.09282970405955117,0.09307086429560067,0.9000719050852874,0.06226242732190454,0.066890914328483,0.36893882939094375,0.5953670863432047,0.05458408875551868,1.52471466951377,100132,0.2529859211862213,0.1285298772165746,0.00037312303155091124,0.25225460004438155,0.2537172423280611,0.21708998102496935,0.00019041457245253467,0.21671676846296237,0.21746319358697633,0.028972738919492258,0.04295498272203922,0.22079608436998388,0.0001460181142388943,0.22050988886607564,0.22108227987389212,0.900251667798506,0.14797882256289085,0.15890399042592662,0.875942947882474,1.4131294064726125,0.12969072230640677,3.6140343655785045,100132,0.9416169302456326,1.7010514856329926,0.005085456414138855,0.9316494356739204,0.9515844248173448,0.7812842382077014,0.0019414989863387618,0.7774789001944774,0.7850895762209255,0.31820311530275147,0.47176793874785933,0.8244542967913748,0.001340801966146821,0.8218263249377271,0.8270822686450225,0.9638477210082691,0.02645185228277619,0.09025963757983743,3.651550229487933,11.0394249491759,0.0030924487205972865,280.2280990580298,0.000986772641022588,0.0010036185653181085
50,air_e220_t1000,Air,220.0,1000.0,10.0,100000,100035,99801,99801,0.9976608187134502,234,0,0.8953717898618251,99801,0.48371175415732387,0.11381200750145871,0.0003871889440597967,0.48295286382696667,0.48447064448768107,0.45018461704233914,0.00030970297753043504,0.44957759920637946,0.4507916348782988,0.047143782454327265,0.0698953718667856,0.4585442875658638,0.00023123347880030714,0.4580910699474152,0.45899750518431237,0.9239787176481198,0.3395639118786676,0.3562567365480902,0.9181365605900851,1.1464821976975128,0.3189689914216274,1.8018784681781312,99801,1.148211018229708,0.26988948795143436,0.0009181506750944521,1.1464114429065229,1.1500105935528933,1.0687540590469098,0.0007348641172845293,1.0673137253770322,1.0701943927167874,0.11174918263765221,0.16567933817858316,1.088488126330258,0.0005498425491032631,1.0874104349340155,1.0895658177265004,0.9238885381910001,0.806273986440624,0.845952641923077,2.1780771684396427,2.7190430423305734,0.7574324772231762,4.269399029552403,99801,2.1113067058200508,2.076864859014993,0.005792174853656874,2.0999540431068833,2.1226593685332182,1.821321946814986,0.004234294744183913,1.8130227291163854,1.8296211645135865,0.7335364204083328,1.0875410968973942,1.9195905076312119,0.0032762208640664424,1.9131691147376417,1.926011900524782,0.9688981072333944,0.06582642527331171,0.21184134270832572,7.489523346770752,17.28795297201451,0.009774412113362822,258.9928279994955,0.0010687540590469098,0.001088488126330258
51,air_e220_t2000,Air,220.0,2000.0,10.0,100000,99967,98773,98773,0.9880560584993048,1194,0,0.9291506788292347,98773,0.9675034968683778,0.16073381132792244,0.0005444945309131654,0.966436287587788,0.9685707061489676,0.926333629990495,0.0005669442523759362,0.9252224192558381,0.9274448407251518,0.0834962887307995,0.12379159767228334,0.9437743875619663,0.00041392161597351073,0.9429631011946582,0.9445856739292744,0.9512518603262025,0.7230408252909288,0.7540936379316406,1.511762935069696,1.798104587161458,0.6904002173992865,3.314082516882081,98773,2.295032344519036,0.3806306911530618,0.0012894201568062972,2.2925050810116954,2.2975596080263765,2.1975049904308435,0.0013429702252370185,2.194872768789379,2.200137212072308,0.1978533415069137,0.2933373641181502,2.2389532777919676,0.0009826989844369837,2.2370271877824712,2.240879367801464,0.951363226792747,1.7158861241348942,1.7894252845892424,3.5833528173051192,4.260347571448836,1.6384181974731291,7.8354037882292005,98773,2.9968503197167107,2.5142954095828003,0.007691316720889368,2.9817753389437676,3.011925300489654,2.6673290531797855,0.006076404873649881,2.655419299627432,2.679238806732139,1.0580943976451573,1.56873075394871,2.8099327934180853,0.00475345269469932,2.8006160261364745,2.819249560699696,0.9766940358195053,0.09445549072575203,0.306657578942135,9.092286609197306,21.163417739424833,0.0016228589153146906,335.2092736782091,0.0010987524952154218,0.0011194766388959838
