output_run,original_run,angle_deg,selected,status
0,0,0.0,47958,written
1,2,1.0,48227,written
2,4,2.0,48158,written
3,6,3.0,47918,written
4,8,4.0,48124,written
5,10,5.0,47934,written
6,12,6.0,48116,written
7,14,7.0,48229,written
8,16,8.0,48329,written
9,18,9.0,48180,written
10,20,10.0,48186,written
11,22,11.0,48165,written
12,24,12.0,48368,written
13,26,13.0,48218,written
14,28,14.0,48358,written
15,30,15.0,48077,written
16,32,16.0,48056,written
17,34,17.0,48609,written
18,36,18.0,48373,written
19,38,19.0,48304,written
20,40,20.0,47870,written
21,42,21.0,48535,written
22,44,22.0,48404,written
23,46,23.0,48608,written
24,48,24.0,48005,written
25,50,25.0,47997,written
26,52,26.0,47674,written
27,54,27.0,48303,written
28,56,28.0,48134,written
29,58,29.0,48374,written
30,60,30.0,48151,written
31,62,31.0,48203,written
32,64,32.0,48672,written
33,66,33.0,48269,written
34,68,34.0,48128,written
35,70,35.0,48581,written
36,72,36.0,47856,written
37,74,37.0,48440,written
38,76,38.0,48392,written
39,78,39.0,48121,written
40,80,40.0,48122,written
41,82,41.0,48299,written
42,84,42.0,48136,written
43,86,43.0,48283,written
44,88,44.0,48282,written
45,90,45.0,48305,written
46,92,46.0,48112,written
47,94,47.0,47872,written
48,96,48.0,47564,written
49,98,49.0,48427,written
50,100,50.0,48139,written
51,102,51.0,48019,written
52,104,52.0,48166,written
53,106,53.0,48366,written
54,108,54.0,48158,written
55,110,55.0,48500,written
56,112,56.0,48242,written
57,114,57.0,48052,written
58,116,58.0,48284,written
59,118,59.0,47822,written
60,120,60.0,48061,written
61,122,61.0,48066,written
62,124,62.0,48348,written
63,126,63.0,48046,written
64,128,64.0,48336,written
65,130,65.0,47994,written
66,132,66.0,48297,written
67,134,67.0,48220,written
68,136,68.0,48216,written
69,138,69.0,48127,written
70,140,70.0,48299,written
71,142,71.0,48058,written
72,144,72.0,47845,written
73,146,73.0,47967,written
74,148,74.0,48069,written
75,150,75.0,48138,written
76,152,76.0,47969,written
77,154,77.0,47885,written
78,156,78.0,48331,written
79,158,79.0,48220,written
80,160,80.0,48075,written
81,162,81.0,47815,written
82,164,82.0,48166,written
83,166,83.0,48329,written
84,168,84.0,48361,written
85,170,85.0,48015,written
86,172,86.0,48029,written
87,174,87.0,48282,written
88,176,88.0,48167,written
89,178,89.0,47977,written
90,180,90.0,48251,written
91,182,91.0,48193,written
92,184,92.0,48104,written
93,186,93.0,47934,written
94,188,94.0,48343,written
95,190,95.0,48516,written
96,192,96.0,48393,written
97,194,97.0,48260,written
98,196,98.0,48086,written
99,198,99.0,47775,written
100,200,100.0,48135,written
101,202,101.0,48272,written
102,204,102.0,47915,written
103,206,103.0,48016,written
104,208,104.0,47948,written
105,210,105.0,48186,written
106,212,106.0,48042,written
107,214,107.0,48311,written
108,216,108.0,47979,written
109,218,109.0,47980,written
110,220,110.0,48127,written
111,222,111.0,47822,written
112,224,112.0,48091,written
113,226,113.0,48027,written
114,228,114.0,48561,written
115,230,115.0,47997,written
116,232,116.0,48557,written
117,234,117.0,48309,written
118,236,118.0,48251,written
119,238,119.0,47842,written
120,240,120.0,48229,written
121,242,121.0,48072,written
122,244,122.0,48122,written
123,246,123.0,48292,written
124,248,124.0,48612,written
125,250,125.0,48083,written
126,252,126.0,48232,written
127,254,127.0,48288,written
128,256,128.0,48240,written
129,258,129.0,48032,written
130,260,130.0,48156,written
131,262,131.0,47860,written
132,264,132.0,48346,written
133,266,133.0,48121,written
134,268,134.0,47990,written
135,270,135.0,48392,written
136,272,136.0,48755,written
137,274,137.0,48322,written
138,276,138.0,48274,written
139,278,139.0,48198,written
140,280,140.0,48180,written
141,282,141.0,48332,written
142,284,142.0,48431,written
143,286,143.0,47975,written
144,288,144.0,48106,written
145,290,145.0,48073,written
146,292,146.0,47874,written
147,294,147.0,48329,written
148,296,148.0,48235,written
149,298,149.0,47932,written
150,300,150.0,47628,written
151,302,151.0,48335,written
152,304,152.0,47925,written
153,306,153.0,48198,written
154,308,154.0,47962,written
155,310,155.0,47882,written
156,312,156.0,48428,written
157,314,157.0,48271,written
158,316,158.0,47990,written
159,318,159.0,48130,written
160,320,160.0,48264,written
161,322,161.0,48510,written
162,324,162.0,48267,written
163,326,163.0,47938,written
164,328,164.0,48224,written
165,330,165.0,48394,written
166,332,166.0,48428,written
167,334,167.0,48475,written
168,336,168.0,47834,written
169,338,169.0,48140,written
170,340,170.0,48315,written
171,342,171.0,48224,written
172,344,172.0,48059,written
173,346,173.0,48178,written
174,348,174.0,47955,written
175,350,175.0,48297,written
176,352,176.0,48120,written
177,354,177.0,48180,written
178,356,178.0,48223,written
179,358,179.0,48018,written
180,360,180.0,48554,written
181,362,181.0,48101,written
182,364,182.0,48317,written
183,366,183.0,48102,written
184,368,184.0,48161,written
185,370,185.0,48293,written
186,372,186.0,48444,written
187,374,187.0,48179,written
188,376,188.0,48315,written
189,378,189.0,48258,written
190,380,190.0,47916,written
191,382,191.0,48160,written
192,384,192.0,47810,written
193,386,193.0,48268,written
194,388,194.0,48060,written
195,390,195.0,47895,written
196,392,196.0,48329,written
197,394,197.0,48558,written
198,396,198.0,48095,written
199,398,199.0,48309,written
200,400,200.0,47809,written
201,402,201.0,48153,written
202,404,202.0,47642,written
203,406,203.0,47710,written
204,408,204.0,47621,written
205,410,205.0,48090,written
206,412,206.0,48212,written
207,414,207.0,48327,written
208,416,208.0,48337,written
209,418,209.0,48443,written
210,420,210.0,48098,written
211,422,211.0,48012,written
212,424,212.0,48230,written
213,426,213.0,48174,written
214,428,214.0,48437,written
215,430,215.0,48454,written
216,432,216.0,48145,written
217,434,217.0,48080,written
218,436,218.0,48386,written
219,438,219.0,48401,written
220,440,220.0,48282,written
221,442,221.0,47831,written
222,444,222.0,47954,written
223,446,223.0,47899,written
224,448,224.0,48242,written
225,450,225.0,48245,written
226,452,226.0,48287,written
227,454,227.0,48357,written
228,456,228.0,48136,written
229,458,229.0,48237,written
230,460,230.0,47827,written
231,462,231.0,48086,written
232,464,232.0,48278,written
233,466,233.0,48109,written
234,468,234.0,48495,written
235,470,235.0,48142,written
236,472,236.0,48188,written
237,474,237.0,47862,written
238,476,238.0,48237,written
239,478,239.0,48213,written
240,480,240.0,48117,written
241,482,241.0,48257,written
242,484,242.0,48259,written
243,486,243.0,48079,written
244,488,244.0,48521,written
245,490,245.0,48006,written
246,492,246.0,48035,written
247,494,247.0,48154,written
248,496,248.0,47918,written
249,498,249.0,48133,written
250,500,250.0,48140,written
251,502,251.0,48440,written
252,504,252.0,48687,written
253,506,253.0,48045,written
254,508,254.0,48195,written
255,510,255.0,48529,written
256,512,256.0,48186,written
257,514,257.0,48086,written
258,516,258.0,47887,written
259,518,259.0,48402,written
260,520,260.0,48031,written
261,522,261.0,48078,written
262,524,262.0,48357,written
263,526,263.0,48107,written
264,528,264.0,47865,written
265,530,265.0,48825,written
266,532,266.0,48228,written
267,534,267.0,48216,written
268,536,268.0,48176,written
269,538,269.0,47990,written
270,540,270.0,48102,written
271,542,271.0,47678,written
272,544,272.0,48114,written
273,546,273.0,48185,written
274,548,274.0,47873,written
275,550,275.0,48474,written
276,552,276.0,47972,written
277,554,277.0,47769,written
278,556,278.0,47939,written
279,558,279.0,47514,written
280,560,280.0,48596,written
281,562,281.0,48300,written
282,564,282.0,48200,written
283,566,283.0,48004,written
284,568,284.0,48480,written
285,570,285.0,48102,written
286,572,286.0,48378,written
287,574,287.0,48802,written
288,576,288.0,47772,written
289,578,289.0,48052,written
290,580,290.0,47646,written
291,582,291.0,48262,written
292,584,292.0,48380,written
293,586,293.0,47879,written
294,588,294.0,48255,written
295,590,295.0,48566,written
296,592,296.0,48126,written
297,594,297.0,47945,written
298,596,298.0,48275,written
299,598,299.0,47716,written
300,600,300.0,48614,written
301,602,301.0,48166,written
302,604,302.0,48257,written
303,606,303.0,48537,written
304,608,304.0,48116,written
305,610,305.0,48289,written
306,612,306.0,48433,written
307,614,307.0,48048,written
308,616,308.0,47943,written
309,618,309.0,48211,written
310,620,310.0,48134,written
311,622,311.0,48382,written
312,624,312.0,47939,written
313,626,313.0,48266,written
314,628,314.0,48650,written
315,630,315.0,47883,written
316,632,316.0,47822,written
317,634,317.0,48120,written
318,636,318.0,47879,written
319,638,319.0,48296,written
320,640,320.0,48317,written
321,642,321.0,48207,written
322,644,322.0,48702,written
323,646,323.0,47879,written
324,648,324.0,47993,written
325,650,325.0,48403,written
326,652,326.0,48078,written
327,654,327.0,48001,written
328,656,328.0,48431,written
329,658,329.0,48472,written
330,660,330.0,47833,written
331,662,331.0,48280,written
332,664,332.0,48359,written
333,666,333.0,48320,written
334,668,334.0,48049,written
335,670,335.0,48185,written
336,672,336.0,48044,written
337,674,337.0,47826,written
338,676,338.0,48358,written
339,678,339.0,48404,written
340,680,340.0,48368,written
341,682,341.0,47876,written
342,684,342.0,48461,written
343,686,343.0,48406,written
344,688,344.0,48014,written
345,690,345.0,48251,written
346,692,346.0,48385,written
347,694,347.0,48188,written
348,696,348.0,48187,written
349,698,349.0,47945,written
350,700,350.0,48263,written
351,702,351.0,48179,written
352,704,352.0,48081,written
353,706,353.0,48279,written
354,708,354.0,48692,written
355,710,355.0,47830,written
356,712,356.0,48521,written
357,714,357.0,48615,written
358,716,358.0,48537,written
359,718,359.0,48265,written
