dataset,candidate,run_id,reused,finite
s2,robust_mahalanobis,0,True,True
s2,robust_mahalanobis,1,True,True
s2,robust_mahalanobis,2,True,True
s2,robust_mahalanobis,3,True,True
s2,robust_mahalanobis,4,True,True
s2,robust_mahalanobis,5,True,True
s2,robust_mahalanobis,6,True,True
s2,robust_mahalanobis,7,True,True
s2,robust_mahalanobis,8,True,True
s2,robust_mahalanobis,9,True,True
s2,robust_mahalanobis,10,True,True
s2,robust_mahalanobis,11,True,True
s2,robust_mahalanobis,12,True,True
s2,robust_mahalanobis,13,True,True
s2,robust_mahalanobis,14,True,True
s2,robust_mahalanobis,15,True,True
s2,robust_mahalanobis,16,True,True
s2,robust_mahalanobis,17,True,True
s2,robust_mahalanobis,18,True,True
s2,robust_mahalanobis,19,True,True
s2,robust_mahalanobis,20,True,True
s2,robust_mahalanobis,21,True,True
s2,robust_mahalanobis,22,True,True
s2,robust_mahalanobis,23,True,True
s2,robust_mahalanobis,24,True,True
s2,robust_mahalanobis,25,True,True
s2,robust_mahalanobis,26,True,True
s2,robust_mahalanobis,27,True,True
s2,robust_mahalanobis,28,True,True
s2,robust_mahalanobis,29,True,True
s2,robust_mahalanobis,30,True,True
s2,robust_mahalanobis,31,True,True
s2,robust_mahalanobis,32,True,True
s2,robust_mahalanobis,33,True,True
s2,robust_mahalanobis,34,True,True
s2,robust_mahalanobis,35,True,True
s2,robust_mahalanobis,36,True,True
s2,robust_mahalanobis,37,True,True
s2,robust_mahalanobis,38,True,True
s2,robust_mahalanobis,39,True,True
s2,robust_mahalanobis,40,True,True
s2,robust_mahalanobis,41,True,True
s2,robust_mahalanobis,42,True,True
s2,robust_mahalanobis,43,True,True
s2,robust_mahalanobis,44,True,True
s2,robust_mahalanobis,45,True,True
s2,robust_mahalanobis,46,True,True
s2,robust_mahalanobis,47,True,True
s2,robust_mahalanobis,48,True,True
s2,robust_mahalanobis,49,True,True
s2,robust_mahalanobis,50,True,True
s2,robust_mahalanobis,51,True,True
s2,robust_mahalanobis,52,True,True
s2,robust_mahalanobis,53,True,True
s2,robust_mahalanobis,54,True,True
s2,robust_mahalanobis,55,True,True
s2,robust_mahalanobis,56,True,True
s2,robust_mahalanobis,57,True,True
s2,robust_mahalanobis,58,True,True
s2,robust_mahalanobis,59,True,True
s2,robust_mahalanobis,60,True,True
s2,robust_mahalanobis,61,True,True
s2,robust_mahalanobis,62,True,True
s2,robust_mahalanobis,63,True,True
s2,robust_mahalanobis,64,True,True
s2,robust_mahalanobis,65,True,True
s2,robust_mahalanobis,66,True,True
s2,robust_mahalanobis,67,True,True
s2,robust_mahalanobis,68,True,True
s2,robust_mahalanobis,69,True,True
s2,robust_mahalanobis,70,True,True
s2,robust_mahalanobis,71,True,True
s2,robust_mahalanobis,72,True,True
s2,robust_mahalanobis,73,True,True
s2,robust_mahalanobis,74,True,True
s2,robust_mahalanobis,75,True,True
s2,robust_mahalanobis,76,True,True
s2,robust_mahalanobis,77,True,True
s2,robust_mahalanobis,78,True,True
s2,robust_mahalanobis,79,True,True
s2,robust_mahalanobis,80,True,True
s2,robust_mahalanobis,81,True,True
s2,robust_mahalanobis,82,True,True
s2,robust_mahalanobis,83,True,True
s2,robust_mahalanobis,84,True,True
s2,robust_mahalanobis,85,True,True
s2,robust_mahalanobis,86,True,True
s2,robust_mahalanobis,87,True,True
s2,robust_mahalanobis,88,True,True
s2,robust_mahalanobis,89,True,True
s2,robust_mahalanobis,90,True,True
s2,robust_mahalanobis,91,True,True
s2,robust_mahalanobis,92,True,True
s2,robust_mahalanobis,93,True,True
s2,robust_mahalanobis,94,True,True
s2,robust_mahalanobis,95,True,True
s2,robust_mahalanobis,96,True,True
s2,robust_mahalanobis,97,True,True
s2,robust_mahalanobis,98,True,True
s2,robust_mahalanobis,99,True,True
s2,robust_mahalanobis,100,True,True
s2,robust_mahalanobis,101,True,True
s2,robust_mahalanobis,102,True,True
s2,robust_mahalanobis,103,True,True
s2,robust_mahalanobis,104,True,True
s2,robust_mahalanobis,105,True,True
s2,robust_mahalanobis,106,True,True
s2,robust_mahalanobis,107,True,True
s2,robust_mahalanobis,108,True,True
s2,robust_mahalanobis,109,True,True
s2,robust_mahalanobis,110,True,True
s2,robust_mahalanobis,111,True,True
s2,robust_mahalanobis,112,True,True
s2,robust_mahalanobis,113,True,True
s2,robust_mahalanobis,114,True,True
s2,robust_mahalanobis,115,True,True
s2,robust_mahalanobis,116,True,True
s2,robust_mahalanobis,117,True,True
s2,robust_mahalanobis,118,True,True
s2,robust_mahalanobis,119,True,True
s2,robust_mahalanobis,120,True,True
s2,robust_mahalanobis,121,True,True
s2,robust_mahalanobis,122,True,True
s2,robust_mahalanobis,123,True,True
s2,robust_mahalanobis,124,True,True
s2,robust_mahalanobis,125,True,True
s2,robust_mahalanobis,126,True,True
s2,robust_mahalanobis,127,True,True
s2,robust_mahalanobis,128,True,True
s2,robust_mahalanobis,129,True,True
s2,robust_mahalanobis,130,True,True
s2,robust_mahalanobis,131,True,True
s2,robust_mahalanobis,132,True,True
s2,robust_mahalanobis,133,True,True
s2,robust_mahalanobis,134,True,True
s2,robust_mahalanobis,135,True,True
s2,robust_mahalanobis,136,True,True
s2,robust_mahalanobis,137,True,True
s2,robust_mahalanobis,138,True,True
s2,robust_mahalanobis,139,True,True
s2,robust_mahalanobis,140,True,True
s2,robust_mahalanobis,141,True,True
s2,robust_mahalanobis,142,True,True
s2,robust_mahalanobis,143,True,True
s2,robust_mahalanobis,144,True,True
s2,robust_mahalanobis,145,True,True
s2,robust_mahalanobis,146,True,True
s2,robust_mahalanobis,147,True,True
s2,robust_mahalanobis,148,True,True
s2,robust_mahalanobis,149,True,True
s2,robust_mahalanobis,150,True,True
s2,robust_mahalanobis,151,True,True
s2,robust_mahalanobis,152,True,True
s2,robust_mahalanobis,153,True,True
s2,robust_mahalanobis,154,True,True
s2,robust_mahalanobis,155,True,True
s2,robust_mahalanobis,156,True,True
s2,robust_mahalanobis,157,True,True
s2,robust_mahalanobis,158,True,True
s2,robust_mahalanobis,159,True,True
s2,robust_mahalanobis,160,True,True
s2,robust_mahalanobis,161,True,True
s2,robust_mahalanobis,162,True,True
s2,robust_mahalanobis,163,True,True
s2,robust_mahalanobis,164,True,True
s2,robust_mahalanobis,165,True,True
s2,robust_mahalanobis,166,True,True
s2,robust_mahalanobis,167,True,True
s2,robust_mahalanobis,168,True,True
s2,robust_mahalanobis,169,True,True
s2,robust_mahalanobis,170,True,True
s2,robust_mahalanobis,171,True,True
s2,robust_mahalanobis,172,True,True
s2,robust_mahalanobis,173,True,True
s2,robust_mahalanobis,174,True,True
s2,robust_mahalanobis,175,True,True
s2,robust_mahalanobis,176,True,True
s2,robust_mahalanobis,177,True,True
s2,robust_mahalanobis,178,True,True
s2,robust_mahalanobis,179,True,True
s2,robust_mahalanobis,180,True,True
s2,robust_mahalanobis,181,True,True
s2,robust_mahalanobis,182,True,True
s2,robust_mahalanobis,183,True,True
s2,robust_mahalanobis,184,True,True
s2,robust_mahalanobis,185,True,True
s2,robust_mahalanobis,186,True,True
s2,robust_mahalanobis,187,True,True
s2,robust_mahalanobis,188,True,True
s2,robust_mahalanobis,189,True,True
s2,robust_mahalanobis,190,True,True
s2,robust_mahalanobis,191,True,True
s2,robust_mahalanobis,192,True,True
s2,robust_mahalanobis,193,True,True
s2,robust_mahalanobis,194,True,True
s2,robust_mahalanobis,195,True,True
s2,robust_mahalanobis,196,True,True
s2,robust_mahalanobis,197,True,True
s2,robust_mahalanobis,198,True,True
s2,robust_mahalanobis,199,True,True
s2,robust_mahalanobis,200,True,True
s2,robust_mahalanobis,201,True,True
s2,robust_mahalanobis,202,True,True
s2,robust_mahalanobis,203,True,True
s2,robust_mahalanobis,204,True,True
s2,robust_mahalanobis,205,True,True
s2,robust_mahalanobis,206,True,True
s2,robust_mahalanobis,207,True,True
s2,robust_mahalanobis,208,True,True
s2,robust_mahalanobis,209,True,True
s2,robust_mahalanobis,210,True,True
s2,robust_mahalanobis,211,True,True
s2,robust_mahalanobis,212,True,True
s2,robust_mahalanobis,213,True,True
s2,robust_mahalanobis,214,True,True
s2,robust_mahalanobis,215,True,True
s2,robust_mahalanobis,216,True,True
s2,robust_mahalanobis,217,True,True
s2,robust_mahalanobis,218,True,True
s2,robust_mahalanobis,219,True,True
s2,robust_mahalanobis,220,True,True
s2,robust_mahalanobis,221,True,True
s2,robust_mahalanobis,222,True,True
s2,robust_mahalanobis,223,True,True
s2,robust_mahalanobis,224,True,True
s2,robust_mahalanobis,225,True,True
s2,robust_mahalanobis,226,True,True
s2,robust_mahalanobis,227,True,True
s2,robust_mahalanobis,228,True,True
s2,robust_mahalanobis,229,True,True
s2,robust_mahalanobis,230,True,True
s2,robust_mahalanobis,231,True,True
s2,robust_mahalanobis,232,True,True
s2,robust_mahalanobis,233,True,True
s2,robust_mahalanobis,234,True,True
s2,robust_mahalanobis,235,True,True
s2,robust_mahalanobis,236,True,True
s2,robust_mahalanobis,237,True,True
s2,robust_mahalanobis,238,True,True
s2,robust_mahalanobis,239,True,True
s2,robust_mahalanobis,240,True,True
s2,robust_mahalanobis,241,True,True
s2,robust_mahalanobis,242,True,True
s2,robust_mahalanobis,243,True,True
s2,robust_mahalanobis,244,True,True
s2,robust_mahalanobis,245,True,True
s2,robust_mahalanobis,246,True,True
s2,robust_mahalanobis,247,True,True
s2,robust_mahalanobis,248,True,True
s2,robust_mahalanobis,249,True,True
s2,robust_mahalanobis,250,True,True
s2,robust_mahalanobis,251,True,True
s2,robust_mahalanobis,252,True,True
s2,robust_mahalanobis,253,True,True
s2,robust_mahalanobis,254,True,True
s2,robust_mahalanobis,255,True,True
s2,robust_mahalanobis,256,True,True
s2,robust_mahalanobis,257,True,True
s2,robust_mahalanobis,258,True,True
s2,robust_mahalanobis,259,True,True
s2,robust_mahalanobis,260,True,True
s2,robust_mahalanobis,261,True,True
s2,robust_mahalanobis,262,True,True
s2,robust_mahalanobis,263,True,True
s2,robust_mahalanobis,264,True,True
s2,robust_mahalanobis,265,True,True
s2,robust_mahalanobis,266,True,True
s2,robust_mahalanobis,267,True,True
s2,robust_mahalanobis,268,True,True
s2,robust_mahalanobis,269,True,True
s2,robust_mahalanobis,270,True,True
s2,robust_mahalanobis,271,True,True
s2,robust_mahalanobis,272,True,True
s2,robust_mahalanobis,273,True,True
s2,robust_mahalanobis,274,True,True
s2,robust_mahalanobis,275,True,True
s2,robust_mahalanobis,276,True,True
s2,robust_mahalanobis,277,True,True
s2,robust_mahalanobis,278,True,True
s2,robust_mahalanobis,279,True,True
s2,robust_mahalanobis,280,True,True
s2,robust_mahalanobis,281,True,True
s2,robust_mahalanobis,282,True,True
s2,robust_mahalanobis,283,True,True
s2,robust_mahalanobis,284,True,True
s2,robust_mahalanobis,285,True,True
s2,robust_mahalanobis,286,True,True
s2,robust_mahalanobis,287,True,True
s2,robust_mahalanobis,288,True,True
s2,robust_mahalanobis,289,True,True
s2,robust_mahalanobis,290,True,True
s2,robust_mahalanobis,291,True,True
s2,robust_mahalanobis,292,True,True
s2,robust_mahalanobis,293,True,True
s2,robust_mahalanobis,294,True,True
s2,robust_mahalanobis,295,True,True
s2,robust_mahalanobis,296,True,True
s2,robust_mahalanobis,297,True,True
s2,robust_mahalanobis,298,True,True
s2,robust_mahalanobis,299,True,True
s2,robust_mahalanobis,300,True,True
s2,robust_mahalanobis,301,True,True
s2,robust_mahalanobis,302,True,True
s2,robust_mahalanobis,303,True,True
s2,robust_mahalanobis,304,True,True
s2,robust_mahalanobis,305,True,True
s2,robust_mahalanobis,306,True,True
s2,robust_mahalanobis,307,True,True
s2,robust_mahalanobis,308,True,True
s2,robust_mahalanobis,309,True,True
s2,robust_mahalanobis,310,True,True
s2,robust_mahalanobis,311,True,True
s2,robust_mahalanobis,312,True,True
s2,robust_mahalanobis,313,True,True
s2,robust_mahalanobis,314,True,True
s2,robust_mahalanobis,315,True,True
s2,robust_mahalanobis,316,True,True
s2,robust_mahalanobis,317,True,True
s2,robust_mahalanobis,318,True,True
s2,robust_mahalanobis,319,True,True
s2,robust_mahalanobis,320,True,True
s2,robust_mahalanobis,321,True,True
s2,robust_mahalanobis,322,True,True
s2,robust_mahalanobis,323,True,True
s2,robust_mahalanobis,324,True,True
s2,robust_mahalanobis,325,True,True
s2,robust_mahalanobis,326,True,True
s2,robust_mahalanobis,327,True,True
s2,robust_mahalanobis,328,True,True
s2,robust_mahalanobis,329,True,True
s2,robust_mahalanobis,330,True,True
s2,robust_mahalanobis,331,True,True
s2,robust_mahalanobis,332,True,True
s2,robust_mahalanobis,333,True,True
s2,robust_mahalanobis,334,True,True
s2,robust_mahalanobis,335,True,True
s2,robust_mahalanobis,336,True,True
s2,robust_mahalanobis,337,True,True
s2,robust_mahalanobis,338,True,True
s2,robust_mahalanobis,339,True,True
s2,robust_mahalanobis,340,True,True
s2,robust_mahalanobis,341,True,True
s2,robust_mahalanobis,342,True,True
s2,robust_mahalanobis,343,True,True
s2,robust_mahalanobis,344,True,True
s2,robust_mahalanobis,345,True,True
s2,robust_mahalanobis,346,True,True
s2,robust_mahalanobis,347,True,True
s2,robust_mahalanobis,348,True,True
s2,robust_mahalanobis,349,True,True
s2,robust_mahalanobis,350,True,True
s2,robust_mahalanobis,351,True,True
s2,robust_mahalanobis,352,True,True
s2,robust_mahalanobis,353,True,True
s2,robust_mahalanobis,354,True,True
s2,robust_mahalanobis,355,True,True
s2,robust_mahalanobis,356,True,True
s2,robust_mahalanobis,357,True,True
s2,robust_mahalanobis,358,True,True
s2,robust_mahalanobis,359,True,True
s2,robust_mahalanobis,360,True,True
s2,robust_mahalanobis,361,True,True
s2,robust_mahalanobis,362,True,True
s2,robust_mahalanobis,363,True,True
s2,robust_mahalanobis,364,True,True
s2,robust_mahalanobis,365,True,True
s2,robust_mahalanobis,366,True,True
s2,robust_mahalanobis,367,True,True
s2,robust_mahalanobis,368,True,True
s2,robust_mahalanobis,369,True,True
s2,robust_mahalanobis,370,True,True
s2,robust_mahalanobis,371,True,True
s2,robust_mahalanobis,372,True,True
s2,robust_mahalanobis,373,True,True
s2,robust_mahalanobis,374,True,True
s2,robust_mahalanobis,375,True,True
s2,robust_mahalanobis,376,True,True
s2,robust_mahalanobis,377,True,True
s2,robust_mahalanobis,378,True,True
s2,robust_mahalanobis,379,True,True
s2,robust_mahalanobis,380,True,True
s2,robust_mahalanobis,381,True,True
s2,robust_mahalanobis,382,True,True
s2,robust_mahalanobis,383,True,True
s2,robust_mahalanobis,384,True,True
s2,robust_mahalanobis,385,True,True
s2,robust_mahalanobis,386,True,True
s2,robust_mahalanobis,387,True,True
s2,robust_mahalanobis,388,True,True
s2,robust_mahalanobis,389,True,True
s2,robust_mahalanobis,390,True,True
s2,robust_mahalanobis,391,True,True
s2,robust_mahalanobis,392,True,True
s2,robust_mahalanobis,393,True,True
s2,robust_mahalanobis,394,True,True
s2,robust_mahalanobis,395,True,True
s2,robust_mahalanobis,396,True,True
s2,robust_mahalanobis,397,True,True
s2,robust_mahalanobis,398,True,True
s2,robust_mahalanobis,399,True,True
s2,robust_mahalanobis,400,True,True
s2,robust_mahalanobis,401,True,True
s2,robust_mahalanobis,402,True,True
s2,robust_mahalanobis,403,True,True
s2,robust_mahalanobis,404,True,True
s2,robust_mahalanobis,405,True,True
s2,robust_mahalanobis,406,True,True
s2,robust_mahalanobis,407,True,True
s2,robust_mahalanobis,408,True,True
s2,robust_mahalanobis,409,True,True
s2,robust_mahalanobis,410,True,True
s2,robust_mahalanobis,411,True,True
s2,robust_mahalanobis,412,True,True
s2,robust_mahalanobis,413,True,True
s2,robust_mahalanobis,414,True,True
s2,robust_mahalanobis,415,True,True
s2,robust_mahalanobis,416,True,True
s2,robust_mahalanobis,417,True,True
s2,robust_mahalanobis,418,True,True
s2,robust_mahalanobis,419,True,True
s2,robust_mahalanobis,420,True,True
s2,robust_mahalanobis,421,True,True
s2,robust_mahalanobis,422,True,True
s2,robust_mahalanobis,423,True,True
s2,robust_mahalanobis,424,True,True
s2,robust_mahalanobis,425,True,True
s2,robust_mahalanobis,426,True,True
s2,robust_mahalanobis,427,True,True
s2,robust_mahalanobis,428,True,True
s2,robust_mahalanobis,429,True,True
s2,robust_mahalanobis,430,True,True
s2,robust_mahalanobis,431,True,True
s2,robust_mahalanobis,432,True,True
s2,robust_mahalanobis,433,True,True
s2,robust_mahalanobis,434,True,True
s2,robust_mahalanobis,435,True,True
s2,robust_mahalanobis,436,True,True
s2,robust_mahalanobis,437,True,True
s2,robust_mahalanobis,438,True,True
s2,robust_mahalanobis,439,True,True
s2,robust_mahalanobis,440,True,True
s2,robust_mahalanobis,441,True,True
s2,robust_mahalanobis,442,True,True
s2,robust_mahalanobis,443,True,True
s2,robust_mahalanobis,444,True,True
s2,robust_mahalanobis,445,True,True
s2,robust_mahalanobis,446,True,True
s2,robust_mahalanobis,447,True,True
s2,robust_mahalanobis,448,True,True
s2,robust_mahalanobis,449,True,True
s2,robust_mahalanobis,450,True,True
s2,robust_mahalanobis,451,True,True
s2,robust_mahalanobis,452,True,True
s2,robust_mahalanobis,453,True,True
s2,robust_mahalanobis,454,True,True
s2,robust_mahalanobis,455,True,True
s2,robust_mahalanobis,456,True,True
s2,robust_mahalanobis,457,True,True
s2,robust_mahalanobis,458,True,True
s2,robust_mahalanobis,459,True,True
s2,robust_mahalanobis,460,True,True
s2,robust_mahalanobis,461,True,True
s2,robust_mahalanobis,462,True,True
s2,robust_mahalanobis,463,True,True
s2,robust_mahalanobis,464,True,True
s2,robust_mahalanobis,465,True,True
s2,robust_mahalanobis,466,True,True
s2,robust_mahalanobis,467,True,True
s2,robust_mahalanobis,468,True,True
s2,robust_mahalanobis,469,True,True
s2,robust_mahalanobis,470,True,True
s2,robust_mahalanobis,471,True,True
s2,robust_mahalanobis,472,True,True
s2,robust_mahalanobis,473,True,True
s2,robust_mahalanobis,474,True,True
s2,robust_mahalanobis,475,True,True
s2,robust_mahalanobis,476,True,True
s2,robust_mahalanobis,477,True,True
s2,robust_mahalanobis,478,True,True
s2,robust_mahalanobis,479,True,True
s2,robust_mahalanobis,480,True,True
s2,robust_mahalanobis,481,True,True
s2,robust_mahalanobis,482,True,True
s2,robust_mahalanobis,483,True,True
s2,robust_mahalanobis,484,True,True
s2,robust_mahalanobis,485,True,True
s2,robust_mahalanobis,486,True,True
s2,robust_mahalanobis,487,True,True
s2,robust_mahalanobis,488,True,True
s2,robust_mahalanobis,489,True,True
s2,robust_mahalanobis,490,True,True
s2,robust_mahalanobis,491,True,True
s2,robust_mahalanobis,492,True,True
s2,robust_mahalanobis,493,True,True
s2,robust_mahalanobis,494,True,True
s2,robust_mahalanobis,495,True,True
s2,robust_mahalanobis,496,True,True
s2,robust_mahalanobis,497,True,True
s2,robust_mahalanobis,498,True,True
s2,robust_mahalanobis,499,True,True
s2,robust_mahalanobis,500,True,True
s2,robust_mahalanobis,501,True,True
s2,robust_mahalanobis,502,True,True
s2,robust_mahalanobis,503,True,True
s2,robust_mahalanobis,504,True,True
s2,robust_mahalanobis,505,True,True
s2,robust_mahalanobis,506,True,True
s2,robust_mahalanobis,507,True,True
s2,robust_mahalanobis,508,True,True
s2,robust_mahalanobis,509,True,True
s2,robust_mahalanobis,510,True,True
s2,robust_mahalanobis,511,True,True
s2,robust_mahalanobis,512,True,True
s2,robust_mahalanobis,513,True,True
s2,robust_mahalanobis,514,True,True
s2,robust_mahalanobis,515,True,True
s2,robust_mahalanobis,516,True,True
s2,robust_mahalanobis,517,True,True
s2,robust_mahalanobis,518,True,True
s2,robust_mahalanobis,519,True,True
s2,robust_mahalanobis,520,True,True
s2,robust_mahalanobis,521,True,True
s2,robust_mahalanobis,522,True,True
s2,robust_mahalanobis,523,True,True
s2,robust_mahalanobis,524,True,True
s2,robust_mahalanobis,525,True,True
s2,robust_mahalanobis,526,True,True
s2,robust_mahalanobis,527,True,True
s2,robust_mahalanobis,528,True,True
s2,robust_mahalanobis,529,True,True
s2,robust_mahalanobis,530,True,True
s2,robust_mahalanobis,531,True,True
s2,robust_mahalanobis,532,True,True
s2,robust_mahalanobis,533,True,True
s2,robust_mahalanobis,534,True,True
s2,robust_mahalanobis,535,True,True
s2,robust_mahalanobis,536,True,True
s2,robust_mahalanobis,537,True,True
s2,robust_mahalanobis,538,True,True
s2,robust_mahalanobis,539,True,True
s2,robust_mahalanobis,540,True,True
s2,robust_mahalanobis,541,True,True
s2,robust_mahalanobis,542,True,True
s2,robust_mahalanobis,543,True,True
s2,robust_mahalanobis,544,True,True
s2,robust_mahalanobis,545,True,True
s2,robust_mahalanobis,546,True,True
s2,robust_mahalanobis,547,True,True
s2,robust_mahalanobis,548,True,True
s2,robust_mahalanobis,549,True,True
s2,robust_mahalanobis,550,True,True
s2,robust_mahalanobis,551,True,True
s2,robust_mahalanobis,552,True,True
s2,robust_mahalanobis,553,True,True
s2,robust_mahalanobis,554,True,True
s2,robust_mahalanobis,555,True,True
s2,robust_mahalanobis,556,True,True
s2,robust_mahalanobis,557,True,True
s2,robust_mahalanobis,558,True,True
s2,robust_mahalanobis,559,True,True
s2,robust_mahalanobis,560,True,True
s2,robust_mahalanobis,561,True,True
s2,robust_mahalanobis,562,True,True
s2,robust_mahalanobis,563,True,True
s2,robust_mahalanobis,564,True,True
s2,robust_mahalanobis,565,True,True
s2,robust_mahalanobis,566,True,True
s2,robust_mahalanobis,567,True,True
s2,robust_mahalanobis,568,True,True
s2,robust_mahalanobis,569,True,True
s2,robust_mahalanobis,570,True,True
s2,robust_mahalanobis,571,True,True
s2,robust_mahalanobis,572,True,True
s2,robust_mahalanobis,573,True,True
s2,robust_mahalanobis,574,True,True
s2,robust_mahalanobis,575,True,True
s2,robust_mahalanobis,576,True,True
s2,robust_mahalanobis,577,True,True
s2,robust_mahalanobis,578,True,True
s2,robust_mahalanobis,579,True,True
s2,robust_mahalanobis,580,True,True
s2,robust_mahalanobis,581,True,True
s2,robust_mahalanobis,582,True,True
s2,robust_mahalanobis,583,True,True
s2,robust_mahalanobis,584,True,True
s2,robust_mahalanobis,585,True,True
s2,robust_mahalanobis,586,True,True
s2,robust_mahalanobis,587,True,True
s2,robust_mahalanobis,588,True,True
s2,robust_mahalanobis,589,True,True
s2,robust_mahalanobis,590,True,True
s2,robust_mahalanobis,591,True,True
s2,robust_mahalanobis,592,True,True
s2,robust_mahalanobis,593,True,True
s2,robust_mahalanobis,594,True,True
s2,robust_mahalanobis,595,True,True
s2,robust_mahalanobis,596,True,True
s2,robust_mahalanobis,597,True,True
s2,robust_mahalanobis,598,True,True
s2,robust_mahalanobis,599,True,True
s2,robust_mahalanobis,600,True,True
s2,robust_mahalanobis,601,True,True
s2,robust_mahalanobis,602,True,True
s2,robust_mahalanobis,603,True,True
s2,robust_mahalanobis,604,True,True
s2,robust_mahalanobis,605,True,True
s2,robust_mahalanobis,606,True,True
s2,robust_mahalanobis,607,True,True
s2,robust_mahalanobis,608,True,True
s2,robust_mahalanobis,609,True,True
s2,robust_mahalanobis,610,True,True
s2,robust_mahalanobis,611,True,True
s2,robust_mahalanobis,612,True,True
s2,robust_mahalanobis,613,True,True
s2,robust_mahalanobis,614,True,True
s2,robust_mahalanobis,615,True,True
s2,robust_mahalanobis,616,True,True
s2,robust_mahalanobis,617,True,True
s2,robust_mahalanobis,618,True,True
s2,robust_mahalanobis,619,True,True
s2,robust_mahalanobis,620,True,True
s2,robust_mahalanobis,621,True,True
s2,robust_mahalanobis,622,True,True
s2,robust_mahalanobis,623,True,True
s2,robust_mahalanobis,624,True,True
s2,robust_mahalanobis,625,True,True
s2,robust_mahalanobis,626,True,True
s2,robust_mahalanobis,627,True,True
s2,robust_mahalanobis,628,True,True
s2,robust_mahalanobis,629,True,True
s2,robust_mahalanobis,630,True,True
s2,robust_mahalanobis,631,True,True
s2,robust_mahalanobis,632,True,True
s2,robust_mahalanobis,633,True,True
s2,robust_mahalanobis,634,True,True
s2,robust_mahalanobis,635,True,True
s2,robust_mahalanobis,636,True,True
s2,robust_mahalanobis,637,True,True
s2,robust_mahalanobis,638,True,True
s2,robust_mahalanobis,639,True,True
s2,robust_mahalanobis,640,True,True
s2,robust_mahalanobis,641,True,True
s2,robust_mahalanobis,642,True,True
s2,robust_mahalanobis,643,True,True
s2,robust_mahalanobis,644,True,True
s2,robust_mahalanobis,645,True,True
s2,robust_mahalanobis,646,True,True
s2,robust_mahalanobis,647,True,True
s2,robust_mahalanobis,648,True,True
s2,robust_mahalanobis,649,True,True
s2,robust_mahalanobis,650,True,True
s2,robust_mahalanobis,651,True,True
s2,robust_mahalanobis,652,True,True
s2,robust_mahalanobis,653,True,True
s2,robust_mahalanobis,654,True,True
s2,robust_mahalanobis,655,True,True
s2,robust_mahalanobis,656,True,True
s2,robust_mahalanobis,657,True,True
s2,robust_mahalanobis,658,True,True
s2,robust_mahalanobis,659,True,True
s2,robust_mahalanobis,660,True,True
s2,robust_mahalanobis,661,True,True
s2,robust_mahalanobis,662,True,True
s2,robust_mahalanobis,663,True,True
s2,robust_mahalanobis,664,True,True
s2,robust_mahalanobis,665,True,True
s2,robust_mahalanobis,666,True,True
s2,robust_mahalanobis,667,True,True
s2,robust_mahalanobis,668,True,True
s2,robust_mahalanobis,669,True,True
s2,robust_mahalanobis,670,True,True
s2,robust_mahalanobis,671,True,True
s2,robust_mahalanobis,672,True,True
s2,robust_mahalanobis,673,True,True
s2,robust_mahalanobis,674,True,True
s2,robust_mahalanobis,675,True,True
s2,robust_mahalanobis,676,True,True
s2,robust_mahalanobis,677,True,True
s2,robust_mahalanobis,678,True,True
s2,robust_mahalanobis,679,True,True
s2,robust_mahalanobis,680,True,True
s2,robust_mahalanobis,681,True,True
s2,robust_mahalanobis,682,True,True
s2,robust_mahalanobis,683,True,True
s2,robust_mahalanobis,684,True,True
s2,robust_mahalanobis,685,True,True
s2,robust_mahalanobis,686,True,True
s2,robust_mahalanobis,687,True,True
s2,robust_mahalanobis,688,True,True
s2,robust_mahalanobis,689,True,True
s2,robust_mahalanobis,690,True,True
s2,robust_mahalanobis,691,True,True
s2,robust_mahalanobis,692,True,True
s2,robust_mahalanobis,693,True,True
s2,robust_mahalanobis,694,True,True
s2,robust_mahalanobis,695,True,True
s2,robust_mahalanobis,696,True,True
s2,robust_mahalanobis,697,True,True
s2,robust_mahalanobis,698,True,True
s2,robust_mahalanobis,699,True,True
s2,robust_mahalanobis,700,True,True
s2,robust_mahalanobis,701,True,True
s2,robust_mahalanobis,702,True,True
s2,robust_mahalanobis,703,True,True
s2,robust_mahalanobis,704,True,True
s2,robust_mahalanobis,705,True,True
s2,robust_mahalanobis,706,True,True
s2,robust_mahalanobis,707,True,True
s2,robust_mahalanobis,708,True,True
s2,robust_mahalanobis,709,True,True
s2,robust_mahalanobis,710,True,True
s2,robust_mahalanobis,711,True,True
s2,robust_mahalanobis,712,True,True
s2,robust_mahalanobis,713,True,True
s2,robust_mahalanobis,714,True,True
s2,robust_mahalanobis,715,True,True
s2,robust_mahalanobis,716,True,True
s2,robust_mahalanobis,717,True,True
s2,robust_mahalanobis,718,True,True
s2,robust_mahalanobis,719,True,True
